{
"type": "FeatureCollection",
"name": "B_OS",
"crs": { "type": "name", "properties": { "name": "urn:ogc:def:crs:EPSG::32636" } },
"features": [
{ "type": "Feature", "properties": { "Code": 20, "type": "foret_claire" }, "geometry": { "type": "Polygon", "coordinates": [ [ [ 759549.142482280498371, 3789002.13703239755705 ], [ 759549.398230802733451, 3788992.892741819377989 ], [ 759557.078363951761276, 3788993.105219963937998 ], [ 759557.334119508741423, 3788983.860929236281663 ], [ 759572.694401585147716, 3788984.285903938580304 ], [ 759572.950171761214733, 3788975.041612816508859 ], [ 759588.310469819931313, 3788975.466612232849002 ], [ 759587.798898580018431, 3788993.955195549409837 ], [ 759580.11876461817883, 3788993.742692200932652 ], [ 759579.86298575787805, 3789002.9869837583974 ], [ 759549.142482280498371, 3789002.13703239755705 ] ] ] } },
{ "type": "Feature", "properties": { "Code": 10, "type": "foret" }, "geometry": { "type": "Polygon", "coordinates": [ [ [ 759579.86298575787805, 3789002.9869837583974 ], [ 759580.11876461817883, 3788993.742692200932652 ], [ 759587.798898580018431, 3788993.955195549409837 ], [ 759588.310469819931313, 3788975.466612232849002 ], [ 759611.350918432814069, 3788976.104158616159111 ], [ 759611.606725981459022, 3788966.859866365790367 ], [ 759634.64719917869661, 3788967.497468725778162 ], [ 759634.391368876677006, 3788976.741761710029095 ], [ 759657.431821150938049, 3788977.379421514924616 ], [ 759657.175967545481399, 3788986.623715329449624 ], [ 759664.856111126136966, 3788986.836281445343047 ], [ 759664.600249386159703, 3788996.080575599335134 ], [ 759672.280385585152544, 3788996.293148260563612 ], [ 759672.024515710654669, 3789005.5374427549541 ], [ 759579.86298575787805, 3789002.9869837583974 ] ] ] } },
{ "type": "Feature", "properties": { "Code": 30, "type": "prairie" }, "geometry": { "type": "Polygon", "coordinates": [ [ [ 759679.704644529148936, 3789005.750021962448955 ], [ 759680.216398896998726, 3788987.261432579252869 ], [ 759695.576687481603585, 3788987.686608918942511 ], [ 759695.320795403677039, 3788996.930904052220285 ], [ 759718.361207052366808, 3788997.568716554902494 ], [ 759718.617121883900836, 3788988.324420686811209 ], [ 759733.977412502863444, 3788988.749660037457943 ], [ 759733.721482502296567, 3788997.993956395424902 ], [ 759741.401620532851666, 3788998.206585767678916 ], [ 759741.145682397531345, 3789007.450882466044277 ], [ 759679.704644529148936, 3789005.750021962448955 ] ] ] } },
{ "type": "Feature", "properties": { "Code": 20, "type": "foret_claire" }, "geometry": { "type": "Polygon", "coordinates": [ [ [ 760486.119303614250384, 3789028.105905233882368 ], [ 760486.37597745785024, 3789018.861584745813161 ], [ 760494.056135456776246, 3789019.074831643607467 ], [ 760494.569496658165008, 3789000.586190461181104 ], [ 760502.249670029850677, 3789000.799443169496953 ], [ 760501.992982120369561, 3789010.043763958849013 ], [ 760509.673148112022318, 3789010.257023213431239 ], [ 760509.159755468252115, 3789028.745665568392724 ], [ 760486.119303614250384, 3789028.105905233882368 ] ] ] } },
{ "type": "Feature", "properties": { "Code": 20, "type": "foret_claire" }, "geometry": { "type": "Polygon", "coordinates": [ [ [ 760616.681888405000791, 3789031.73196365358308 ], [ 760616.938691188814119, 3789022.487638988532126 ], [ 760639.979176206514239, 3789023.127719955984503 ], [ 760640.236001192475669, 3789013.883394649252295 ], [ 760647.916170858312398, 3789014.096767328679562 ], [ 760648.17300287692342, 3789004.852441871073097 ], [ 760663.53335798997432, 3789005.279205641709268 ], [ 760663.790204626042396, 3788996.034879787359387 ], [ 760686.830761581426486, 3788996.675071965903044 ], [ 760686.573892191285267, 3789005.919398557394743 ], [ 760694.254070666385815, 3789006.13280879938975 ], [ 760693.483436428941786, 3789033.86578988051042 ], [ 760616.681888405000791, 3789031.73196365358308 ] ] ] } },
{ "type": "Feature", "properties": { "Code": 60, "type": "bare" }, "geometry": { "type": "Polygon", "coordinates": [ [ [ 760877.807235015556216, 3789038.98954379465431 ], [ 760878.064295681309886, 3789029.74521077144891 ], [ 760916.465139789972454, 3789030.813115125522017 ], [ 760916.208041200181469, 3789040.057449380401522 ], [ 760877.807235015556216, 3789038.98954379465431 ] ] ] } },
{ "type": "Feature", "properties": { "Code": 30, "type": "prairie" }, "geometry": { "type": "Polygon", "coordinates": [ [ [ 761016.050161196035333, 3789042.834741168655455 ], [ 761016.307358388556167, 3789033.590403716079891 ], [ 761031.667702777893282, 3789034.017773406114429 ], [ 761031.924914586939849, 3789024.773435556795448 ], [ 761039.605094673461281, 3789024.987129607703537 ], [ 761040.119531802483834, 3789006.498453700914979 ], [ 761055.479922927566804, 3789006.925859722308815 ], [ 761055.737155832233839, 3788997.68152141943574 ], [ 761094.138175148051232, 3788998.750145516358316 ], [ 761093.880904319463298, 3789007.994485049974173 ], [ 761101.561101211584173, 3789008.208229020237923 ], [ 761100.531982027925551, 3789045.185589089989662 ], [ 761016.050161196035333, 3789042.834741168655455 ] ] ] } },
{ "type": "Feature", "properties": { "Code": 20, "type": "foret_claire" }, "geometry": { "type": "Polygon", "coordinates": [ [ [ 760763.118740346282721, 3789017.298113679513335 ], [ 760763.375686135841534, 3789008.053784535266459 ], [ 760771.055866653332487, 3789008.267257790081203 ], [ 760770.798913279199041, 3789017.511587180197239 ], [ 760763.118740346282721, 3789017.298113679513335 ] ] ] } },
{ "type": "Feature", "properties": { "Code": 60, "type": "bare" }, "geometry": { "type": "Polygon", "coordinates": [ [ [ 759918.557074904907495, 3788984.610196087509394 ], [ 759919.069296211469918, 3788966.121592087205499 ], [ 759926.749469464295544, 3788966.334371708333492 ], [ 759926.493351501878351, 3788975.578673905692995 ], [ 759934.173517374438234, 3788975.791460074018687 ], [ 759933.917391276918352, 3788985.035762611310929 ], [ 759918.557074904907495, 3788984.610196087509394 ] ] ] } },
{ "type": "Feature", "properties": { "Code": 10, "type": "foret" }, "geometry": { "type": "Polygon", "coordinates": [ [ [ 760847.857683068374172, 3789010.402336919214576 ], [ 760848.114711737493053, 3789001.158005163539201 ], [ 760855.794902087189257, 3789001.371547488030046 ], [ 760855.537865833379328, 3789010.615879489574581 ], [ 760847.857683068374172, 3789010.402336919214576 ] ] ] } },
{ "type": "Feature", "properties": { "Code": 30, "type": "prairie" }, "geometry": { "type": "Polygon", "coordinates": [ [ [ 760009.950376221560873, 3789014.896888844668865 ], [ 760010.206579816760495, 3789005.652583569288254 ], [ 760017.886725175892934, 3789005.865439787972718 ], [ 760018.655355410766788, 3788978.132523799315095 ], [ 760034.015692246844992, 3788978.558253665454686 ], [ 760034.271916392724961, 3788969.313948037102818 ], [ 760041.952092700405046, 3788969.526822176296264 ], [ 760042.20832388009876, 3788960.28251639707014 ], [ 760065.248876780620776, 3788960.921175888739526 ], [ 760064.992622847552411, 3788970.165482403710485 ], [ 760072.672799970838241, 3788970.378381748218089 ], [ 760072.416537902201526, 3788979.622688603121787 ], [ 760064.736368363490328, 3788979.409789013210684 ], [ 760063.967601606273092, 3789007.142709414009005 ], [ 760071.647748391260393, 3789007.355609740130603 ], [ 760071.391484119230881, 3789016.599916975945234 ], [ 760009.950376221560873, 3789014.896888844668865 ] ] ] } },
{ "type": "Feature", "properties": { "Code": 10, "type": "foret" }, "geometry": { "type": "Polygon", "coordinates": [ [ [ 759964.381869477918372, 3788995.131274888757616 ], [ 759965.918803136330098, 3788939.665454638656229 ], [ 759973.599000365124084, 3788939.878271332941949 ], [ 759973.855161631829105, 3788930.633968046400696 ], [ 759981.535366648924537, 3788930.846790795214474 ], [ 759982.047702699434012, 3788912.358184018172324 ], [ 759989.727923088474199, 3788912.571012578438967 ], [ 759989.215571868931875, 3788931.059619845822453 ], [ 759996.895777293015271, 3788931.272455197758973 ], [ 759996.383408701745793, 3788949.761063337791711 ], [ 759981.023028395487927, 3788949.335397953633219 ], [ 759980.766858442686498, 3788958.579701675102115 ], [ 759988.4470409094356, 3788958.792531461454928 ], [ 759988.190862821415067, 3788968.036835524253547 ], [ 759995.871037907665595, 3788968.249671856407076 ], [ 759995.614851684542373, 3788977.493976259138435 ], [ 759987.934684182866476, 3788977.281139682047069 ], [ 759987.678504993556999, 3788986.525443935766816 ], [ 759979.998345280531794, 3788986.31261341413483 ], [ 759979.742173125036061, 3788995.556917517911643 ], [ 759964.381869477918372, 3788995.131274888757616 ] ] ] } },
{ "type": "Feature", "properties": { "Code": 20, "type": "foret_claire" }, "geometry": { "type": "Polygon", "coordinates": [ [ [ 759833.307263617170975, 3789010.002929367590696 ], [ 759879.388065217994153, 3789011.279293085448444 ], [ 759879.644139875425026, 3789002.034991977270693 ], [ 759887.324281772016548, 3789002.24774107336998 ], [ 759887.58036346337758, 3788993.003439816180617 ], [ 759902.940663036890328, 3788993.428956421092153 ], [ 759903.196759346872568, 3788984.184654767625034 ], [ 759910.876917024026625, 3788984.397422276902944 ], [ 759911.13302036805544, 3788975.153120474424213 ], [ 759903.452855106326751, 3788974.94035321008414 ], [ 759903.708950315136462, 3788965.696051748003811 ], [ 759896.028777673607692, 3788965.483291029930115 ], [ 759896.540951270842925, 3788946.994688884355128 ], [ 759888.86076366272755, 3788946.781934957951307 ], [ 759889.116842051153071, 3788937.537634272128344 ], [ 759881.436647062888369, 3788937.324886891525239 ], [ 759880.668432999635115, 3788965.057788497768342 ], [ 759872.98826096765697, 3788964.845046684145927 ], [ 759873.244325288105756, 3788955.60074629727751 ], [ 759865.564145875279792, 3788955.388011029455811 ], [ 759865.820202060742304, 3788946.143710985314101 ], [ 759858.140015267534181, 3788945.93098226422444 ], [ 759858.39606331824325, 3788936.686682557687163 ], [ 759850.715869143605232, 3788936.473960382398218 ], [ 759849.691703976597637, 3788973.451158795505762 ], [ 759872.732196096796542, 3788974.089347165543586 ], [ 759872.476130675408058, 3788983.333647743798792 ], [ 759841.755505260778591, 3788982.482741538435221 ], [ 759841.24343344301451, 3789000.971341018099338 ], [ 759833.563292767037638, 3789000.758629730436951 ], [ 759833.307263617170975, 3789010.002929367590696 ] ] ] } },
{ "type": "Feature", "properties": { "Code": 20, "type": "foret_claire" }, "geometry": { "type": "Polygon", "coordinates": [ [ [ 758912.96835822914727, 3788938.301941448356956 ], [ 758913.478590226033702, 3788919.813401919789612 ], [ 758921.158752025221474, 3788920.025355604942888 ], [ 758920.903628716710955, 3788929.269625565502793 ], [ 758928.583783135050908, 3788929.481585795991123 ], [ 758928.328651693882421, 3788938.725856098812073 ], [ 758912.96835822914727, 3788938.301941448356956 ] ] ] } },
{ "type": "Feature", "properties": { "Code": 30, "type": "prairie" }, "geometry": { "type": "Polygon", "coordinates": [ [ [ 759510.741857508663088, 3789001.074734972789884 ], [ 759549.142482280498371, 3789002.13703239755705 ], [ 759549.398230802733451, 3788992.892741819377989 ], [ 759557.078363951761276, 3788993.105219963937998 ], [ 759557.334119508741423, 3788983.860929236281663 ], [ 759572.694401585147716, 3788984.285903938580304 ], [ 759572.950171761214733, 3788975.041612816508859 ], [ 759588.310469819931313, 3788975.466612232849002 ], [ 759589.077822556020692, 3788947.733737971633673 ], [ 759604.438166935462505, 3788948.158761124126613 ], [ 759604.693965249811299, 3788938.914469406474382 ], [ 759635.414686784963124, 3788939.764590345323086 ], [ 759635.670514887198806, 3788930.520297742914408 ], [ 759643.350703364238143, 3788930.732843486126512 ], [ 759643.606538500869647, 3788921.488550733309239 ], [ 759651.286734765162691, 3788921.701102532912046 ], [ 759651.798418557271361, 3788903.212516825180501 ], [ 759636.43799589399714, 3788902.787420507054776 ], [ 759636.182169441599399, 3788912.031712823547423 ], [ 759613.141559725161642, 3788911.394114870578051 ], [ 759612.885755476076156, 3788920.638406549114734 ], [ 759597.525365184643306, 3788920.213372261729091 ], [ 759597.013785374118015, 3788938.70195492496714 ], [ 759589.333605701685883, 3788938.489446742925793 ], [ 759589.589388297637925, 3788929.245155609212816 ], [ 759543.508269028854556, 3788927.970240315888077 ], [ 759543.252531939418986, 3788937.214529981371015 ], [ 759527.892175645218231, 3788936.789608136285096 ], [ 759528.147897566086613, 3788927.545318960212171 ], [ 759512.7875269157812, 3788927.120422809850425 ], [ 759512.276112862164155, 3788945.609000276774168 ], [ 759504.595943012041971, 3788945.396561164408922 ], [ 759504.851642729132436, 3788936.152272629085928 ], [ 759497.171465496649034, 3788935.939840060658753 ], [ 759496.660080681322142, 3788954.428416740614921 ], [ 759504.34024274488911, 3788954.640849796589464 ], [ 759503.573138646082953, 3788982.373716268222779 ], [ 759511.253278158605099, 3788982.586156360339373 ], [ 759510.741857508663088, 3789001.074734972789884 ] ] ] } },
{ "type": "Feature", "properties": { "Code": 20, "type": "foret_claire" }, "geometry": { "type": "Polygon", "coordinates": [ [ [ 760064.992622847552411, 3788970.165482403710485 ], [ 760065.248876780620776, 3788960.921175888739526 ], [ 760072.929061488364823, 3788961.134074988309294 ], [ 760072.672799970838241, 3788970.378381748218089 ], [ 760064.992622847552411, 3788970.165482403710485 ] ] ] } },
{ "type": "Feature", "properties": { "Code": 10, "type": "foret" }, "geometry": { "type": "Polygon", "coordinates": [ [ [ 760111.07368864165619, 3788971.442972990684211 ], [ 760111.329988081939518, 3788962.198665004223585 ], [ 760119.010174012277275, 3788962.411601909901947 ], [ 760118.753866987419315, 3788971.655910143163055 ], [ 760111.07368864165619, 3788971.442972990684211 ] ] ] } },
{ "type": "Feature", "properties": { "Code": 20, "type": "foret_claire" }, "geometry": { "type": "Polygon", "coordinates": [ [ [ 759151.56370035756845, 3788926.386896168347448 ], [ 759151.819050645688549, 3788917.142618974205106 ], [ 759167.17940219771117, 3788917.566922823432833 ], [ 759166.924036741023883, 3788926.811200506053865 ], [ 759151.56370035756845, 3788926.386896168347448 ] ] ] } },
{ "type": "Feature", "properties": { "Code": 20, "type": "foret_claire" }, "geometry": { "type": "Polygon", "coordinates": [ [ [ 759712.472408808884211, 3788932.64603872410953 ], [ 759712.984215051168576, 3788914.157448907382786 ], [ 759720.664420731365681, 3788914.37005717260763 ], [ 759720.408510300912894, 3788923.614352278411388 ], [ 759728.088708599563688, 3788923.826967088505626 ], [ 759727.832790034473874, 3788933.071262533776462 ], [ 759712.472408808884211, 3788932.64603872410953 ] ] ] } },
{ "type": "Feature", "properties": { "Code": 30, "type": "prairie" }, "geometry": { "type": "Polygon", "coordinates": [ [ [ 760042.720784586737864, 3788941.793905127327889 ], [ 760042.977014113916084, 3788932.549599633086473 ], [ 760050.657220963970758, 3788932.76247909385711 ], [ 760050.400983852334321, 3788942.006784832105041 ], [ 760042.720784586737864, 3788941.793905127327889 ] ] ] } },
{ "type": "Feature", "properties": { "Code": 60, "type": "bare" }, "geometry": { "type": "Polygon", "coordinates": [ [ [ 759597.525365184643306, 3788920.213372261729091 ], [ 759597.781154265161604, 3788910.969081073068082 ], [ 759605.461356893996708, 3788911.181594821624458 ], [ 759605.717153009027243, 3788901.937303483486176 ], [ 759613.397363424301147, 3788902.149823288898915 ], [ 759613.908969173207879, 3788883.661240409594029 ], [ 759636.949647148838267, 3788884.298836159985512 ], [ 759636.182169441599399, 3788912.031712823547423 ], [ 759613.141559725161642, 3788911.394114870578051 ], [ 759612.885755476076156, 3788920.638406549114734 ], [ 759597.525365184643306, 3788920.213372261729091 ] ] ] } },
{ "type": "Feature", "properties": { "Code": 30, "type": "prairie" }, "geometry": { "type": "Polygon", "coordinates": [ [ [ 760072.672799970838241, 3788970.378381748218089 ], [ 760095.713332562474534, 3788971.017117589246482 ], [ 760096.482183723477647, 3788943.284195390064269 ], [ 760088.801983235403895, 3788943.071277876850218 ], [ 760089.058258269447833, 3788933.826970912981778 ], [ 760073.697842736262828, 3788933.401155281811953 ], [ 760073.954102050280198, 3788924.156848902348429 ], [ 760058.593672163086012, 3788923.731058966834098 ], [ 760058.33742801786866, 3788932.975364855956286 ], [ 760066.017635274911299, 3788933.188256917987019 ], [ 760065.248876780620776, 3788960.921175888739526 ], [ 760072.929061488364823, 3788961.134074988309294 ], [ 760072.672799970838241, 3788970.378381748218089 ] ] ] } },
{ "type": "Feature", "properties": { "Code": 10, "type": "foret" }, "geometry": { "type": "Polygon", "coordinates": [ [ [ 759544.019741558702663, 3788909.481661270838231 ], [ 759544.7869462298695, 3788881.74879341898486 ], [ 759567.827618714654818, 3788882.386219039559364 ], [ 759567.571861620992422, 3788891.630508962552994 ], [ 759575.2520786045352, 3788891.842997016850859 ], [ 759574.740547599154525, 3788910.331577637698501 ], [ 759544.019741558702663, 3788909.481661270838231 ] ] ] } },
{ "type": "Feature", "properties": { "Code": 30, "type": "prairie" }, "geometry": { "type": "Polygon", "coordinates": [ [ [ 759597.781154265161604, 3788910.969081073068082 ], [ 759598.036942795733921, 3788901.724789981730282 ], [ 759605.717153009027243, 3788901.937303483486176 ], [ 759605.461356893996708, 3788911.181594821624458 ], [ 759597.781154265161604, 3788910.969081073068082 ] ] ] } },
{ "type": "Feature", "properties": { "Code": 30, "type": "prairie" }, "geometry": { "type": "Polygon", "coordinates": [ [ [ 760035.55302885978017, 3788923.092421322595328 ], [ 760035.809249700861983, 3788913.84811626560986 ], [ 760058.849915757309645, 3788914.486753173172474 ], [ 760058.593672163086012, 3788923.731058966834098 ], [ 760035.55302885978017, 3788923.092421322595328 ] ] ] } },
{ "type": "Feature", "properties": { "Code": 20, "type": "foret_claire" }, "geometry": { "type": "Polygon", "coordinates": [ [ [ 759467.473400286165997, 3788898.11302449926734 ], [ 759467.729059333447367, 3788888.868737663142383 ], [ 759475.409273673896678, 3788889.081143803428859 ], [ 759475.153607042273507, 3788898.325430884957314 ], [ 759467.473400286165997, 3788898.11302449926734 ] ] ] } },
{ "type": "Feature", "properties": { "Code": 30, "type": "prairie" }, "geometry": { "type": "Polygon", "coordinates": [ [ [ 759605.717153009027243, 3788901.937303483486176 ], [ 759606.228743589133956, 3788883.448721095919609 ], [ 759613.908969173207879, 3788883.661240409594029 ], [ 759613.397363424301147, 3788902.149823288898915 ], [ 759605.717153009027243, 3788901.937303483486176 ] ] ] } },
{ "type": "Feature", "properties": { "Code": 30, "type": "prairie" }, "geometry": { "type": "Polygon", "coordinates": [ [ [ 759159.75458364340011, 3788908.110490405466408 ], [ 759175.114950770162977, 3788908.534806368406862 ], [ 759175.370322713279165, 3788899.290528632700443 ], [ 759183.050514165777713, 3788899.502695820294321 ], [ 759183.30589314410463, 3788890.25841793557629 ], [ 759190.9860923839733, 3788890.470591180957854 ], [ 759191.241478397627361, 3788881.226313147693872 ], [ 759168.200858535245061, 3788880.589813049416989 ], [ 759168.456221247208305, 3788871.345535843167454 ], [ 759160.77600744809024, 3788871.133381991647184 ], [ 759161.031362026929855, 3788861.889105126261711 ], [ 759145.67091987002641, 3788861.464816811494529 ], [ 759145.160240500350483, 3788879.953369659371674 ], [ 759137.480034894542769, 3788879.741234465967864 ], [ 759137.224701970582828, 3788888.985510788392276 ], [ 759144.90489999204874, 3788889.197646226733923 ], [ 759144.649558934848756, 3788898.441922889091074 ], [ 759160.00994041794911, 3788898.866213158238679 ], [ 759159.75458364340011, 3788908.110490405466408 ] ] ] } },
{ "type": "Feature", "properties": { "Code": 30, "type": "prairie" }, "geometry": { "type": "Polygon", "coordinates": [ [ [ 759475.153607042273507, 3788898.325430884957314 ], [ 759498.194228531676345, 3788898.962687843944877 ], [ 759498.449917916208506, 3788889.718400028534234 ], [ 759506.130133070284501, 3788889.930831372272223 ], [ 759505.874436101410538, 3788899.175119431689382 ], [ 759528.915060029830784, 3788899.812452004756778 ], [ 759529.170779751730151, 3788890.568163210060447 ], [ 759536.850995718501508, 3788890.780619758646935 ], [ 759537.362448681495152, 3788872.292041966691613 ], [ 759529.682217546040192, 3788872.0795859079808 ], [ 759529.937935618683696, 3788862.83529739966616 ], [ 759506.897220678976737, 3788862.197967763524503 ], [ 759507.152915449114516, 3788852.953680086415261 ], [ 759499.472669957904145, 3788852.741249720565975 ], [ 759499.728356594103388, 3788843.496962381992489 ], [ 759492.048103722510859, 3788843.284538562875241 ], [ 759492.303782224655151, 3788834.040251565631479 ], [ 759484.623521971749142, 3788833.827834291849285 ], [ 759484.879192340304144, 3788824.583547633141279 ], [ 759477.198924706317484, 3788824.371136905625463 ], [ 759476.176270271302201, 3788861.348283131141216 ], [ 759468.4960331779439, 3788861.135877724736929 ], [ 759467.729059333447367, 3788888.868737663142383 ], [ 759475.409273673896678, 3788889.081143803428859 ], [ 759475.153607042273507, 3788898.325430884957314 ] ] ] } },
{ "type": "Feature", "properties": { "Code": 30, "type": "prairie" }, "geometry": { "type": "Polygon", "coordinates": [ [ [ 759613.908969173207879, 3788883.661240409594029 ], [ 759614.16477122285869, 3788874.416949113365263 ], [ 759621.84500459569972, 3788874.629474484361708 ], [ 759621.589194961939938, 3788883.873766025528312 ], [ 759613.908969173207879, 3788883.661240409594029 ] ] ] } },
{ "type": "Feature", "properties": { "Code": 30, "type": "prairie" }, "geometry": { "type": "Polygon", "coordinates": [ [ [ 759879.388065217994153, 3789011.279293085448444 ], [ 759933.149009680724703, 3789012.768670795485377 ], [ 759933.917391276918352, 3788985.035762611310929 ], [ 759941.597549768630415, 3788985.248555325902998 ], [ 759942.109816582174972, 3788966.75994985550642 ], [ 759949.789990445948206, 3788966.972748380620033 ], [ 759950.814547803718597, 3788929.995537605136633 ], [ 759958.494752209633589, 3788930.208341450896114 ], [ 759960.031617234111764, 3788874.742526674643159 ], [ 759967.711867349571548, 3788874.955335351172835 ], [ 759968.224166454630904, 3788856.466730698011816 ], [ 759960.543901170487516, 3788856.253922513220459 ], [ 759961.312322945101187, 3788828.521016985177994 ], [ 759953.63203511130996, 3788828.308215835597366 ], [ 759952.863636089488864, 3788856.041120627894998 ], [ 759945.183371212682687, 3788855.82832504529506 ], [ 759944.41498998820316, 3788883.56122996006161 ], [ 759936.734748067567125, 3788883.348439943045378 ], [ 759936.478627475909889, 3788892.592741526663303 ], [ 759944.158861812204123, 3788892.805531790014356 ], [ 759943.646603808389045, 3788911.294135734904557 ], [ 759935.966384640778415, 3788911.081344980746508 ], [ 759935.710262397304177, 3788920.325646852143109 ], [ 759928.030051017878577, 3788920.112862154375762 ], [ 759927.261703737429343, 3788947.845767601393163 ], [ 759919.581515315454453, 3788947.632988471072167 ], [ 759919.325406038784422, 3788956.877290230244398 ], [ 759911.64522540429607, 3788956.664517154917121 ], [ 759911.389123161439784, 3788965.908818766940385 ], [ 759903.708950315136462, 3788965.696051748003811 ], [ 759903.452855106326751, 3788974.94035321008414 ], [ 759911.13302036805544, 3788975.153120474424213 ], [ 759910.876917024026625, 3788984.397422276902944 ], [ 759903.196759346872568, 3788984.184654767625034 ], [ 759902.940663036890328, 3788993.428956421092153 ], [ 759887.58036346337758, 3788993.003439816180617 ], [ 759887.324281772016548, 3789002.24774107336998 ], [ 759879.644139875425026, 3789002.034991977270693 ], [ 759879.388065217994153, 3789011.279293085448444 ] ], [ [ 759918.557074904907495, 3788984.610196087509394 ], [ 759919.069296211469918, 3788966.121592087205499 ], [ 759926.749469464295544, 3788966.334371708333492 ], [ 759926.493351501878351, 3788975.578673905692995 ], [ 759934.173517374438234, 3788975.791460074018687 ], [ 759933.917391276918352, 3788985.035762611310929 ], [ 759918.557074904907495, 3788984.610196087509394 ] ] ] } },
{ "type": "Feature", "properties": { "Code": 30, "type": "prairie" }, "geometry": { "type": "Polygon", "coordinates": [ [ [ 759537.362448681495152, 3788872.292041966691613 ], [ 759537.618174338364042, 3788863.047753213904798 ], [ 759560.658891718601808, 3788863.685158461797982 ], [ 759561.170386888668872, 3788845.196579774841666 ], [ 759584.211151604540646, 3788845.834040264133364 ], [ 759583.955381541745737, 3788855.078330295626074 ], [ 759576.27513401710894, 3788854.865836918819696 ], [ 759576.019370988709852, 3788864.11012679990381 ], [ 759568.339131252258085, 3788863.897639480885118 ], [ 759568.083375258371234, 3788873.141929212026298 ], [ 759537.362448681495152, 3788872.292041966691613 ] ] ] } },
{ "type": "Feature", "properties": { "Code": 30, "type": "prairie" }, "geometry": { "type": "Polygon", "coordinates": [ [ [ 760006.369308732450008, 3788866.775169650092721 ], [ 760006.625495931366459, 3788857.530866145156324 ], [ 760014.305762438103557, 3788857.743712138384581 ], [ 760014.04956765496172, 3788866.988015887793154 ], [ 760006.369308732450008, 3788866.775169650092721 ] ] ] } },
{ "type": "Feature", "properties": { "Code": 60, "type": "bare" }, "geometry": { "type": "Polygon", "coordinates": [ [ [ 759960.543901170487516, 3788856.253922513220459 ], [ 759960.800042312708683, 3788847.009620574768633 ], [ 759968.480315181077458, 3788847.222428515553474 ], [ 759968.224166454630904, 3788856.466730698011816 ], [ 759960.543901170487516, 3788856.253922513220459 ] ] ] } },
{ "type": "Feature", "properties": { "Code": 20, "type": "foret_claire" }, "geometry": { "type": "Polygon", "coordinates": [ [ [ 760505.843242824776098, 3788871.378962115384638 ], [ 760506.356601538136601, 3788852.890323487576097 ], [ 760514.036896467208862, 3788853.10357856657356 ], [ 760513.52352258481551, 3788871.592217685654759 ], [ 760505.843242824776098, 3788871.378962115384638 ] ] ] } },
{ "type": "Feature", "properties": { "Code": 20, "type": "foret_claire" }, "geometry": { "type": "Polygon", "coordinates": [ [ [ 759921.118159414734691, 3788892.167179903946817 ], [ 759936.478627475909889, 3788892.592741526663303 ], [ 759936.734748067567125, 3788883.348439943045378 ], [ 759944.41498998820316, 3788883.56122996006161 ], [ 759945.183371212682687, 3788855.82832504529506 ], [ 759952.863636089488864, 3788856.041120627894998 ], [ 759953.375902654603124, 3788837.552517337258905 ], [ 759945.695622609229758, 3788837.33972224406898 ], [ 759945.951747481594793, 3788828.095420987345278 ], [ 759930.591172832064331, 3788827.6698501938954 ], [ 759930.335063128266484, 3788836.914150960743427 ], [ 759914.974504462443292, 3788836.488604880869389 ], [ 759915.486692982492968, 3788818.000004423316568 ], [ 759907.806398786138743, 3788817.787241326179355 ], [ 759907.038137933239341, 3788845.520141420420259 ], [ 759914.718409376684576, 3788845.732905254233629 ], [ 759914.462313740164973, 3788854.977205721195787 ], [ 759906.782049881061539, 3788854.764441643375903 ], [ 759906.269872125354595, 3788873.253042373806238 ], [ 759913.950120815890841, 3788873.465806941967458 ], [ 759913.694023527787067, 3788882.710107695311308 ], [ 759921.374264837708324, 3788882.922878810670227 ], [ 759921.118159414734691, 3788892.167179903946817 ] ] ] } },
{ "type": "Feature", "properties": { "Code": 20, "type": "foret_claire" }, "geometry": { "type": "Polygon", "coordinates": [ [ [ 759653.845131726004183, 3788829.258177809417248 ], [ 759654.100968396989629, 3788820.013885863125324 ], [ 759661.78124829265289, 3788820.226441269740462 ], [ 759661.525404037209228, 3788829.470733461435884 ], [ 759653.845131726004183, 3788829.258177809417248 ] ] ] } },
{ "type": "Feature", "properties": { "Code": 20, "type": "foret_claire" }, "geometry": { "type": "Polygon", "coordinates": [ [ [ 759676.885949269635603, 3788829.895863668993115 ], [ 759677.141808693413623, 3788820.651570987422019 ], [ 759684.82208919909317, 3788820.864145297091454 ], [ 759684.56622219120618, 3788830.108438223600388 ], [ 759676.885949269635603, 3788829.895863668993115 ] ] ] } },
{ "type": "Feature", "properties": { "Code": 10, "type": "foret" }, "geometry": { "type": "Polygon", "coordinates": [ [ [ 760391.15220209560357, 3788849.692253452725708 ], [ 760391.665331070544198, 3788831.20362257398665 ], [ 760407.025945347850211, 3788831.629949014633894 ], [ 760406.512786035425961, 3788850.118580874986947 ], [ 760391.15220209560357, 3788849.692253452725708 ] ] ] } },
{ "type": "Feature", "properties": { "Code": 10, "type": "foret" }, "geometry": { "type": "Polygon", "coordinates": [ [ [ 759408.332119127851911, 3788813.215439785737544 ], [ 759408.587712555541657, 3788803.971155764535069 ], [ 759416.267993527231738, 3788804.183509294409305 ], [ 759416.012392515316606, 3788813.427793559618294 ], [ 759408.332119127851911, 3788813.215439785737544 ] ] ] } },
{ "type": "Feature", "properties": { "Code": 60, "type": "bare" }, "geometry": { "type": "Polygon", "coordinates": [ [ [ 760437.490566632826813, 3788841.726994374766946 ], [ 760437.747176350560039, 3788832.482677509076893 ], [ 760445.42748461116571, 3788832.695875385776162 ], [ 760445.170867308974266, 3788841.940192496404052 ], [ 760437.490566632826813, 3788841.726994374766946 ] ] ] } },
{ "type": "Feature", "properties": { "Code": 30, "type": "prairie" }, "geometry": { "type": "Polygon", "coordinates": [ [ [ 758938.815297845285386, 3788837.250852132681757 ], [ 758961.855990450596437, 3788837.886782210320234 ], [ 758962.111146195209585, 3788828.642511983402073 ], [ 758969.791385053889826, 3788828.854501034133136 ], [ 758970.301710065687075, 3788810.365960377734154 ], [ 758977.981964295497164, 3788810.577955241315067 ], [ 758978.492302281083539, 3788792.089414481073618 ], [ 758986.172571881324984, 3788792.301415156107396 ], [ 758986.682922840700485, 3788773.812874288763851 ], [ 758963.642069143475965, 3788773.17689263029024 ], [ 758963.38691669027321, 3788782.421162283979356 ], [ 758948.026363741490059, 3788781.997205528430641 ], [ 758947.771225907490589, 3788791.241474788635969 ], [ 758940.090957321808673, 3788791.029505617916584 ], [ 758939.580695176613517, 3788809.518043936695904 ], [ 758931.900441961246543, 3788809.306080579292029 ], [ 758931.390192790306173, 3788827.794618791900575 ], [ 758939.070430837455206, 3788828.00658263778314 ], [ 758938.815297845285386, 3788837.250852132681757 ] ] ] } },
{ "type": "Feature", "properties": { "Code": 30, "type": "prairie" }, "geometry": { "type": "Polygon", "coordinates": [ [ [ 760297.449861507629976, 3788902.600695464294404 ], [ 760335.851083115674555, 3788903.666190571617335 ], [ 760336.107598096947186, 3788894.421876232139766 ], [ 760343.787850614637136, 3788894.634993911255151 ], [ 760344.300894091720693, 3788876.146365027874708 ], [ 760328.94035892188549, 3788875.720136951189488 ], [ 760329.196864664554596, 3788866.475823142565787 ], [ 760321.516589800943621, 3788866.262718801386654 ], [ 760322.029584462987259, 3788847.774091961793602 ], [ 760329.709874495398253, 3788847.987195811234415 ], [ 760330.479385105893016, 3788820.254255529027432 ], [ 760322.799072320573032, 3788820.041152416262776 ], [ 760323.055567170260474, 3788810.796839423943311 ], [ 760307.694927043747157, 3788810.370652592275292 ], [ 760307.951406173524447, 3788801.126340186223388 ], [ 760300.271078831981868, 3788800.913256467320025 ], [ 760298.732241288991645, 3788856.379130854737014 ], [ 760314.092805164749734, 3788856.805307539645582 ], [ 760313.836315142456442, 3788866.049620762001723 ], [ 760306.156040686764754, 3788865.83652902347967 ], [ 760305.643074156716466, 3788884.325155261904001 ], [ 760297.962815074250102, 3788884.112069333903491 ], [ 760297.449861507629976, 3788902.600695464294404 ] ] ] } },
{ "type": "Feature", "properties": { "Code": 10, "type": "foret" }, "geometry": { "type": "Polygon", "coordinates": [ [ [ 759024.573922927258536, 3788793.361513047013432 ], [ 759025.08434972690884, 3788774.872969736810774 ], [ 759048.125208294484764, 3788775.509102617390454 ], [ 759047.614735990413465, 3788793.997647392097861 ], [ 759024.573922927258536, 3788793.361513047013432 ] ] ] } },
{ "type": "Feature", "properties": { "Code": 20, "type": "foret_claire" }, "geometry": { "type": "Polygon", "coordinates": [ [ [ 759953.88816701725591, 3788819.06391442893073 ], [ 759954.656559431692585, 3788791.331010778434575 ], [ 759962.336877602385357, 3788791.54381094686687 ], [ 759962.080739764147438, 3788800.788112313952297 ], [ 759969.76105055375956, 3788801.000919029116631 ], [ 759969.248758056666702, 3788819.489522537682205 ], [ 759953.88816701725591, 3788819.06391442893073 ] ] ] } },
{ "type": "Feature", "properties": { "Code": 10, "type": "foret" }, "geometry": { "type": "Polygon", "coordinates": [ [ [ 760468.468410618137568, 3788833.335506822913885 ], [ 760468.981689073611051, 3788814.846871414221823 ], [ 760476.662013319786638, 3788815.060094003099948 ], [ 760476.405366783379577, 3788824.304411906283349 ], [ 760484.085683648707345, 3788824.517641043290496 ], [ 760483.829028976382688, 3788833.761959286406636 ], [ 760468.468410618137568, 3788833.335506822913885 ] ] ] } },
{ "type": "Feature", "properties": { "Code": 20, "type": "foret_claire" }, "geometry": { "type": "Polygon", "coordinates": [ [ [ 760100.070090247434564, 3788813.863903129007667 ], [ 760100.326365152955987, 3788804.619597252458334 ], [ 760108.006679609767161, 3788804.832517387811095 ], [ 760107.750397120136768, 3788814.076823509298265 ], [ 760100.070090247434564, 3788813.863903129007667 ] ] ] } },
{ "type": "Feature", "properties": { "Code": 30, "type": "prairie" }, "geometry": { "type": "Polygon", "coordinates": [ [ [ 759140.288660831050947, 3788778.054201219696552 ], [ 759140.543987168231979, 3788768.809926042333245 ], [ 759148.224283783580177, 3788769.022058303467929 ], [ 759147.968949862290174, 3788778.266333725769073 ], [ 759140.288660831050947, 3788778.054201219696552 ] ] ] } },
{ "type": "Feature", "properties": { "Code": 20, "type": "foret_claire" }, "geometry": { "type": "Polygon", "coordinates": [ [ [ 759485.901868317974731, 3788787.606401956174523 ], [ 759486.413203009171411, 3788769.117829689756036 ], [ 759501.773829896003008, 3788769.542667112313211 ], [ 759502.029511585249566, 3788760.298380633350462 ], [ 759532.750798135180958, 3788761.148130109999329 ], [ 759532.23937353445217, 3788779.636705121491104 ], [ 759524.559066759771667, 3788779.424257811624557 ], [ 759524.303361218888313, 3788788.668545216321945 ], [ 759485.901868317974731, 3788787.606401956174523 ] ] ] } },
{ "type": "Feature", "properties": { "Code": 60, "type": "bare" }, "geometry": { "type": "Polygon", "coordinates": [ [ [ 759900.894337940379046, 3788789.841586027294397 ], [ 759901.150414554518647, 3788780.597286717500538 ], [ 759908.830738882883452, 3788780.810042534023523 ], [ 759908.574654684518464, 3788790.054342088289559 ], [ 759900.894337940379046, 3788789.841586027294397 ] ] ] } },
{ "type": "Feature", "properties": { "Code": 10, "type": "foret" }, "geometry": { "type": "Polygon", "coordinates": [ [ [ 760400.115350186126307, 3788803.683836303185672 ], [ 760400.371919775847346, 3788794.439521046821028 ], [ 760415.732595135690644, 3788794.865858125500381 ], [ 760415.476010377402417, 3788804.11017387220636 ], [ 760400.115350186126307, 3788803.683836303185672 ] ] ] } },
{ "type": "Feature", "properties": { "Code": 30, "type": "prairie" }, "geometry": { "type": "Polygon", "coordinates": [ [ [ 759286.725127464276738, 3788763.597236754838377 ], [ 759286.980596799985506, 3788754.352957125287503 ], [ 759294.660912442021072, 3788754.565208616200835 ], [ 759294.405435522319749, 3788763.809488491155207 ], [ 759286.725127464276738, 3788763.597236754838377 ] ] ] } },
{ "type": "Feature", "properties": { "Code": 30, "type": "prairie" }, "geometry": { "type": "Polygon", "coordinates": [ [ [ 759732.183330818777904, 3788775.918252928182483 ], [ 759732.439240031177178, 3788766.673959103878587 ], [ 759740.119567466434091, 3788766.886576052755117 ], [ 759739.863650669809431, 3788776.13087012199685 ], [ 759732.183330818777904, 3788775.918252928182483 ] ] ] } },
{ "type": "Feature", "properties": { "Code": 20, "type": "foret_claire" }, "geometry": { "type": "Polygon", "coordinates": [ [ [ 760431.093271311139688, 3788795.292220408562571 ], [ 760431.349870686419308, 3788786.047904264647514 ], [ 760439.030216665007174, 3788786.261094612535089 ], [ 760438.773609705502167, 3788795.505411001387984 ], [ 760431.093271311139688, 3788795.292220408562571 ] ] ] } },
{ "type": "Feature", "properties": { "Code": 60, "type": "bare" }, "geometry": { "type": "Polygon", "coordinates": [ [ [ 760476.918659304152243, 3788805.815776195842773 ], [ 760484.598991338047199, 3788806.029004841577262 ], [ 760485.112296820501797, 3788787.540369020774961 ], [ 760454.390909233945422, 3788786.687494211364537 ], [ 760454.134287105756812, 3788795.931811090558767 ], [ 760477.175304737058468, 3788796.5714584835805 ], [ 760476.918659304152243, 3788805.815776195842773 ] ] ] } },
{ "type": "Feature", "properties": { "Code": 20, "type": "foret_claire" }, "geometry": { "type": "Polygon", "coordinates": [ [ [ 759021.766536299604923, 3788895.048508083447814 ], [ 759067.847663699416444, 3788896.32084960443899 ], [ 759068.102928914013319, 3788887.076575385406613 ], [ 759083.463321505812928, 3788887.500739145092666 ], [ 759083.718601340311579, 3788878.256464533042163 ], [ 759099.079009912326001, 3788878.680653009098023 ], [ 759099.844891628134064, 3788850.947828277945518 ], [ 759107.525118971476331, 3788851.159931234549731 ], [ 759106.759214503108524, 3788878.892756697256118 ], [ 759122.119624292594381, 3788879.316982978954911 ], [ 759121.864306536968797, 3788888.561258813366294 ], [ 759137.224701970582828, 3788888.985510788392276 ], [ 759137.480034894542769, 3788879.741234465967864 ], [ 759145.160240500350483, 3788879.953369659371674 ], [ 759145.67091987002641, 3788861.464816811494529 ], [ 759161.031362026929855, 3788861.889105126261711 ], [ 759160.77600744809024, 3788871.133381991647184 ], [ 759168.456221247208305, 3788871.345535843167454 ], [ 759168.200858535245061, 3788880.589813049416989 ], [ 759191.241478397627361, 3788881.226313147693872 ], [ 759190.9860923839733, 3788890.470591180957854 ], [ 759198.6662918261718, 3788890.682770727202296 ], [ 759198.921685424051248, 3788881.438492449466139 ], [ 759206.601892654201947, 3788881.650678051169962 ], [ 759206.857293287175708, 3788872.406399624887854 ], [ 759229.897938947658986, 3788873.042993505019695 ], [ 759230.408784071914852, 3788854.554435471538454 ], [ 759238.089014866389334, 3788854.766645544208586 ], [ 759238.855301186908036, 3788827.033808478154242 ], [ 759246.535554937669076, 3788827.246024119667709 ], [ 759247.30185906868428, 3788799.513187177479267 ], [ 759231.941306266235188, 3788799.088763664010912 ], [ 759232.452142604859546, 3788780.600207157898694 ], [ 759316.935359922470525, 3788782.934843005612493 ], [ 759316.679858602816239, 3788792.179123899899423 ], [ 759339.720717567251995, 3788792.815975822508335 ], [ 759340.23176516185049, 3788774.327412660233676 ], [ 759332.551463469513692, 3788774.115122873336077 ], [ 759332.806978858658113, 3788764.870841681957245 ], [ 759325.126669784658588, 3788764.658558442257345 ], [ 759325.893189904280007, 3788736.925716170109808 ], [ 759318.212858281331137, 3788736.713439964223653 ], [ 759318.468356305500492, 3788727.469159642700106 ], [ 759295.427339905756526, 3788726.832369565032423 ], [ 759295.171864633681253, 3788736.076649153139442 ], [ 759256.770212615723722, 3788735.015457153785974 ], [ 759256.259336263989098, 3788753.504014171659946 ], [ 759233.218392994604073, 3788752.867373115383089 ], [ 759233.473808693001047, 3788743.623095291666687 ], [ 759225.793487091897987, 3788743.410894453059882 ], [ 759226.048894657171331, 3788734.166616970673203 ], [ 759203.007908321684226, 3788733.530052993446589 ], [ 759202.752523508388549, 3788742.774329741485417 ], [ 759164.35092159663327, 3788741.713514575734735 ], [ 759164.095574154169299, 3788750.957790199201554 ], [ 759179.45619914168492, 3788751.382097851485014 ], [ 759179.200835982221179, 3788760.626374058425426 ], [ 759186.881141196819954, 3788760.838537581264973 ], [ 759186.625769904348999, 3788770.082814128138125 ], [ 759194.30606773798354, 3788770.294984195847064 ], [ 759194.050688312621787, 3788779.539261083584279 ], [ 759178.690108016482554, 3788779.114926760084927 ], [ 759178.434743210207671, 3788788.359203255269676 ], [ 759170.754460951429792, 3788788.147045299876481 ], [ 759171.009818173595704, 3788778.902769050560892 ], [ 759163.329528533271514, 3788778.690617640968412 ], [ 759163.584877622546628, 3788769.446341731585562 ], [ 759155.90458060184028, 3788769.234196867793798 ], [ 759156.159921558108181, 3788759.98992129880935 ], [ 759125.438705167616718, 3788759.141405829228461 ], [ 759125.694015238899738, 3788749.897131332661957 ], [ 759118.013704065233469, 3788749.68501846306026 ], [ 759118.269006003858522, 3788740.440744305495173 ], [ 759110.588687449228019, 3788740.228637980297208 ], [ 759110.843981254845858, 3788730.984364163596183 ], [ 759103.163655318901874, 3788730.77226438280195 ], [ 759101.887218721909449, 3788776.993633202277124 ], [ 759094.206930909422226, 3788776.781538501847535 ], [ 759093.951649527647533, 3788786.025812308304012 ], [ 759086.271369501482695, 3788785.813723664265126 ], [ 759086.526643299264833, 3788776.569450102280825 ], [ 759055.805494889616966, 3788775.721159511711448 ], [ 759055.550251428037882, 3788784.965432096738368 ], [ 759047.86997241678182, 3788784.753374956548214 ], [ 759047.614735990413465, 3788793.997647392097861 ], [ 759024.573922927258536, 3788793.361513047013432 ], [ 759024.829136601416394, 3788784.117241344414651 ], [ 759017.148858402506448, 3788783.905209408141673 ], [ 759017.659268937073648, 3788765.416666776873171 ], [ 758971.577512995456345, 3788764.144610412884504 ], [ 758971.322353506577201, 3788773.388880215585232 ], [ 758986.682922840700485, 3788773.812874288763851 ], [ 758986.172571881324984, 3788792.301415156107396 ], [ 758978.492302281083539, 3788792.089414481073618 ], [ 758977.981964295497164, 3788810.577955241315067 ], [ 758970.301710065687075, 3788810.365960377734154 ], [ 758969.791385053889826, 3788828.854501034133136 ], [ 758962.111146195209585, 3788828.642511983402073 ], [ 758961.855990450596437, 3788837.886782210320234 ], [ 758938.815297845285386, 3788837.250852132681757 ], [ 758939.070430837455206, 3788828.00658263778314 ], [ 758931.390192790306173, 3788827.794618791900575 ], [ 758931.135067382012494, 3788837.038888041861355 ], [ 758908.094377210480161, 3788836.403033575508744 ], [ 758907.584170253598131, 3788854.891570896841586 ], [ 758938.305030215298757, 3788855.739391406998038 ], [ 758938.049895577598363, 3788864.983661188278347 ], [ 758945.730103490524925, 3788865.195632312446833 ], [ 758945.474960720166564, 3788874.43990243319422 ], [ 759006.916570656583644, 3788876.135900214314461 ], [ 759006.661366664222442, 3788885.380172384902835 ], [ 759022.021756008965895, 3788885.804235329851508 ], [ 759021.766536299604923, 3788895.048508083447814 ] ], [ [ 759140.288660831050947, 3788778.054201219696552 ], [ 759140.543987168231979, 3788768.809926042333245 ], [ 759148.224283783580177, 3788769.022058303467929 ], [ 759147.968949862290174, 3788778.266333725769073 ], [ 759140.288660831050947, 3788778.054201219696552 ] ], [ [ 759286.725127464276738, 3788763.597236754838377 ], [ 759286.980596799985506, 3788754.352957125287503 ], [ 759294.660912442021072, 3788754.565208616200835 ], [ 759294.405435522319749, 3788763.809488491155207 ], [ 759286.725127464276738, 3788763.597236754838377 ] ] ] } },
{ "type": "Feature", "properties": { "Code": 30, "type": "prairie" }, "geometry": { "type": "Polygon", "coordinates": [ [ [ 759747.799895104952157, 3788767.099199301563203 ], [ 759748.055818935506977, 3788757.854905082844198 ], [ 759755.736154361162335, 3788758.067534388974309 ], [ 759755.480222946614958, 3788767.311828851699829 ], [ 759747.799895104952157, 3788767.099199301563203 ] ] ] } },
{ "type": "Feature", "properties": { "Code": 60, "type": "bare" }, "geometry": { "type": "Polygon", "coordinates": [ [ [ 759908.830738882883452, 3788780.810042534023523 ], [ 759924.191388152656145, 3788781.235573068726808 ], [ 759924.703585234587081, 3788762.746973264962435 ], [ 759917.023245329386555, 3788762.534205336123705 ], [ 759917.279335460276343, 3788753.28990582190454 ], [ 759901.918641093885526, 3788752.864389359951019 ], [ 759901.406490618130192, 3788771.352987503167242 ], [ 759909.086822530603968, 3788771.565743073821068 ], [ 759908.830738882883452, 3788780.810042534023523 ] ] ] } },
{ "type": "Feature", "properties": { "Code": 20, "type": "foret_claire" }, "geometry": { "type": "Polygon", "coordinates": [ [ [ 759033.785513064824045, 3788738.107921278569847 ], [ 759034.040731030981988, 3788728.863649905193597 ], [ 759041.721055139554664, 3788729.075692975893617 ], [ 759041.976280141039751, 3788719.831421453040093 ], [ 759049.656612037215382, 3788720.043470582459122 ], [ 759049.401379451737739, 3788729.287742350250483 ], [ 759057.081703966949135, 3788729.499798023141921 ], [ 759056.82646324892994, 3788738.744070129469037 ], [ 759033.785513064824045, 3788738.107921278569847 ] ] ] } },
{ "type": "Feature", "properties": { "Code": 20, "type": "foret_claire" }, "geometry": { "type": "Polygon", "coordinates": [ [ [ 759156.670601823949255, 3788741.501370444893837 ], [ 759156.925941133406013, 3788732.257095161825418 ], [ 759164.606268490082584, 3788732.469239047728479 ], [ 759164.35092159663327, 3788741.713514575734735 ], [ 759156.670601823949255, 3788741.501370444893837 ] ] ] } },
{ "type": "Feature", "properties": { "Code": 20, "type": "foret_claire" }, "geometry": { "type": "Polygon", "coordinates": [ [ [ 759933.149009680724703, 3789012.768670795485377 ], [ 759933.917391276918352, 3788985.035762611310929 ], [ 759941.597549768630415, 3788985.248555325902998 ], [ 759942.109816582174972, 3788966.75994985550642 ], [ 759949.789990445948206, 3788966.972748380620033 ], [ 759950.814547803718597, 3788929.995537605136633 ], [ 759958.494752209633589, 3788930.208341450896114 ], [ 759960.031617234111764, 3788874.742526674643159 ], [ 759967.711867349571548, 3788874.955335351172835 ], [ 759967.968017177423462, 3788865.711032977327704 ], [ 759991.008791500004008, 3788866.349496078211814 ], [ 759991.777305938303471, 3788838.616587321273983 ], [ 759999.457587206386961, 3788838.829420221038163 ], [ 759999.713765168562531, 3788829.585117248352617 ], [ 760045.795502558001317, 3788830.862245501484722 ], [ 760045.539279090007767, 3788840.106549946125597 ], [ 760053.219561784062535, 3788840.319426953792572 ], [ 760052.707098026643507, 3788858.808036619797349 ], [ 760045.026830501155928, 3788858.595159121323377 ], [ 760043.745699390303344, 3788904.816683725919574 ], [ 760097.507310891989619, 3788906.306967123411596 ], [ 760097.763591306749731, 3788897.06266029458493 ], [ 760105.443829920142889, 3788897.275582882110029 ], [ 760105.187541921040975, 3788906.519889955874532 ], [ 760120.548004591139033, 3788906.945754525717348 ], [ 760120.291700872126967, 3788916.19006218528375 ], [ 760127.971924928016961, 3788916.403004167135805 ], [ 760127.715613073669374, 3788925.647312166634947 ], [ 760150.756263712071814, 3788926.286176654975861 ], [ 760150.499928553239442, 3788935.530485487543046 ], [ 760211.941611880087294, 3788937.234403339214623 ], [ 760212.198007714934647, 3788927.990092544816434 ], [ 760219.878226632834412, 3788928.203110386617482 ], [ 760220.134629500913434, 3788918.958799443207681 ], [ 760212.454402998555452, 3788918.745781846344471 ], [ 760212.96719191246666, 3788900.257160735316575 ], [ 760236.007917537237518, 3788900.896230955608189 ], [ 760236.264333920669742, 3788891.6519198063761 ], [ 760228.584084257250652, 3788891.438890343997627 ], [ 760229.353307346929796, 3788863.705958205740899 ], [ 760267.754671468050219, 3788864.77116484940052 ], [ 760268.01111598405987, 3788855.526853100862354 ], [ 760260.33083516813349, 3788855.313799413852394 ], [ 760261.613011557143182, 3788809.092243323102593 ], [ 760269.293330294894986, 3788809.305295781698078 ], [ 760270.06265226576943, 3788781.57236253330484 ], [ 760239.341287526069209, 3788780.7201934508048 ], [ 760239.597696743556298, 3788771.475883539766073 ], [ 760178.154916377272457, 3788769.771849791985005 ], [ 760178.411264369729906, 3788760.527541939169168 ], [ 760193.771973406663164, 3788760.953512079082429 ], [ 760194.028336016577668, 3788751.709203830454499 ], [ 760201.70869842520915, 3788751.92219810700044 ], [ 760201.452328230952844, 3788761.166506600566208 ], [ 760285.936244753422216, 3788763.509862209670246 ], [ 760285.679790581925772, 3788772.754173498600721 ], [ 760331.761891761794686, 3788774.032690295949578 ], [ 760332.018391438527033, 3788764.788377535995096 ], [ 760355.059467535000294, 3788765.427720264531672 ], [ 760354.546422124374658, 3788783.916347354184836 ], [ 760362.226766062784009, 3788784.129474689718336 ], [ 760361.970234945998527, 3788793.373788622673601 ], [ 760385.011245231493376, 3788794.013209173921496 ], [ 760384.754690810339525, 3788803.25752393854782 ], [ 760423.156340778106824, 3788804.323352108709514 ], [ 760422.899747883901, 3788813.567668197210878 ], [ 760430.580070905620232, 3788813.78085298044607 ], [ 760428.014035780215636, 3788906.224021554924548 ], [ 760435.694283161778003, 3788906.43721509585157 ], [ 760435.437669030739926, 3788915.681532721966505 ], [ 760404.716711067245342, 3788914.828795386943966 ], [ 760403.946956378640607, 3788942.561745891347528 ], [ 760388.586524128215387, 3788942.135413559153676 ], [ 760388.843094406882301, 3788932.891097120475024 ], [ 760381.162871002801694, 3788932.677940650843084 ], [ 760381.419433145434596, 3788923.43362455163151 ], [ 760366.05897178070154, 3788923.007331008091569 ], [ 760365.802424807101488, 3788932.251646616030484 ], [ 760335.081534863333218, 3788931.399134162347764 ], [ 760335.594567582942545, 3788912.910505006089807 ], [ 760312.553856759914197, 3788912.271188301965594 ], [ 760312.297363429213874, 3788921.515502095688134 ], [ 760296.936905735637993, 3788921.089321974664927 ], [ 760295.910987575305626, 3788958.066576139070094 ], [ 760242.149604436242953, 3788956.575137332081795 ], [ 760241.893176609883085, 3788965.819449391681701 ], [ 760211.172421068535186, 3788964.967336290981621 ], [ 760210.916023029014468, 3788974.211647466756403 ], [ 760195.555661651189439, 3788973.785628233104944 ], [ 760195.299278229707852, 3788983.029939013533294 ], [ 760164.578588256496005, 3788982.177975179627538 ], [ 760164.065880436683074, 3789000.66659506270662 ], [ 760148.705567011609674, 3789000.240649973973632 ], [ 760148.449227444478311, 3789009.484959565568715 ], [ 760140.769078621873632, 3789009.27199622662738 ], [ 760140.512746088206768, 3789018.516305670607835 ], [ 760071.391484119230881, 3789016.599916975945234 ], [ 760071.647748391260393, 3789007.355609740130603 ], [ 760063.967601606273092, 3789007.142709414009005 ], [ 760064.736368363490328, 3788979.409789013210684 ], [ 760072.416537902201526, 3788979.622688603121787 ], [ 760072.672799970838241, 3788970.378381748218089 ], [ 760095.713332562474534, 3788971.017117589246482 ], [ 760096.482183723477647, 3788943.284195390064269 ], [ 760088.801983235403895, 3788943.071277876850218 ], [ 760089.058258269447833, 3788933.826970912981778 ], [ 760073.697842736262828, 3788933.401155281811953 ], [ 760073.954102050280198, 3788924.156848902348429 ], [ 760058.593672163086012, 3788923.731058966834098 ], [ 760058.33742801786866, 3788932.975364855956286 ], [ 760066.017635274911299, 3788933.188256917987019 ], [ 760065.248876780620776, 3788960.921175888739526 ], [ 760042.20832388009876, 3788960.28251639707014 ], [ 760041.952092700405046, 3788969.526822176296264 ], [ 760034.271916392724961, 3788969.313948037102818 ], [ 760034.015692246844992, 3788978.558253665454686 ], [ 760018.655355410766788, 3788978.132523799315095 ], [ 760017.886725175892934, 3789005.865439787972718 ], [ 760010.206579816760495, 3789005.652583569288254 ], [ 760009.950376221560873, 3789014.896888844668865 ], [ 759933.149009680724703, 3789012.768670795485377 ] ], [ [ 759964.381869477918372, 3788995.131274888757616 ], [ 759965.918803136330098, 3788939.665454638656229 ], [ 759973.599000365124084, 3788939.878271332941949 ], [ 759973.855161631829105, 3788930.633968046400696 ], [ 759981.535366648924537, 3788930.846790795214474 ], [ 759982.047702699434012, 3788912.358184018172324 ], [ 759989.727923088474199, 3788912.571012578438967 ], [ 759989.215571868931875, 3788931.059619845822453 ], [ 759996.895777293015271, 3788931.272455197758973 ], [ 759996.383408701745793, 3788949.761063337791711 ], [ 759981.023028395487927, 3788949.335397953633219 ], [ 759980.766858442686498, 3788958.579701675102115 ], [ 759988.4470409094356, 3788958.792531461454928 ], [ 759988.190862821415067, 3788968.036835524253547 ], [ 759995.871037907665595, 3788968.249671856407076 ], [ 759995.614851684542373, 3788977.493976259138435 ], [ 759987.934684182866476, 3788977.281139682047069 ], [ 759987.678504993556999, 3788986.525443935766816 ], [ 759979.998345280531794, 3788986.31261341413483 ], [ 759979.742173125036061, 3788995.556917517911643 ], [ 759964.381869477918372, 3788995.131274888757616 ] ], [ [ 760111.07368864165619, 3788971.442972990684211 ], [ 760111.329988081939518, 3788962.198665004223585 ], [ 760119.010174012277275, 3788962.411601909901947 ], [ 760118.753866987419315, 3788971.655910143163055 ], [ 760111.07368864165619, 3788971.442972990684211 ] ], [ [ 760042.720784586737864, 3788941.793905127327889 ], [ 760042.977014113916084, 3788932.549599633086473 ], [ 760050.657220963970758, 3788932.76247909385711 ], [ 760050.400983852334321, 3788942.006784832105041 ], [ 760042.720784586737864, 3788941.793905127327889 ] ], [ [ 760035.55302885978017, 3788923.092421322595328 ], [ 760035.809249700861983, 3788913.84811626560986 ], [ 760058.849915757309645, 3788914.486753173172474 ], [ 760058.593672163086012, 3788923.731058966834098 ], [ 760035.55302885978017, 3788923.092421322595328 ] ], [ [ 760297.449861507629976, 3788902.600695464294404 ], [ 760297.962815074250102, 3788884.112069333903491 ], [ 760305.643074156716466, 3788884.325155261904001 ], [ 760306.156040686764754, 3788865.83652902347967 ], [ 760313.836315142456442, 3788866.049620762001723 ], [ 760314.092805164749734, 3788856.805307539645582 ], [ 760298.732241288991645, 3788856.379130854737014 ], [ 760300.271078831981868, 3788800.913256467320025 ], [ 760307.951406173524447, 3788801.126340186223388 ], [ 760307.694927043747157, 3788810.370652592275292 ], [ 760323.055567170260474, 3788810.796839423943311 ], [ 760322.799072320573032, 3788820.041152416262776 ], [ 760330.479385105893016, 3788820.254255529027432 ], [ 760329.709874495398253, 3788847.987195811234415 ], [ 760322.029584462987259, 3788847.774091961793602 ], [ 760321.516589800943621, 3788866.262718801386654 ], [ 760329.196864664554596, 3788866.475823142565787 ], [ 760328.94035892188549, 3788875.720136951189488 ], [ 760344.300894091720693, 3788876.146365027874708 ], [ 760343.787850614637136, 3788894.634993911255151 ], [ 760336.107598096947186, 3788894.421876232139766 ], [ 760335.851083115674555, 3788903.666190571617335 ], [ 760297.449861507629976, 3788902.600695464294404 ] ], [ [ 760006.369308732450008, 3788866.775169650092721 ], [ 760006.625495931366459, 3788857.530866145156324 ], [ 760014.305762438103557, 3788857.743712138384581 ], [ 760014.04956765496172, 3788866.988015887793154 ], [ 760006.369308732450008, 3788866.775169650092721 ] ], [ [ 760391.15220209560357, 3788849.692253452725708 ], [ 760391.665331070544198, 3788831.20362257398665 ], [ 760407.025945347850211, 3788831.629949014633894 ], [ 760406.512786035425961, 3788850.118580874986947 ], [ 760391.15220209560357, 3788849.692253452725708 ] ] ] } },
{ "type": "Feature", "properties": { "Code": 30, "type": "prairie" }, "geometry": { "type": "Polygon", "coordinates": [ [ [ 760032.484569180756807, 3788756.482082677539438 ], [ 760032.740772523218766, 3788747.237779580522329 ], [ 760040.421130652073771, 3788747.450641534291208 ], [ 760040.164919725386426, 3788756.694944877177477 ], [ 760032.484569180756807, 3788756.482082677539438 ] ] ] } },
{ "type": "Feature", "properties": { "Code": 30, "type": "prairie" }, "geometry": { "type": "Polygon", "coordinates": [ [ [ 758833.332288992009126, 3788760.32980231475085 ], [ 758835.117434481391683, 3788695.619947141036391 ], [ 758842.797776067280211, 3788695.831825657747686 ], [ 758842.542749343905598, 3788705.076090640388429 ], [ 758850.22308354836423, 3788705.287975702434778 ], [ 758849.713013289147057, 3788723.776506442110986 ], [ 758857.393332528998144, 3788723.988398293498904 ], [ 758857.138288993155584, 3788733.232664050534368 ], [ 758864.818600851343945, 3788733.444562445394695 ], [ 758864.308496966841631, 3788751.933094735722989 ], [ 758856.628200276405551, 3788751.721195850521326 ], [ 758856.373155095614493, 3788760.965461893938482 ], [ 758833.332288992009126, 3788760.32980231475085 ] ] ] } },
{ "type": "Feature", "properties": { "Code": 30, "type": "prairie" }, "geometry": { "type": "Polygon", "coordinates": [ [ [ 759017.148858402506448, 3788783.905209408141673 ], [ 759024.829136601416394, 3788784.117241344414651 ], [ 759025.08434972690884, 3788774.872969736810774 ], [ 759048.125208294484764, 3788775.509102617390454 ], [ 759047.86997241678182, 3788784.753374956548214 ], [ 759055.550251428037882, 3788784.965432096738368 ], [ 759055.805494889616966, 3788775.721159511711448 ], [ 759086.526643299264833, 3788776.569450102280825 ], [ 759086.271369501482695, 3788785.813723664265126 ], [ 759093.951649527647533, 3788786.025812308304012 ], [ 759094.206930909422226, 3788776.781538501847535 ], [ 759101.887218721909449, 3788776.993633202277124 ], [ 759103.163655318901874, 3788730.77226438280195 ], [ 759110.843981254845858, 3788730.984364163596183 ], [ 759110.588687449228019, 3788740.228637980297208 ], [ 759118.269006003858522, 3788740.440744305495173 ], [ 759118.013704065233469, 3788749.68501846306026 ], [ 759125.694015238899738, 3788749.897131332661957 ], [ 759125.438705167616718, 3788759.141405829228461 ], [ 759156.159921558108181, 3788759.98992129880935 ], [ 759155.90458060184028, 3788769.234196867793798 ], [ 759163.584877622546628, 3788769.446341731585562 ], [ 759163.329528533271514, 3788778.690617640968412 ], [ 759171.009818173595704, 3788778.902769050560892 ], [ 759170.754460951429792, 3788788.147045299876481 ], [ 759178.434743210207671, 3788788.359203255269676 ], [ 759178.690108016482554, 3788779.114926760084927 ], [ 759194.050688312621787, 3788779.539261083584279 ], [ 759194.30606773798354, 3788770.294984195847064 ], [ 759186.625769904348999, 3788770.082814128138125 ], [ 759186.881141196819954, 3788760.838537581264973 ], [ 759179.200835982221179, 3788760.626374058425426 ], [ 759179.45619914168492, 3788751.382097851485014 ], [ 759164.095574154169299, 3788750.957790199201554 ], [ 759164.35092159663327, 3788741.713514575734735 ], [ 759156.670601823949255, 3788741.501370444893837 ], [ 759157.436618105624802, 3788713.768544881604612 ], [ 759149.756275783409365, 3788713.556407784577459 ], [ 759150.011605862062424, 3788704.312133032828569 ], [ 759142.331256158999167, 3788704.100002481602132 ], [ 759142.586578104877844, 3788694.855728069785982 ], [ 759119.545507463510148, 3788694.219374954234809 ], [ 759119.290208269259892, 3788703.463648632634431 ], [ 759088.568813924910501, 3788702.615265047643334 ], [ 759088.313544517382979, 3788711.859537845011801 ], [ 759065.272523642284796, 3788711.223315582610667 ], [ 759065.017276437720284, 3788720.467587741091847 ], [ 759057.336944136302918, 3788720.255526010412723 ], [ 759056.82646324892994, 3788738.744070129469037 ], [ 759026.105196742457338, 3788737.895884262863547 ], [ 759026.36040712473914, 3788728.651613134425133 ], [ 759003.319436624646187, 3788728.015540626365691 ], [ 759003.064248994342051, 3788737.259811023250222 ], [ 758995.38393348432146, 3788737.047799210995436 ], [ 758995.128752889344469, 3788746.292069459799677 ], [ 758987.448445165529847, 3788746.080063703935593 ], [ 758987.193271605763584, 3788755.324333803728223 ], [ 758979.512971669668332, 3788755.112334104720503 ], [ 758979.257805145345628, 3788764.356604055035859 ], [ 759017.659268937073648, 3788765.416666776873171 ], [ 759017.148858402506448, 3788783.905209408141673 ] ] ] } },
{ "type": "Feature", "properties": { "Code": 50, "type": "urbain" }, "geometry": { "type": "Polygon", "coordinates": [ [ [ 760445.940717560588382, 3788814.207241449970752 ], [ 760468.981689073611051, 3788814.846871414221823 ], [ 760469.494965322315693, 3788796.35823638504371 ], [ 760454.134287105756812, 3788795.931811090558767 ], [ 760454.390909233945422, 3788786.687494211364537 ], [ 760485.112296820501797, 3788787.540369020774961 ], [ 760484.598991338047199, 3788806.029004841577262 ], [ 760492.279323576600291, 3788806.242239788174629 ], [ 760492.535984177957289, 3788796.997921585571021 ], [ 760515.577004870399833, 3788797.637663495261222 ], [ 760515.833687673090026, 3788788.393344650510699 ], [ 760508.153339653508738, 3788788.18009129120037 ], [ 760508.410014319932088, 3788778.935772787313908 ], [ 760454.647530810325406, 3788777.443177426233888 ], [ 760454.904151835246012, 3788768.198860735166818 ], [ 760431.863067782134749, 3788767.559272264130414 ], [ 760432.63285928836558, 3788739.826324975118041 ], [ 760440.313243188196793, 3788740.039514095056802 ], [ 760440.56984683778137, 3788730.795198277570307 ], [ 760432.889455353841186, 3788730.582009403966367 ], [ 760433.146050867508166, 3788721.337693927809596 ], [ 760425.465652003418654, 3788721.12451159954071 ], [ 760424.952475592494011, 3788739.613142156973481 ], [ 760417.272092101979069, 3788739.399965640623122 ], [ 760417.528672999003902, 3788730.155650558881462 ], [ 760409.84828212717548, 3788729.942480588331819 ], [ 760409.078560533816926, 3788757.675425380002707 ], [ 760393.717824907856993, 3788757.249102868139744 ], [ 760393.461265108548105, 3788766.49341749958694 ], [ 760385.780905185616575, 3788766.280265449546278 ], [ 760385.524352419073693, 3788775.524579929187894 ], [ 760377.844000285025686, 3788775.311433935537934 ], [ 760377.587454551248811, 3788784.555748264770955 ], [ 760369.907110204687342, 3788784.342608326580375 ], [ 760369.650571503560059, 3788793.586922504939139 ], [ 760385.011245231493376, 3788794.013209173921496 ], [ 760384.754690810339525, 3788803.25752393854782 ], [ 760400.115350186126307, 3788803.683836303185672 ], [ 760400.371919775847346, 3788794.439521046821028 ], [ 760431.093271311139688, 3788795.292220408562571 ], [ 760431.349870686419308, 3788786.047904264647514 ], [ 760439.030216665007174, 3788786.261094612535089 ], [ 760438.773609705502167, 3788795.505411001387984 ], [ 760446.453948303358629, 3788795.718607895076275 ], [ 760445.940717560588382, 3788814.207241449970752 ] ] ] } },
{ "type": "Feature", "properties": { "Code": 20, "type": "foret_claire" }, "geometry": { "type": "Polygon", "coordinates": [ [ [ 759571.15241089835763, 3788762.210458729881793 ], [ 759586.513057427015156, 3788762.635434284806252 ], [ 759587.024586005834863, 3788744.146856226958334 ], [ 759579.344247471308336, 3788743.93436578894034 ], [ 759579.600003351923078, 3788734.69007714651525 ], [ 759571.919657437480055, 3788734.477593255229294 ], [ 759572.175405184156261, 3788725.23330495506525 ], [ 759587.53611238533631, 3788725.658278551883996 ], [ 759587.791874750284478, 3788716.413989856373519 ], [ 759564.750791501370259, 3788715.776539647951722 ], [ 759565.00653056439478, 3788706.532251782715321 ], [ 759588.047636565286666, 3788707.169701256789267 ], [ 759588.559158545918763, 3788688.681124345399439 ], [ 759580.878774507436901, 3788688.468635376077145 ], [ 759581.134527088957839, 3788679.224347307346761 ], [ 759558.093353442614898, 3788678.586918940301985 ], [ 759558.349082722561434, 3788669.342631700914353 ], [ 759519.947092793066986, 3788668.280378329567611 ], [ 759519.691401432733983, 3788677.524664344731718 ], [ 759496.650232668034732, 3788676.887387198861688 ], [ 759496.394563509849831, 3788686.131672573741525 ], [ 759481.033800516743213, 3788685.706852159462869 ], [ 759480.778145976830274, 3788694.951137140393257 ], [ 759465.417398965451866, 3788694.52634143922478 ], [ 759464.139193860813975, 3788740.747765331994742 ], [ 759471.81952934525907, 3788740.960161255206913 ], [ 759472.330828203819692, 3788722.471590922214091 ], [ 759487.691530118114315, 3788722.896400694735348 ], [ 759487.435865795589052, 3788732.140686301980168 ], [ 759525.837586218491197, 3788733.202822221443057 ], [ 759525.58188342617359, 3788742.447109147906303 ], [ 759563.983571013202891, 3788743.509403815027326 ], [ 759563.72782975086011, 3788752.753692062105983 ], [ 759571.408160294522531, 3788752.966170141939074 ], [ 759571.15241089835763, 3788762.210458729881793 ] ] ] } },
{ "type": "Feature", "properties": { "Code": 20, "type": "foret_claire" }, "geometry": { "type": "Polygon", "coordinates": [ [ [ 760039.396283640991896, 3788784.427855473011732 ], [ 760047.076611636090092, 3788784.640724708326161 ], [ 760047.589051411719993, 3788766.152117058634758 ], [ 760055.269394779577851, 3788766.36499210447073 ], [ 760055.525621425244026, 3788757.120688177179545 ], [ 760063.205972581170499, 3788757.33356927940622 ], [ 760063.462206260301173, 3788748.089265200309455 ], [ 760086.503283702302724, 3788748.727945578284562 ], [ 760086.759539582766593, 3788739.483640860300511 ], [ 760079.079172647325322, 3788739.270741346292198 ], [ 760079.335420392919332, 3788730.026436968706548 ], [ 760025.572804462746717, 3788728.536318512633443 ], [ 760025.828998568700626, 3788719.292015947401524 ], [ 760018.14861809508875, 3788719.079167331103235 ], [ 760018.404804066056386, 3788709.834865106269717 ], [ 760010.724416212062351, 3788709.622023037169129 ], [ 760010.21205888746772, 3788728.110627091489732 ], [ 760002.531686406466179, 3788727.897790831979364 ], [ 760002.78785775997676, 3788718.65348900295794 ], [ 759995.107477897661738, 3788718.440659289248288 ], [ 759994.5951498078648, 3788736.929262554738671 ], [ 759986.91478531784378, 3788736.716438652016222 ], [ 759986.658628031145781, 3788745.960740181151778 ], [ 759978.978271328378469, 3788745.747922335285693 ], [ 759978.722121075028554, 3788754.992223715875298 ], [ 759986.40247019357048, 3788755.205041806679219 ], [ 759985.890152866253629, 3788773.693645343184471 ], [ 760001.25082137749996, 3788774.119301410391927 ], [ 760001.506995484698564, 3788764.874999103602022 ], [ 760024.548022531438619, 3788765.513529726304114 ], [ 760024.291825671680272, 3788774.75783276790753 ], [ 760039.652496219961904, 3788775.183551845606416 ], [ 760039.396283640991896, 3788784.427855473011732 ] ], [ [ 760032.484569180756807, 3788756.482082677539438 ], [ 760032.740772523218766, 3788747.237779580522329 ], [ 760040.421130652073771, 3788747.450641534291208 ], [ 760040.164919725386426, 3788756.694944877177477 ], [ 760032.484569180756807, 3788756.482082677539438 ] ] ] } },
{ "type": "Feature", "properties": { "Code": 60, "type": "bare" }, "geometry": { "type": "Polygon", "coordinates": [ [ [ 760470.008239364135079, 3788777.869601738173515 ], [ 760485.368948734016158, 3788778.296051254030317 ], [ 760486.395550870802253, 3788741.318781135603786 ], [ 760478.715165747096762, 3788741.105554210022092 ], [ 760478.20188095071353, 3788759.594188585877419 ], [ 760462.841141651384532, 3788759.167752655223012 ], [ 760462.584513593930751, 3788768.412069495767355 ], [ 760470.264875557273626, 3788768.625284556765109 ], [ 760470.008239364135079, 3788777.869601738173515 ] ] ] } },
{ "type": "Feature", "properties": { "Code": 30, "type": "prairie" }, "geometry": { "type": "Polygon", "coordinates": [ [ [ 759740.37548371264711, 3788757.642282078973949 ], [ 759748.055818935506977, 3788757.854905082844198 ], [ 759748.311742215650156, 3788748.610610960051417 ], [ 759763.672428439487703, 3788749.035875381436199 ], [ 759763.928366337786429, 3788739.791580862365663 ], [ 759771.608717339346185, 3788740.004222279880196 ], [ 759771.096825824235566, 3788758.492811901960522 ], [ 759786.457498101051897, 3788758.918114620260894 ], [ 759786.713459301856346, 3788749.673819271381944 ], [ 759794.393803329207003, 3788749.886479837354273 ], [ 759794.905739248148166, 3788731.397888936568052 ], [ 759802.586098648025654, 3788731.610555313061923 ], [ 759802.842073366045952, 3788722.366259760223329 ], [ 759818.202807943336666, 3788722.791610925924033 ], [ 759818.71478606457822, 3788704.303019127808511 ], [ 759803.354021151200868, 3788703.877668942324817 ], [ 759803.609994218451902, 3788694.633373677264899 ], [ 759711.445330824353732, 3788692.081804785411805 ], [ 759711.189448765362613, 3788701.326097111217678 ], [ 759695.828689549583942, 3788700.900923353619874 ], [ 759694.805216484237462, 3788737.878091651946306 ], [ 759710.165915027842857, 3788738.303267370443791 ], [ 759709.910030218074098, 3788747.547560174483806 ], [ 759740.631399408797733, 3788748.397988201119006 ], [ 759740.37548371264711, 3788757.642282078973949 ] ], [ [ 759795.161706382175907, 3788722.153593629598618 ], [ 759795.417672965908423, 3788712.909298416692764 ], [ 759803.098047533771023, 3788713.121964303776622 ], [ 759802.842073366045952, 3788722.366259760223329 ], [ 759795.161706382175907, 3788722.153593629598618 ] ] ] } },
{ "type": "Feature", "properties": { "Code": 20, "type": "foret_claire" }, "geometry": { "type": "Polygon", "coordinates": [ [ [ 760163.050556148402393, 3788760.101597003173083 ], [ 760178.411264369729906, 3788760.527541939169168 ], [ 760178.667611811310053, 3788751.283234180882573 ], [ 760170.987250014208257, 3788751.07025880785659 ], [ 760171.243589320452884, 3788741.825951392296702 ], [ 760163.563220143667422, 3788741.612982566934079 ], [ 760164.075881934491917, 3788723.124368510209024 ], [ 760171.756266279728152, 3788723.337336845695972 ], [ 760172.012603932642378, 3788714.093029715586454 ], [ 760156.65182027744595, 3788713.667099836748093 ], [ 760155.626527032232843, 3788750.644326965790242 ], [ 760163.306888421648182, 3788750.857289737090468 ], [ 760163.050556148402393, 3788760.101597003173083 ] ] ] } },
{ "type": "Feature", "properties": { "Code": 50, "type": "urbain" }, "geometry": { "type": "Polygon", "coordinates": [ [ [ 760332.274890563916415, 3788755.54406486870721 ], [ 760332.531389137962833, 3788746.299752299208194 ], [ 760347.892136668320745, 3788746.725973502267152 ], [ 760347.635622925823554, 3788755.970286562573165 ], [ 760332.274890563916415, 3788755.54406486870721 ] ] ] } },
{ "type": "Feature", "properties": { "Code": 30, "type": "prairie" }, "geometry": { "type": "Polygon", "coordinates": [ [ [ 760570.366333888610825, 3788762.153333472087979 ], [ 760570.623067573527806, 3788752.909013287629932 ], [ 760578.303447563084774, 3788753.12231607362628 ], [ 760578.046706293825991, 3788762.366636502556503 ], [ 760570.366333888610825, 3788762.153333472087979 ] ] ] } },
{ "type": "Feature", "properties": { "Code": 20, "type": "foret_claire" }, "geometry": { "type": "Polygon", "coordinates": [ [ [ 758888.6247576137539, 3788706.347495524678379 ], [ 758889.389972647884861, 3788678.614696470554918 ], [ 758897.070330821210518, 3788678.826618605758995 ], [ 758896.815252107800916, 3788688.070885105058551 ], [ 758904.495602899696678, 3788688.282813784666359 ], [ 758903.985428659711033, 3788706.771347559522837 ], [ 758888.6247576137539, 3788706.347495524678379 ] ] ] } },
{ "type": "Feature", "properties": { "Code": 20, "type": "foret_claire" }, "geometry": { "type": "Polygon", "coordinates": [ [ [ 759072.9528637311887, 3788711.435383369214833 ], [ 759073.463371661724523, 3788692.946838847361505 ], [ 759081.143727121292613, 3788693.158912445418537 ], [ 759080.88846584665589, 3788702.403184903785586 ], [ 759088.568813924910501, 3788702.615265047643334 ], [ 759088.313544517382979, 3788711.859537845011801 ], [ 759072.9528637311887, 3788711.435383369214833 ] ] ] } },
{ "type": "Feature", "properties": { "Code": 20, "type": "foret_claire" }, "geometry": { "type": "Polygon", "coordinates": [ [ [ 759372.48628558171913, 3788719.710941751953214 ], [ 759372.741835594875738, 3788710.466659908182919 ], [ 759380.422191391466185, 3788710.678979486227036 ], [ 759380.166633794317022, 3788719.923261574003845 ], [ 759372.48628558171913, 3788719.710941751953214 ] ] ] } },
{ "type": "Feature", "properties": { "Code": 30, "type": "prairie" }, "geometry": { "type": "Polygon", "coordinates": [ [ [ 760086.503283702302724, 3788748.727945578284562 ], [ 760101.864003015682101, 3788749.153764000628144 ], [ 760102.120274064596742, 3788739.909458792768419 ], [ 760109.800641610869206, 3788740.122377211228013 ], [ 760110.313197223935276, 3788721.633766589220613 ], [ 760102.632814509328455, 3788721.420848662499338 ], [ 760102.889083905378357, 3788712.176543740089983 ], [ 760095.208693810040131, 3788711.963632359169424 ], [ 760094.952431998215616, 3788721.207937035243958 ], [ 760087.272049691295251, 3788720.995031710714102 ], [ 760087.015794912469573, 3788730.239336238708347 ], [ 760079.335420392919332, 3788730.026436968706548 ], [ 760079.079172647325322, 3788739.270741346292198 ], [ 760086.759539582766593, 3788739.483640860300511 ], [ 760086.503283702302724, 3788748.727945578284562 ] ] ] } },
{ "type": "Feature", "properties": { "Code": 30, "type": "prairie" }, "geometry": { "type": "Polygon", "coordinates": [ [ [ 759564.750791501370259, 3788715.776539647951722 ], [ 759565.00653056439478, 3788706.532251782715321 ], [ 759580.367267694789916, 3788706.957211798522621 ], [ 759580.111513463663869, 3788716.201500153169036 ], [ 759564.750791501370259, 3788715.776539647951722 ] ] ] } },
{ "type": "Feature", "properties": { "Code": 20, "type": "foret_claire" }, "geometry": { "type": "Polygon", "coordinates": [ [ [ 759795.161706382175907, 3788722.153593629598618 ], [ 759795.417672965908423, 3788712.909298416692764 ], [ 759803.098047533771023, 3788713.121964303776622 ], [ 759802.842073366045952, 3788722.366259760223329 ], [ 759795.161706382175907, 3788722.153593629598618 ] ] ] } },
{ "type": "Feature", "properties": { "Code": 60, "type": "bare" }, "geometry": { "type": "Polygon", "coordinates": [ [ [ 760578.046706293825991, 3788762.366636502556503 ], [ 760608.76819795568008, 3788763.219911640044302 ], [ 760609.795281068538316, 3788726.242626558989286 ], [ 760602.114877509651706, 3788726.029299306217581 ], [ 760602.371639323653653, 3788716.784978519193828 ], [ 760579.330407120520249, 3788716.145035305060446 ], [ 760579.587145629920997, 3788706.900715351104736 ], [ 760571.906727719353512, 3788706.687413793522865 ], [ 760571.393265316728503, 3788725.17605330562219 ], [ 760563.71286277868785, 3788724.962757558561862 ], [ 760563.199413336929865, 3788743.451396959833801 ], [ 760570.879800706519745, 3788743.664693198632449 ], [ 760570.623067573527806, 3788752.909013287629932 ], [ 760578.303447563084774, 3788753.12231607362628 ], [ 760578.046706293825991, 3788762.366636502556503 ] ] ] } },
{ "type": "Feature", "properties": { "Code": 20, "type": "foret_claire" }, "geometry": { "type": "Polygon", "coordinates": [ [ [ 760954.899429605575278, 3788754.337539121508598 ], [ 760955.156541399657726, 3788745.093206831719726 ], [ 760962.836946772877127, 3788745.306824184022844 ], [ 760962.579827394452877, 3788754.551156721077859 ], [ 760954.899429605575278, 3788754.337539121508598 ] ] ] } },
{ "type": "Feature", "properties": { "Code": 20, "type": "foret_claire" }, "geometry": { "type": "Polygon", "coordinates": [ [ [ 759649.490594850271009, 3788708.86984376469627 ], [ 759649.746416787384078, 3788699.625553301069885 ], [ 759657.426795072155073, 3788699.838099224492908 ], [ 759657.170965550933033, 3788709.082389931194484 ], [ 759649.490594850271009, 3788708.86984376469627 ] ] ] } },
{ "type": "Feature", "properties": { "Code": 20, "type": "foret_claire" }, "geometry": { "type": "Polygon", "coordinates": [ [ [ 760109.288083793828264, 3788758.610988213680685 ], [ 760124.648789161699824, 3788759.036844934336841 ], [ 760125.161377315293066, 3788740.548232949338853 ], [ 760132.841745472978801, 3788740.761170271318406 ], [ 760133.610646323184483, 3788713.02825227426365 ], [ 760102.889083905378357, 3788712.176543740089983 ], [ 760102.632814509328455, 3788721.420848662499338 ], [ 760110.313197223935276, 3788721.633766589220613 ], [ 760109.800641610869206, 3788740.122377211228013 ], [ 760102.120274064596742, 3788739.909458792768419 ], [ 760101.864003015682101, 3788749.153764000628144 ], [ 760109.544362977845594, 3788749.366682663094252 ], [ 760109.288083793828264, 3788758.610988213680685 ] ] ] } },
{ "type": "Feature", "properties": { "Code": 50, "type": "urbain" }, "geometry": { "type": "Polygon", "coordinates": [ [ [ 760379.126720681088045, 3788729.089863718487322 ], [ 760380.15288707066793, 3788692.112609258852899 ], [ 760387.833307462278754, 3788692.325753042474389 ], [ 760388.089855264872313, 3788683.081439420115203 ], [ 760411.131140417652205, 3788683.720907841809094 ], [ 760409.84828212717548, 3788729.942480588331819 ], [ 760402.167891460005194, 3788729.729316919110715 ], [ 760402.424456637119874, 3788720.485002425033599 ], [ 760387.063660745159723, 3788720.058694480918348 ], [ 760386.8071107363794, 3788729.303008484188467 ], [ 760379.126720681088045, 3788729.089863718487322 ] ] ] } },
{ "type": "Feature", "properties": { "Code": 30, "type": "prairie" }, "geometry": { "type": "Polygon", "coordinates": [ [ [ 760454.647530810325406, 3788777.443177426233888 ], [ 760470.008239364135079, 3788777.869601738173515 ], [ 760470.264875557273626, 3788768.625284556765109 ], [ 760462.584513593930751, 3788768.412069495767355 ], [ 760462.841141651384532, 3788759.167752655223012 ], [ 760478.20188095071353, 3788759.594188585877419 ], [ 760478.715165747096762, 3788741.105554210022092 ], [ 760471.034780826885253, 3788740.892333584371954 ], [ 760471.291414813371375, 3788731.648016784805804 ], [ 760463.611022513126954, 3788731.434802705422044 ], [ 760463.867648363579065, 3788722.190486246719956 ], [ 760440.826449935790151, 3788721.550882555544376 ], [ 760441.083052481990308, 3788712.306566928513348 ], [ 760433.402645829832181, 3788712.093378545716405 ], [ 760433.659240240231156, 3788702.8490632600151 ], [ 760418.298412380623631, 3788702.422705888282508 ], [ 760418.041833138326183, 3788711.667020684108138 ], [ 760410.361427098163404, 3788711.453851205296814 ], [ 760409.84828212717548, 3788729.942480588331819 ], [ 760417.528672999003902, 3788730.155650558881462 ], [ 760417.272092101979069, 3788739.399965640623122 ], [ 760424.952475592494011, 3788739.613142156973481 ], [ 760425.465652003418654, 3788721.12451159954071 ], [ 760433.146050867508166, 3788721.337693927809596 ], [ 760432.889455353841186, 3788730.582009403966367 ], [ 760440.56984683778137, 3788730.795198277570307 ], [ 760440.313243188196793, 3788740.039514095056802 ], [ 760432.63285928836558, 3788739.826324975118041 ], [ 760431.863067782134749, 3788767.559272264130414 ], [ 760454.904151835246012, 3788768.198860735166818 ], [ 760454.647530810325406, 3788777.443177426233888 ] ] ] } },
{ "type": "Feature", "properties": { "Code": 20, "type": "foret_claire" }, "geometry": { "type": "Polygon", "coordinates": [ [ [ 760340.981277967337519, 3788718.779921874403954 ], [ 760341.494285320863128, 3788700.291297100950032 ], [ 760349.174697108450346, 3788700.504409624263644 ], [ 760348.66167458682321, 3788718.993034889921546 ], [ 760340.981277967337519, 3788718.779921874403954 ] ] ] } },
{ "type": "Feature", "properties": { "Code": 60, "type": "bare" }, "geometry": { "type": "Polygon", "coordinates": [ [ [ 760471.034780826885253, 3788740.892333584371954 ], [ 760478.715165747096762, 3788741.105554210022092 ], [ 760479.228448336594738, 3788722.616920213215053 ], [ 760486.908848628634587, 3788722.830146647524089 ], [ 760487.422144179581665, 3788704.341512541286647 ], [ 760495.102559844614007, 3788704.554744786117226 ], [ 760495.359214376425371, 3788695.310427629388869 ], [ 760479.998368082684465, 3788694.88396993232891 ], [ 760479.741728719091043, 3788704.12828659825027 ], [ 760472.061313462327234, 3788703.91506695561111 ], [ 760472.317945241811685, 3788694.670750535558909 ], [ 760464.63752260489855, 3788694.457537440117449 ], [ 760464.894146248465404, 3788685.213221361860633 ], [ 760457.213716232217848, 3788685.000014812685549 ], [ 760456.700483561377041, 3788703.488646573852748 ], [ 760449.020068916724995, 3788703.275445835199207 ], [ 760448.506849207449704, 3788721.764077484142035 ], [ 760463.867648363579065, 3788722.190486246719956 ], [ 760463.611022513126954, 3788731.434802705422044 ], [ 760471.291414813371375, 3788731.648016784805804 ], [ 760471.034780826885253, 3788740.892333584371954 ] ] ] } },
{ "type": "Feature", "properties": { "Code": 30, "type": "prairie" }, "geometry": { "type": "Polygon", "coordinates": [ [ [ 760755.722987487097271, 3788730.29704158147797 ], [ 760755.9799009852577, 3788721.052715878468007 ], [ 760763.660316212801263, 3788721.266168907750398 ], [ 760763.403395130415447, 3788730.510494857560843 ], [ 760755.722987487097271, 3788730.29704158147797 ] ] ] } },
{ "type": "Feature", "properties": { "Code": 20, "type": "foret_claire" }, "geometry": { "type": "Polygon", "coordinates": [ [ [ 760886.289945220807567, 3788733.92660423181951 ], [ 760887.061070853844285, 3788706.193614860996604 ], [ 760894.741504724719562, 3788706.407174518797547 ], [ 760894.484455815399997, 3788715.651504460256547 ], [ 760902.1648823057767, 3788715.865070664789528 ], [ 760901.907825259724632, 3788725.109400947578251 ], [ 760894.2274063534569, 3788724.895834496244788 ], [ 760893.970356338890269, 3788734.140164626762271 ], [ 760886.289945220807567, 3788733.92660423181951 ] ] ] } },
{ "type": "Feature", "properties": { "Code": 60, "type": "bare" }, "geometry": { "type": "Polygon", "coordinates": [ [ [ 760917.011590918060392, 3788734.780883620958775 ], [ 760917.782807562034577, 3788707.047891298308969 ], [ 760925.463242250494659, 3788707.261476161889732 ], [ 760924.69200285396073, 3788734.994469222612679 ], [ 760917.011590918060392, 3788734.780883620958775 ] ] ] } },
{ "type": "Feature", "properties": { "Code": 20, "type": "foret_claire" }, "geometry": { "type": "Polygon", "coordinates": [ [ [ 760955.413652641116641, 3788735.84887463785708 ], [ 760955.670763329719193, 3788726.604542537592351 ], [ 760978.712025569169782, 3788727.245412023272365 ], [ 760978.45489212765824, 3788736.489744861144572 ], [ 760955.413652641116641, 3788735.84887463785708 ] ] ] } },
{ "type": "Feature", "properties": { "Code": 60, "type": "bare" }, "geometry": { "type": "Polygon", "coordinates": [ [ [ 759865.053119432530366, 3788696.334923682268709 ], [ 759865.565185259911232, 3788677.846329515334219 ], [ 759880.925998935475945, 3788678.271779046859592 ], [ 759880.413902772008441, 3788696.760374194942415 ], [ 759865.053119432530366, 3788696.334923682268709 ] ] ] } },
{ "type": "Feature", "properties": { "Code": 20, "type": "foret_claire" }, "geometry": { "type": "Polygon", "coordinates": [ [ [ 760026.341385128209367, 3788700.803411103319377 ], [ 760026.597577581647784, 3788691.559108823537827 ], [ 760034.27798101073131, 3788691.771963005419821 ], [ 760034.021780973067507, 3788701.016265529673547 ], [ 760026.341385128209367, 3788700.803411103319377 ] ] ] } },
{ "type": "Feature", "properties": { "Code": 20, "type": "foret_claire" }, "geometry": { "type": "Polygon", "coordinates": [ [ [ 760195.310140798799694, 3788705.48766402201727 ], [ 760195.566500101820566, 3788696.243356346152723 ], [ 760203.246908015222289, 3788696.456349151208997 ], [ 760202.99054112797603, 3788705.700657072011381 ], [ 760195.310140798799694, 3788705.48766402201727 ] ] ] } },
{ "type": "Feature", "properties": { "Code": 50, "type": "urbain" }, "geometry": { "type": "Polygon", "coordinates": [ [ [ 760440.826449935790151, 3788721.550882555544376 ], [ 760448.506849207449704, 3788721.764077484142035 ], [ 760449.020068916724995, 3788703.275445835199207 ], [ 760456.700483561377041, 3788703.488646573852748 ], [ 760457.213716232217848, 3788685.000014812685549 ], [ 760449.533286419231445, 3788684.786814564839005 ], [ 760449.276677943882532, 3788694.031130151357502 ], [ 760441.596255919663236, 3788693.817935958970338 ], [ 760441.339654476731084, 3788703.062251396942884 ], [ 760433.659240240231156, 3788702.8490632600151 ], [ 760433.402645829832181, 3788712.093378545716405 ], [ 760441.083052481990308, 3788712.306566928513348 ], [ 760440.826449935790151, 3788721.550882555544376 ] ] ] } },
{ "type": "Feature", "properties": { "Code": 30, "type": "prairie" }, "geometry": { "type": "Polygon", "coordinates": [ [ [ 761132.063202412216924, 3788740.763662296812981 ], [ 761155.10445601225365, 3788741.404967304319143 ], [ 761155.361763892462477, 3788732.160628804005682 ], [ 761147.681338237249292, 3788731.94685441441834 ], [ 761147.938637980027124, 3788722.702516254037619 ], [ 761140.258204944198951, 3788722.488748410716653 ], [ 761140.515496549662203, 3788713.244410592596978 ], [ 761117.474175918148831, 3788712.603145609144121 ], [ 761116.959637659951113, 3788731.091819862835109 ], [ 761132.320487539633177, 3788731.519324535503983 ], [ 761132.063202412216924, 3788740.763662296812981 ] ] ] } },
{ "type": "Feature", "properties": { "Code": 10, "type": "foret" }, "geometry": { "type": "Polygon", "coordinates": [ [ [ 759696.340422781649977, 3788682.412339775357395 ], [ 759696.596288572531193, 3788673.168048130348325 ], [ 759704.276690830709413, 3788673.380631123203784 ], [ 759704.020817455719225, 3788682.624923015013337 ], [ 759696.340422781649977, 3788682.412339775357395 ] ] ] } },
{ "type": "Feature", "properties": { "Code": 60, "type": "bare" }, "geometry": { "type": "Polygon", "coordinates": [ [ [ 760541.18505811970681, 3788705.834270576946437 ], [ 760541.441758156521246, 3788696.589951946865767 ], [ 760549.122182834078558, 3788696.80322805326432 ], [ 760548.86547521315515, 3788706.047546930145472 ], [ 760541.18505811970681, 3788705.834270576946437 ] ] ] } },
{ "type": "Feature", "properties": { "Code": 20, "type": "foret_claire" }, "geometry": { "type": "Polygon", "coordinates": [ [ [ 760670.468023361056112, 3788755.682440990582108 ], [ 760685.828788853134029, 3788756.109216693788767 ], [ 760686.34248209442012, 3788737.620569236110896 ], [ 760694.022880315664224, 3788737.833966047968715 ], [ 760694.279733692295849, 3788728.589642215985805 ], [ 760686.599327886826359, 3788728.376245650462806 ], [ 760687.113017815048806, 3788709.887598765548319 ], [ 760679.432597046135925, 3788709.674208992160857 ], [ 760679.689433597726747, 3788700.429885936900973 ], [ 760672.009005448315293, 3788700.216502712108195 ], [ 760672.522661726805381, 3788681.727857380639762 ], [ 760664.842218613252044, 3788681.514480946585536 ], [ 760665.099038340267725, 3788672.270158668980002 ], [ 760642.05768747383263, 3788671.630067914258689 ], [ 760641.800890499143861, 3788680.874389455188066 ], [ 760626.440006110235117, 3788680.447693299036473 ], [ 760625.669657379039563, 3788708.180657015182078 ], [ 760617.989238244481385, 3788707.967317651957273 ], [ 760616.962129210820422, 3788744.944602955132723 ], [ 760624.64251800859347, 3788745.157943301368505 ], [ 760624.899303679238074, 3788735.913621586281806 ], [ 760647.940494053298607, 3788736.553679695352912 ], [ 760647.683685629977845, 3788745.798002148978412 ], [ 760670.724855089210905, 3788746.43811770575121 ], [ 760670.468023361056112, 3788755.682440990582108 ] ] ] } },
{ "type": "Feature", "properties": { "Code": 20, "type": "foret_claire" }, "geometry": { "type": "Polygon", "coordinates": [ [ [ 760349.174697108450346, 3788700.504409624263644 ], [ 760350.713751438306645, 3788645.038536113221198 ], [ 760373.755124539369717, 3788645.677907071541995 ], [ 760373.498594110948034, 3788654.922219822183251 ], [ 760381.179044635617174, 3788655.135356321930885 ], [ 760380.665966956177726, 3788673.623982599470764 ], [ 760372.985531599610113, 3788673.410845608916134 ], [ 760372.472466882318258, 3788691.899471775628626 ], [ 760357.111627118312754, 3788691.4732157131657 ], [ 760356.855109100462869, 3788700.717528449837118 ], [ 760349.174697108450346, 3788700.504409624263644 ] ] ] } },
{ "type": "Feature", "properties": { "Code": 20, "type": "foret_claire" }, "geometry": { "type": "Polygon", "coordinates": [ [ [ 759911.647628729580902, 3788679.122753721196204 ], [ 759911.903706321492791, 3788669.878455311059952 ], [ 759919.584121863590553, 3788670.09121448546648 ], [ 759919.840206488966942, 3788660.846915924921632 ], [ 759965.922749521327205, 3788662.123601829167455 ], [ 759965.666619392111897, 3788671.367901862133294 ], [ 759957.986202628002502, 3788671.155104879289865 ], [ 759957.730079532018863, 3788680.399404761381447 ], [ 759911.647628729580902, 3788679.122753721196204 ] ] ] } },
{ "type": "Feature", "properties": { "Code": 50, "type": "urbain" }, "geometry": { "type": "Polygon", "coordinates": [ [ [ 760011.492948068422265, 3788681.88911767071113 ], [ 760012.261474968167022, 3788654.156213162001222 ], [ 760019.941908326232806, 3788654.369053759612143 ], [ 760019.68572565971408, 3788663.613355413544923 ], [ 760027.366151637746952, 3788663.826202557422221 ], [ 760027.109960836591199, 3788673.07050455128774 ], [ 760042.470798234920949, 3788673.496218233834952 ], [ 760042.214591714902781, 3788682.740520812105387 ], [ 760011.492948068422265, 3788681.88911767071113 ] ] ] } },
{ "type": "Feature", "properties": { "Code": 30, "type": "prairie" }, "geometry": { "type": "Polygon", "coordinates": [ [ [ 758836.647537804325111, 3788640.15436072088778 ], [ 758836.902553105959669, 3788630.910096652340144 ], [ 758844.582947778399102, 3788631.121973460540175 ], [ 758844.32792489300482, 3788640.366237773094326 ], [ 758836.647537804325111, 3788640.15436072088778 ] ] ] } },
{ "type": "Feature", "properties": { "Code": 30, "type": "prairie" }, "geometry": { "type": "Polygon", "coordinates": [ [ [ 759174.584761643549427, 3788649.482911584898829 ], [ 759174.840110631193966, 3788640.23863676795736 ], [ 759182.520514232804999, 3788640.450790811795741 ], [ 759182.77587025531102, 3788631.206515845376998 ], [ 759190.456281644525006, 3788631.418675945606083 ], [ 759190.20091803825926, 3788640.66295115603134 ], [ 759197.881322046858259, 3788640.875117802061141 ], [ 759197.625950307701714, 3788650.119393352884799 ], [ 759174.584761643549427, 3788649.482911584898829 ] ] ] } },
{ "type": "Feature", "properties": { "Code": 60, "type": "bare" }, "geometry": { "type": "Polygon", "coordinates": [ [ [ 759980.515161284361966, 3788690.282116057816893 ], [ 759995.875965901883319, 3788690.707755109295249 ], [ 759996.900608864263631, 3788653.730550867971033 ], [ 759989.220176117960364, 3788653.517729172948748 ], [ 759988.964023787295446, 3788662.762029845733196 ], [ 759981.28359882812947, 3788662.549214206635952 ], [ 759981.027453530929051, 3788671.793514728080481 ], [ 759988.707870906218886, 3788672.006330612581223 ], [ 759988.451717474265024, 3788681.250631474424154 ], [ 759980.771307682967745, 3788681.037815344985574 ], [ 759980.515161284361966, 3788690.282116057816893 ] ] ] } },
{ "type": "Feature", "properties": { "Code": 20, "type": "foret_claire" }, "geometry": { "type": "Polygon", "coordinates": [ [ [ 760410.361427098163404, 3788711.453851205296814 ], [ 760418.041833138326183, 3788711.667020684108138 ], [ 760418.298412380623631, 3788702.422705888282508 ], [ 760441.339654476731084, 3788703.062251396942884 ], [ 760441.596255919663236, 3788693.817935958970338 ], [ 760433.915834099170752, 3788693.604748067446053 ], [ 760434.172427406418137, 3788684.360432972200215 ], [ 760418.811569210374728, 3788683.934076583944261 ], [ 760419.068146797828376, 3788674.689762074034661 ], [ 760403.707274249056354, 3788674.263431380968541 ], [ 760403.450711829820648, 3788683.507745400536805 ], [ 760411.131140417652205, 3788683.720907841809094 ], [ 760410.361427098163404, 3788711.453851205296814 ] ] ] } },
{ "type": "Feature", "properties": { "Code": 50, "type": "urbain" }, "geometry": { "type": "Polygon", "coordinates": [ [ [ 760472.061313462327234, 3788703.91506695561111 ], [ 760479.741728719091043, 3788704.12828659825027 ], [ 760479.998368082684465, 3788694.88396993232891 ], [ 760487.678791127284057, 3788695.097195630893111 ], [ 760487.93543752329424, 3788685.852878814097494 ], [ 760495.61586835666094, 3788686.066110568586737 ], [ 760495.872521784971468, 3788676.821793602313846 ], [ 760488.192083367612213, 3788676.608562094625086 ], [ 760488.44872866012156, 3788667.364245469216257 ], [ 760480.76828286331147, 3788667.151020508259535 ], [ 760481.02492001990322, 3788657.906704225111753 ], [ 760473.344466842710972, 3788657.693485810887069 ], [ 760473.087837269995362, 3788666.937801848631352 ], [ 760457.726946696289815, 3788666.511383431963623 ], [ 760457.213716232217848, 3788685.000014812685549 ], [ 760464.894146248465404, 3788685.213221361860633 ], [ 760464.63752260489855, 3788694.457537440117449 ], [ 760472.317945241811685, 3788694.670750535558909 ], [ 760472.061313462327234, 3788703.91506695561111 ] ] ] } },
{ "type": "Feature", "properties": { "Code": 60, "type": "bare" }, "geometry": { "type": "Polygon", "coordinates": [ [ [ 760533.761333682574332, 3788696.376682140398771 ], [ 760541.441758156521246, 3788696.589951946865767 ], [ 760541.955156574491411, 3788678.101314972154796 ], [ 760557.316036470700055, 3788678.527872502803802 ], [ 760557.572750019957311, 3788669.283553666435182 ], [ 760572.933645901153795, 3788669.710135909728706 ], [ 760573.190374066820368, 3788660.465816678479314 ], [ 760565.509918439784087, 3788660.25252265157178 ], [ 760565.766638469416648, 3788651.008203760255128 ], [ 760535.044787667924538, 3788650.155091644264758 ], [ 760534.531407729373313, 3788668.643727557267994 ], [ 760519.170513890334405, 3788668.217208323534578 ], [ 760518.657162080751732, 3788686.705843634903431 ], [ 760534.018025583354756, 3788687.132363851647824 ], [ 760533.761333682574332, 3788696.376682140398771 ] ] ] } },
{ "type": "Feature", "properties": { "Code": 60, "type": "bare" }, "geometry": { "type": "Polygon", "coordinates": [ [ [ 761171.49458164582029, 3788704.855180080980062 ], [ 761172.009222764871083, 3788686.366502949036658 ], [ 761179.689686955418438, 3788686.580295011866838 ], [ 761179.947014269419014, 3788677.335956342983991 ], [ 761187.627486249431968, 3788677.54975446080789 ], [ 761187.112815899890848, 3788696.038432386703789 ], [ 761179.432359088328667, 3788695.824633776210248 ], [ 761179.175030667800456, 3788705.068972636479884 ], [ 761171.49458164582029, 3788704.855180080980062 ] ] ] } },
{ "type": "Feature", "properties": { "Code": 20, "type": "foret_claire" }, "geometry": { "type": "Polygon", "coordinates": [ [ [ 758844.32792489300482, 3788640.366237773094326 ], [ 758852.008312183897942, 3788640.578121126163751 ], [ 758852.263342652935535, 3788631.333856569137424 ], [ 758867.624133011442609, 3788631.757641688920557 ], [ 758868.389266631100327, 3788604.024847126565874 ], [ 758853.028430770384148, 3788603.601063470821828 ], [ 758853.538486773846671, 3788585.112535217776895 ], [ 758845.858053980744444, 3788584.900653329212219 ], [ 758846.3680926237721, 3788566.412125945556909 ], [ 758838.687644865713082, 3788566.200250845402479 ], [ 758836.902553105959669, 3788630.910096652340144 ], [ 758844.582947778399102, 3788631.121973460540175 ], [ 758844.32792489300482, 3788640.366237773094326 ] ] ] } },
{ "type": "Feature", "properties": { "Code": 20, "type": "foret_claire" }, "geometry": { "type": "Polygon", "coordinates": [ [ [ 759167.159707231912762, 3788640.026489024981856 ], [ 759167.670388392638415, 3788621.537940166890621 ], [ 759183.031225728918798, 3788621.962240975350142 ], [ 759182.520514232804999, 3788640.450790811795741 ], [ 759167.159707231912762, 3788640.026489024981856 ] ] ] } },
{ "type": "Feature", "properties": { "Code": 20, "type": "foret_claire" }, "geometry": { "type": "Polygon", "coordinates": [ [ [ 759627.984270829474553, 3788652.766506130807102 ], [ 759628.495862050796859, 3788634.277927915100008 ], [ 759651.537154948106036, 3788634.91552273510024 ], [ 759651.281336860731244, 3788644.159812529105693 ], [ 759643.600913275266066, 3788643.947274376638234 ], [ 759643.34510222193785, 3788653.191564022563398 ], [ 759627.984270829474553, 3788652.766506130807102 ] ] ] } },
{ "type": "Feature", "properties": { "Code": 50, "type": "urbain" }, "geometry": { "type": "Polygon", "coordinates": [ [ [ 759973.603174072573893, 3788662.336404867004603 ], [ 759974.115447847056203, 3788643.847804599441588 ], [ 759981.795887770596892, 3788644.06061344826594 ], [ 759981.539743574685417, 3788653.30491377832368 ], [ 759989.220176117960364, 3788653.517729172948748 ], [ 759988.964023787295446, 3788662.762029845733196 ], [ 759973.603174072573893, 3788662.336404867004603 ] ] ] } },
{ "type": "Feature", "properties": { "Code": 30, "type": "prairie" }, "geometry": { "type": "Polygon", "coordinates": [ [ [ 761071.905985214980319, 3788692.832114855293185 ], [ 761072.934868648997508, 3788655.854774157516658 ], [ 761080.615352932247333, 3788656.068483566865325 ], [ 761080.358125319005921, 3788665.312818845734 ], [ 761088.038602223386988, 3788665.526534801349044 ], [ 761087.781366472947411, 3788674.770870421547443 ], [ 761080.100897152908146, 3788674.557154218200594 ], [ 761079.586439161677845, 3788693.045825248584151 ], [ 761071.905985214980319, 3788692.832114855293185 ] ] ] } },
{ "type": "Feature", "properties": { "Code": 30, "type": "prairie" }, "geometry": { "type": "Polygon", "coordinates": [ [ [ 761363.763379056588747, 3788700.957539565395564 ], [ 761364.020888946019113, 3788691.71319488575682 ], [ 761371.701358255231753, 3788691.927144480403513 ], [ 761371.443840781459585, 3788701.171489404980093 ], [ 761363.763379056588747, 3788700.957539565395564 ] ] ] } },
{ "type": "Feature", "properties": { "Code": 20, "type": "foret_claire" }, "geometry": { "type": "Polygon", "coordinates": [ [ [ 759597.518376036081463, 3788642.672177779953927 ], [ 759597.774141036206856, 3788633.427889700047672 ], [ 759605.454570984933525, 3788633.640389801934361 ], [ 759605.198798400931992, 3788642.884678127709776 ], [ 759597.518376036081463, 3788642.672177779953927 ] ] ] } },
{ "type": "Feature", "properties": { "Code": 30, "type": "prairie" }, "geometry": { "type": "Polygon", "coordinates": [ [ [ 759892.9579518182436, 3788798.873135427478701 ], [ 759915.998879300197586, 3788799.511404346209019 ], [ 759916.254971633432433, 3788790.26710445061326 ], [ 759931.615606141509488, 3788790.692648078780621 ], [ 759931.871713092550635, 3788781.44834778830409 ], [ 759954.912689135177061, 3788782.086709753610194 ], [ 759955.937202442903072, 3788745.109506602399051 ], [ 759986.658628031145781, 3788745.960740181151778 ], [ 759986.91478531784378, 3788736.716438652016222 ], [ 759994.5951498078648, 3788736.929262554738671 ], [ 759995.107477897661738, 3788718.440659289248288 ], [ 760002.78785775997676, 3788718.65348900295794 ], [ 760002.531686406466179, 3788727.897790831979364 ], [ 760010.21205888746772, 3788728.110627091489732 ], [ 760010.724416212062351, 3788709.622023037169129 ], [ 760026.085192123893648, 3788710.047713477164507 ], [ 760026.597577581647784, 3788691.559108823537827 ], [ 760034.27798101073131, 3788691.771963005419821 ], [ 760034.534180497517809, 3788682.527660575229675 ], [ 760011.492948068422265, 3788681.88911767071113 ], [ 760012.261474968167022, 3788654.156213162001222 ], [ 760004.581041814875789, 3788653.943378864321858 ], [ 760005.861871046363376, 3788607.721874482929707 ], [ 759975.139988788054325, 3788606.870605207514018 ], [ 759974.88385437882971, 3788616.11490491265431 ], [ 759959.522929640021175, 3788615.689307590480894 ], [ 759959.010689505259506, 3788634.177906305529177 ], [ 759951.330242609605193, 3788633.965116605628282 ], [ 759951.074129300075583, 3788643.209415860939771 ], [ 759912.671935794060118, 3788642.145560650154948 ], [ 759912.415859853848815, 3788651.389858773909509 ], [ 759897.054999045911245, 3788650.964360305573791 ], [ 759896.798937722924165, 3788660.208658036310226 ], [ 759881.438092896831222, 3788659.783184282016009 ], [ 759881.182046191417612, 3788669.027481616009027 ], [ 759865.821217347867787, 3788668.602032575756311 ], [ 759866.077248885529116, 3788659.357735730707645 ], [ 759858.396827184944414, 3788659.145020906813443 ], [ 759857.884778727311641, 3788677.633614202030003 ], [ 759880.925998935475945, 3788678.271779046859592 ], [ 759880.413902772008441, 3788696.760374194942415 ], [ 759865.053119432530366, 3788696.334923682268709 ], [ 759864.797085693106055, 3788705.579220908693969 ], [ 759887.838238256168552, 3788706.217406863346696 ], [ 759887.582181214122102, 3788715.461704919114709 ], [ 759910.623312856536359, 3788716.099948317278177 ], [ 759910.367232511867769, 3788725.344247204717249 ], [ 759918.047602549660951, 3788725.557007852010429 ], [ 759917.791514070355333, 3788734.801307080313563 ], [ 759925.471876727882773, 3788735.014074272941798 ], [ 759925.215780114056543, 3788744.25837384024635 ], [ 759917.535425040638074, 3788744.045606403145939 ], [ 759917.023245329386555, 3788762.534205336123705 ], [ 759924.703585234587081, 3788762.746973264962435 ], [ 759924.191388152656145, 3788781.235573068726808 ], [ 759908.830738882883452, 3788780.810042534023523 ], [ 759909.086822530603968, 3788771.565743073821068 ], [ 759901.406490618130192, 3788771.352987503167242 ], [ 759901.662566131330095, 3788762.10868838429451 ], [ 759893.982226837193593, 3788761.895939358510077 ], [ 759894.238294215640053, 3788752.651640580035746 ], [ 759886.55794754170347, 3788752.438898102380335 ], [ 759885.533705061301589, 3788789.416092807427049 ], [ 759893.214021398685873, 3788789.628836266696453 ], [ 759892.9579518182436, 3788798.873135427478701 ] ], [ [ 759900.894337940379046, 3788789.841586027294397 ], [ 759901.150414554518647, 3788780.597286717500538 ], [ 759908.830738882883452, 3788780.810042534023523 ], [ 759908.574654684518464, 3788790.054342088289559 ], [ 759900.894337940379046, 3788789.841586027294397 ] ], [ [ 759980.515161284361966, 3788690.282116057816893 ], [ 759980.771307682967745, 3788681.037815344985574 ], [ 759988.451717474265024, 3788681.250631474424154 ], [ 759988.707870906218886, 3788672.006330612581223 ], [ 759981.027453530929051, 3788671.793514728080481 ], [ 759981.28359882812947, 3788662.549214206635952 ], [ 759973.603174072573893, 3788662.336404867004603 ], [ 759974.115447847056203, 3788643.847804599441588 ], [ 759981.795887770596892, 3788644.06061344826594 ], [ 759981.539743574685417, 3788653.30491377832368 ], [ 759996.900608864263631, 3788653.730550867971033 ], [ 759995.875965901883319, 3788690.707755109295249 ], [ 759980.515161284361966, 3788690.282116057816893 ] ], [ [ 759911.647628729580902, 3788679.122753721196204 ], [ 759911.903706321492791, 3788669.878455311059952 ], [ 759919.584121863590553, 3788670.09121448546648 ], [ 759919.840206488966942, 3788660.846915924921632 ], [ 759965.922749521327205, 3788662.123601829167455 ], [ 759965.666619392111897, 3788671.367901862133294 ], [ 759957.986202628002502, 3788671.155104879289865 ], [ 759957.730079532018863, 3788680.399404761381447 ], [ 759911.647628729580902, 3788679.122753721196204 ] ] ] } },
{ "type": "Feature", "properties": { "Code": 60, "type": "bare" }, "geometry": { "type": "Polygon", "coordinates": [ [ [ 760027.109960836591199, 3788673.07050455128774 ], [ 760042.470798234920949, 3788673.496218233834952 ], [ 760042.727004204061814, 3788664.251915750093758 ], [ 760050.407430792693049, 3788664.464781796559691 ], [ 760050.663643795065582, 3788655.220479162875563 ], [ 760042.983209622558206, 3788655.007613360416144 ], [ 760043.239414490060881, 3788645.763311069458723 ], [ 760027.878531587775797, 3788645.337598857004195 ], [ 760028.134720736648887, 3788636.093297149520367 ], [ 760012.773823480820283, 3788635.667610632255673 ], [ 760013.02999691106379, 3788626.423309511039406 ], [ 760020.710453020990826, 3788626.636149373371154 ], [ 760020.966633484466001, 3788617.391848103143275 ], [ 760013.286169790429994, 3788617.179008485283703 ], [ 760013.542342119151726, 3788607.93470755405724 ], [ 760005.861871046363376, 3788607.721874482929707 ], [ 760004.581041814875789, 3788653.943378864321858 ], [ 760019.941908326232806, 3788654.369053759612143 ], [ 760019.68572565971408, 3788663.613355413544923 ], [ 760027.366151637746952, 3788663.826202557422221 ], [ 760027.109960836591199, 3788673.07050455128774 ] ] ] } },
{ "type": "Feature", "properties": { "Code": 50, "type": "urbain" }, "geometry": { "type": "Polygon", "coordinates": [ [ [ 761118.245979157276452, 3788684.870134940836579 ], [ 761118.503245797473937, 3788675.625798243097961 ], [ 761126.183716140454635, 3788675.839545951690525 ], [ 761125.926441916148178, 3788685.083882895763963 ], [ 761118.245979157276452, 3788684.870134940836579 ] ] ] } },
{ "type": "Feature", "properties": { "Code": 60, "type": "bare" }, "geometry": { "type": "Polygon", "coordinates": [ [ [ 760488.705373400938697, 3788658.119928940664977 ], [ 760489.218661227147095, 3788639.631296165287495 ], [ 760519.940537465969101, 3788640.484256071038544 ], [ 760519.683863492682576, 3788649.728573394007981 ], [ 760512.003401710651815, 3788649.515323720406741 ], [ 760511.74673476931639, 3788658.759640891570598 ], [ 760488.705373400938697, 3788658.119928940664977 ] ] ] } },
{ "type": "Feature", "properties": { "Code": 30, "type": "prairie" }, "geometry": { "type": "Polygon", "coordinates": [ [ [ 760565.509918439784087, 3788660.25252265157178 ], [ 760565.766638469416648, 3788651.008203760255128 ], [ 760573.447101680445485, 3788651.221497540362179 ], [ 760573.190374066820368, 3788660.465816678479314 ], [ 760565.509918439784087, 3788660.25252265157178 ] ] ] } },
{ "type": "Feature", "properties": { "Code": 20, "type": "foret_claire" }, "geometry": { "type": "Polygon", "coordinates": [ [ [ 759805.401790279895067, 3788629.923309484031051 ], [ 759805.657758944667876, 3788620.679014980792999 ], [ 759813.33820955560077, 3788620.891684717964381 ], [ 759813.082233307068236, 3788630.135979467071593 ], [ 759805.401790279895067, 3788629.923309484031051 ] ] ] } },
{ "type": "Feature", "properties": { "Code": 30, "type": "prairie" }, "geometry": { "type": "Polygon", "coordinates": [ [ [ 760542.725250062299892, 3788650.36836022278294 ], [ 760542.98194678791333, 3788641.124042162206024 ], [ 760550.662416969891638, 3788641.337316794320941 ], [ 760550.91912072757259, 3788632.092998586129397 ], [ 760558.599598698318005, 3788632.306279273238033 ], [ 760558.342887356644496, 3788641.550597727764398 ], [ 760566.023357947124168, 3788641.763884962536395 ], [ 760565.766638469416648, 3788651.008203760255128 ], [ 760542.725250062299892, 3788650.36836022278294 ] ] ] } },
{ "type": "Feature", "properties": { "Code": 50, "type": "urbain" }, "geometry": { "type": "Polygon", "coordinates": [ [ [ 760949.790049246046692, 3788661.680611665826291 ], [ 760950.047147928504273, 3788652.436280572786927 ], [ 760957.727628940017894, 3788652.649889163207263 ], [ 760957.470522673451342, 3788661.894220502581447 ], [ 760949.790049246046692, 3788661.680611665826291 ] ] ] } },
{ "type": "Feature", "properties": { "Code": 30, "type": "prairie" }, "geometry": { "type": "Polygon", "coordinates": [ [ [ 761326.133487748214975, 3788672.154854831751436 ], [ 761326.390958055621013, 3788662.910511670168489 ], [ 761334.07144909305498, 3788663.124429018702358 ], [ 761333.813971201423556, 3788672.368772426154464 ], [ 761326.133487748214975, 3788672.154854831751436 ] ] ] } },
{ "type": "Feature", "properties": { "Code": 60, "type": "bare" }, "geometry": { "type": "Polygon", "coordinates": [ [ [ 760542.98194678791333, 3788641.124042162206024 ], [ 760543.238642961485311, 3788631.879724198952317 ], [ 760550.91912072757259, 3788632.092998586129397 ], [ 760550.662416969891638, 3788641.337316794320941 ], [ 760542.98194678791333, 3788641.124042162206024 ] ] ] } },
{ "type": "Feature", "properties": { "Code": 30, "type": "prairie" }, "geometry": { "type": "Polygon", "coordinates": [ [ [ 761311.029976595076732, 3788662.482695878483355 ], [ 761311.287431180477142, 3788653.238353306427598 ], [ 761326.64842780935578, 3788653.666168605908751 ], [ 761326.390958055621013, 3788662.910511670168489 ], [ 761311.029976595076732, 3788662.482695878483355 ] ] ] } },
{ "type": "Feature", "properties": { "Code": 20, "type": "foret_claire" }, "geometry": { "type": "Polygon", "coordinates": [ [ [ 760550.91912072757259, 3788632.092998586129397 ], [ 760551.432526587275788, 3788613.604362451005727 ], [ 760566.793513068580069, 3788614.030929144937545 ], [ 760566.280076872790232, 3788632.519566262606531 ], [ 760550.91912072757259, 3788632.092998586129397 ] ] ] } },
{ "type": "Feature", "properties": { "Code": 30, "type": "prairie" }, "geometry": { "type": "Polygon", "coordinates": [ [ [ 759337.661666883272119, 3788589.229517159983516 ], [ 759337.917171286069788, 3788579.985237876884639 ], [ 759345.597632240387611, 3788580.197522526606917 ], [ 759345.342120253830217, 3788589.441802053246647 ], [ 759337.661666883272119, 3788589.229517159983516 ] ] ] } },
{ "type": "Feature", "properties": { "Code": 10, "type": "foret" }, "geometry": { "type": "Polygon", "coordinates": [ [ [ 760420.607600738410838, 3788619.223877015989274 ], [ 760420.864174464484677, 3788609.979563174303621 ], [ 760428.544664132059552, 3788610.192736251745373 ], [ 760428.288082822109573, 3788619.437050340697169 ], [ 760420.607600738410838, 3788619.223877015989274 ] ] ] } },
{ "type": "Feature", "properties": { "Code": 50, "type": "urbain" }, "geometry": { "type": "Polygon", "coordinates": [ [ [ 760973.602832787320949, 3788634.588461870327592 ], [ 760973.859952564002015, 3788625.344130324665457 ], [ 760981.540456940652803, 3788625.55775708053261 ], [ 760981.283329579979181, 3788634.802088872063905 ], [ 760973.602832787320949, 3788634.588461870327592 ] ] ] } },
{ "type": "Feature", "properties": { "Code": 30, "type": "prairie" }, "geometry": { "type": "Polygon", "coordinates": [ [ [ 761303.864379620412365, 3788643.780112877488136 ], [ 761304.121825514594093, 3788634.535770741291344 ], [ 761311.802338690846227, 3788634.749668445903808 ], [ 761311.544885212439112, 3788643.99401082796976 ], [ 761303.864379620412365, 3788643.780112877488136 ] ] ] } },
{ "type": "Feature", "properties": { "Code": 20, "type": "foret_claire" }, "geometry": { "type": "Polygon", "coordinates": [ [ [ 759487.701485086116008, 3789000.437432132661343 ], [ 759510.741857508663088, 3789001.074734972789884 ], [ 759511.253278158605099, 3788982.586156360339373 ], [ 759503.573138646082953, 3788982.373716268222779 ], [ 759504.34024274488911, 3788954.640849796589464 ], [ 759496.660080681322142, 3788954.428416740614921 ], [ 759497.171465496649034, 3788935.939840060658753 ], [ 759504.851642729132436, 3788936.152272629085928 ], [ 759504.595943012041971, 3788945.396561164408922 ], [ 759512.276112862164155, 3788945.609000276774168 ], [ 759512.7875269157812, 3788927.120422809850425 ], [ 759528.147897566086613, 3788927.545318960212171 ], [ 759527.892175645218231, 3788936.789608136285096 ], [ 759543.252531939418986, 3788937.214529981371015 ], [ 759543.508269028854556, 3788927.970240315888077 ], [ 759589.589388297637925, 3788929.245155609212816 ], [ 759589.333605701685883, 3788938.489446742925793 ], [ 759597.013785374118015, 3788938.70195492496714 ], [ 759598.036942795733921, 3788901.724789981730282 ], [ 759605.717153009027243, 3788901.937303483486176 ], [ 759606.228743589133956, 3788883.448721095919609 ], [ 759613.908969173207879, 3788883.661240409594029 ], [ 759614.16477122285869, 3788874.416949113365263 ], [ 759621.84500459569972, 3788874.629474484361708 ], [ 759621.589194961939938, 3788883.873766025528312 ], [ 759636.949647148838267, 3788884.298836159985512 ], [ 759636.43799589399714, 3788902.787420507054776 ], [ 759651.798418557271361, 3788903.212516825180501 ], [ 759651.286734765162691, 3788921.701102532912046 ], [ 759643.606538500869647, 3788921.488550733309239 ], [ 759643.350703364238143, 3788930.732843486126512 ], [ 759635.670514887198806, 3788930.520297742914408 ], [ 759635.414686784963124, 3788939.764590345323086 ], [ 759604.693965249811299, 3788938.914469406474382 ], [ 759604.438166935462505, 3788948.158761124126613 ], [ 759589.077822556020692, 3788947.733737971633673 ], [ 759588.310469819931313, 3788975.466612232849002 ], [ 759611.350918432814069, 3788976.104158616159111 ], [ 759611.606725981459022, 3788966.859866365790367 ], [ 759634.64719917869661, 3788967.497468725778162 ], [ 759634.391368876677006, 3788976.741761710029095 ], [ 759657.431821150938049, 3788977.379421514924616 ], [ 759657.175967545481399, 3788986.623715329449624 ], [ 759664.856111126136966, 3788986.836281445343047 ], [ 759664.600249386159703, 3788996.080575599335134 ], [ 759672.280385585152544, 3788996.293148260563612 ], [ 759672.024515710654669, 3789005.5374427549541 ], [ 759679.704644529148936, 3789005.750021962448955 ], [ 759680.216398896998726, 3788987.261432579252869 ], [ 759695.576687481603585, 3788987.686608918942511 ], [ 759695.320795403677039, 3788996.930904052220285 ], [ 759718.361207052366808, 3788997.568716554902494 ], [ 759718.617121883900836, 3788988.324420686811209 ], [ 759733.977412502863444, 3788988.749660037457943 ], [ 759733.721482502296567, 3788997.993956395424902 ], [ 759741.401620532851666, 3788998.206585767678916 ], [ 759741.145682397531345, 3789007.450882466044277 ], [ 759810.266865564626642, 3789009.364832575432956 ], [ 759810.522871960885823, 3789000.120533672627062 ], [ 759779.80231373605784, 3788999.2698271474801 ], [ 759780.314264201326296, 3788980.781231587287039 ], [ 759772.63410998438485, 3788980.568571198731661 ], [ 759772.890076807118021, 3788971.324273806530982 ], [ 759765.209915209794417, 3788971.111619964241982 ], [ 759765.465873897774145, 3788961.867322913371027 ], [ 759742.425367572112009, 3788961.229399927891791 ], [ 759742.169431637623347, 3788970.473696243949234 ], [ 759726.809110273141414, 3788970.048445270396769 ], [ 759727.065031038597226, 3788960.804149442352355 ], [ 759719.384863077662885, 3788960.59153365297243 ], [ 759719.128949896548875, 3788969.835829234682024 ], [ 759696.088469987269491, 3788969.198018936440349 ], [ 759696.600250292685814, 3788950.709429336246103 ], [ 759688.920075560454279, 3788950.496838995721191 ], [ 759689.17595730361063, 3788941.252544585149735 ], [ 759681.495775190996937, 3788941.0399607908912 ], [ 759681.751648799749091, 3788931.795666718389839 ], [ 759674.071459305472672, 3788931.583089469466358 ], [ 759674.839054078096524, 3788903.850208560470492 ], [ 759667.158842034754343, 3788903.637638347689062 ], [ 759667.670553964097053, 3788885.149052041582763 ], [ 759659.990326954983175, 3788884.936488619539887 ], [ 759660.246174510451965, 3788875.692195854149759 ], [ 759652.565940120373853, 3788875.479638978373259 ], [ 759652.821779541554861, 3788866.235346553381532 ], [ 759614.420572722447105, 3788865.172657913528383 ], [ 759614.676373672205955, 3788855.928366807755083 ], [ 759622.356622213730589, 3788856.140891690272838 ], [ 759622.86823763186112, 3788837.652309276163578 ], [ 759630.54850154533051, 3788837.864839969202876 ], [ 759631.060129932360724, 3788819.376257448457181 ], [ 759638.740409216843545, 3788819.5887939510867 ], [ 759638.996230169665068, 3788810.344502588268369 ], [ 759746.520267699845135, 3788813.320671825669706 ], [ 759746.776194281294011, 3788804.076377130579203 ], [ 759739.095896979095414, 3788803.86375290248543 ], [ 759739.863650669809431, 3788776.13087012199685 ], [ 759762.904611443402246, 3788776.768759507220238 ], [ 759763.160550992237404, 3788767.524464703630656 ], [ 759793.881865209201351, 3788768.375071119051427 ], [ 759794.137834544293582, 3788759.130775430239737 ], [ 759801.818171191727743, 3788759.343442542012781 ], [ 759802.07414756086655, 3788750.099146703258157 ], [ 759825.115181475877762, 3788750.737185108941048 ], [ 759825.37118004693184, 3788741.492888629902154 ], [ 759848.412238546996377, 3788742.130983009003103 ], [ 759848.668259319849312, 3788732.886685891542584 ], [ 759864.028981172479689, 3788733.31211315933615 ], [ 759864.285016563138925, 3788724.06781564746052 ], [ 759910.367232511867769, 3788725.344247204717249 ], [ 759910.623312856536359, 3788716.099948317278177 ], [ 759887.582181214122102, 3788715.461704919114709 ], [ 759887.838238256168552, 3788706.217406863346696 ], [ 759864.797085693106055, 3788705.579220908693969 ], [ 759865.565185259911232, 3788677.846329515334219 ], [ 759857.884778727311641, 3788677.633614202030003 ], [ 759858.396827184944414, 3788659.145020906813443 ], [ 759866.077248885529116, 3788659.357735730707645 ], [ 759865.821217347867787, 3788668.602032575756311 ], [ 759881.182046191417612, 3788669.027481616009027 ], [ 759881.438092896831222, 3788659.783184282016009 ], [ 759896.798937722924165, 3788660.208658036310226 ], [ 759897.054999045911245, 3788650.964360305573791 ], [ 759912.415859853848815, 3788651.389858773909509 ], [ 759912.671935794060118, 3788642.145560650154948 ], [ 759951.074129300075583, 3788643.209415860939771 ], [ 759951.330242609605193, 3788633.965116605628282 ], [ 759959.010689505259506, 3788634.177906305529177 ], [ 759959.522929640021175, 3788615.689307590480894 ], [ 759974.88385437882971, 3788616.11490491265431 ], [ 759975.139988788054325, 3788606.870605207514018 ], [ 760005.861871046363376, 3788607.721874482929707 ], [ 760006.63036197621841, 3788579.988972998224199 ], [ 760014.310855800635181, 3788580.201805332675576 ], [ 760014.823195501347072, 3788561.713204328902066 ], [ 759984.10116075235419, 3788560.861914754845202 ], [ 759984.357299441471696, 3788551.617615376133472 ], [ 759976.676783679286018, 3788551.404808979015797 ], [ 759976.932914233766496, 3788542.160509943030775 ], [ 759969.252391092129983, 3788541.947710092645139 ], [ 759968.484020527917892, 3788569.680606756359339 ], [ 759953.123020358150825, 3788569.255024488084018 ], [ 759952.866910903016105, 3788578.499323075637221 ], [ 759937.50592671497725, 3788578.073765520937741 ], [ 759937.249831877066754, 3788587.318063711747527 ], [ 759921.888863672036678, 3788586.892530871089548 ], [ 759921.63278345100116, 3788596.13682866981253 ], [ 759906.271831228979863, 3788595.711320540402085 ], [ 759904.991497704992071, 3788641.932808510493487 ], [ 759851.228436776669696, 3788640.443719960283488 ], [ 759851.484451495110989, 3788631.199423890560865 ], [ 759843.80400744988583, 3788630.986722404137254 ], [ 759843.548000315437093, 3788640.231018228922039 ], [ 759820.506692153867334, 3788639.592950838152319 ], [ 759820.250707220751792, 3788648.837246021255851 ], [ 759797.209423643886112, 3788648.199234605301172 ], [ 759796.95346091222018, 3788657.443529149517417 ], [ 759804.633880984038115, 3788657.656193566974252 ], [ 759804.377910117967986, 3788666.900488451123238 ], [ 759796.697497630259022, 3788666.687823789659888 ], [ 759796.441533798002638, 3788675.932118523865938 ], [ 759781.080724601401016, 3788675.506807614583522 ], [ 759780.824775386834517, 3788684.751101954840124 ], [ 759719.381607413291931, 3788683.050108395051211 ], [ 759720.405158283771016, 3788646.072939444333315 ], [ 759712.724732868140563, 3788645.860344583168626 ], [ 759712.980611626524478, 3788636.616052830591798 ], [ 759697.619746235664934, 3788636.19088250072673 ], [ 759697.875609276117757, 3788626.946591331157833 ], [ 759690.195169302634895, 3788626.734015863854438 ], [ 759690.706878565717489, 3788608.245434302370995 ], [ 759706.067789052263834, 3788608.670590559951961 ], [ 759706.835394324269146, 3788580.93771746288985 ], [ 759691.474438334815204, 3788580.512562674935907 ], [ 759691.2185856285505, 3788589.756853122729808 ], [ 759675.857645620591938, 3788589.331723047420382 ], [ 759675.090129704214633, 3788617.06459349161014 ], [ 759659.729236012673937, 3788616.639487150125206 ], [ 759659.21758632035926, 3788635.128066944424063 ], [ 759674.578449676511809, 3788635.553174264263362 ], [ 759674.322608837625012, 3788644.797464792616665 ], [ 759682.003033236367628, 3788645.0100281490013 ], [ 759680.979634044575505, 3788681.987192201428115 ], [ 759688.660028311656788, 3788682.199762837961316 ], [ 759687.380729025811888, 3788728.42122127301991 ], [ 759679.700372678576969, 3788728.208649411797523 ], [ 759679.444518755422905, 3788737.452941138762981 ], [ 759671.764170196373016, 3788737.240375333931297 ], [ 759671.508323307032697, 3788746.484666913282126 ], [ 759663.827982534887269, 3788746.272107163444161 ], [ 759662.804619813919999, 3788783.249273452907801 ], [ 759632.083380106952973, 3788782.399093548767269 ], [ 759632.339191275648773, 3788773.154802812729031 ], [ 759624.658874272950925, 3788772.942273833788931 ], [ 759624.914677307708189, 3788763.697983438614756 ], [ 759617.234352924395353, 3788763.485461005475372 ], [ 759616.978557473863475, 3788772.729751156643033 ], [ 759593.937608297797851, 3788772.092220929916948 ], [ 759593.170286903623492, 3788799.82508975174278 ], [ 759531.727946734521538, 3788798.125280516687781 ], [ 759531.216517735854723, 3788816.613856291864067 ], [ 759523.536241297842935, 3788816.401408002711833 ], [ 759523.791948487982154, 3788807.157120311632752 ], [ 759516.111664669006132, 3788806.944678567815572 ], [ 759516.367363725206815, 3788797.700391218066216 ], [ 759501.006781530333683, 3788797.275527122430503 ], [ 759500.495413204771467, 3788815.764100940898061 ], [ 759492.815137580619194, 3788815.551677855663002 ], [ 759493.070814433973283, 3788806.307391143869609 ], [ 759485.390531428391114, 3788806.094974603969604 ], [ 759485.646200148039497, 3788796.850688232574612 ], [ 759439.564460879657418, 3788795.576322784181684 ], [ 759440.075705660739914, 3788777.087753262836486 ], [ 759463.116619884734973, 3788777.724906164221466 ], [ 759463.372264203149825, 3788768.480620814021677 ], [ 759432.65101530845277, 3788767.631097192876041 ], [ 759432.395401326357387, 3788776.875381565187126 ], [ 759424.71509719453752, 3788776.663016167469323 ], [ 759424.203882749890909, 3788795.151584710925817 ], [ 759370.441865698317997, 3788793.665199931245297 ], [ 759370.186310740653425, 3788802.909482633229345 ], [ 759393.227151220082305, 3788803.546467609703541 ], [ 759392.971572960494086, 3788812.79075114056468 ], [ 759400.651845942251384, 3788813.003092313185334 ], [ 759400.39625954919029, 3788822.247376183047891 ], [ 759408.076525150565431, 3788822.459723900537938 ], [ 759407.820930623798631, 3788831.704008112195879 ], [ 759415.501188843045384, 3788831.916362375020981 ], [ 759415.245586182689294, 3788841.160646927077323 ], [ 759430.606088064960204, 3788841.58537484658882 ], [ 759430.350469686673023, 3788850.829659982584417 ], [ 759438.030713347834535, 3788851.04203363833949 ], [ 759437.775086835841648, 3788860.286319112870842 ], [ 759445.455323116621003, 3788860.498699315357953 ], [ 759445.19968847092241, 3788869.742985132150352 ], [ 759452.879917370039038, 3788869.955371879506856 ], [ 759452.624274590285495, 3788879.199658036231995 ], [ 759460.304496109252796, 3788879.412051327992231 ], [ 759460.048845195677131, 3788888.656337824650109 ], [ 759467.729059333447367, 3788888.868737663142383 ], [ 759468.4960331779439, 3788861.135877724736929 ], [ 759476.176270271302201, 3788861.348283131141216 ], [ 759477.198924706317484, 3788824.371136905625463 ], [ 759484.879192340304144, 3788824.583547633141279 ], [ 759484.623521971749142, 3788833.827834291849285 ], [ 759492.303782224655151, 3788834.040251565631479 ], [ 759492.048103722510859, 3788843.284538562875241 ], [ 759499.728356594103388, 3788843.496962381992489 ], [ 759499.472669957904145, 3788852.741249720565975 ], [ 759507.152915449114516, 3788852.953680086415261 ], [ 759506.897220678976737, 3788862.197967763524503 ], [ 759529.937935618683696, 3788862.83529739966616 ], [ 759529.682217546040192, 3788872.0795859079808 ], [ 759537.362448681495152, 3788872.292041966691613 ], [ 759536.850995718501508, 3788890.780619758646935 ], [ 759529.170779751730151, 3788890.568163210060447 ], [ 759528.915060029830784, 3788899.812452004756778 ], [ 759505.874436101410538, 3788899.175119431689382 ], [ 759506.130133070284501, 3788889.930831372272223 ], [ 759498.449917916208506, 3788889.718400028534234 ], [ 759498.194228531676345, 3788898.962687843944877 ], [ 759475.153607042273507, 3788898.325430884957314 ], [ 759474.897939860937186, 3788907.569718061480671 ], [ 759490.25833881564904, 3788907.9945502220653 ], [ 759490.002655916032381, 3788917.238837983924896 ], [ 759482.322463921504095, 3788917.026418508961797 ], [ 759481.044079100945964, 3788963.247857523616403 ], [ 759488.724233173648827, 3788963.460278223268688 ], [ 759487.701485086116008, 3789000.437432132661343 ] ], [ [ 759544.019741558702663, 3788909.481661270838231 ], [ 759544.7869462298695, 3788881.74879341898486 ], [ 759567.827618714654818, 3788882.386219039559364 ], [ 759567.571861620992422, 3788891.630508962552994 ], [ 759575.2520786045352, 3788891.842997016850859 ], [ 759574.740547599154525, 3788910.331577637698501 ], [ 759544.019741558702663, 3788909.481661270838231 ] ], [ [ 759537.362448681495152, 3788872.292041966691613 ], [ 759537.618174338364042, 3788863.047753213904798 ], [ 759560.658891718601808, 3788863.685158461797982 ], [ 759561.170386888668872, 3788845.196579774841666 ], [ 759584.211151604540646, 3788845.834040264133364 ], [ 759583.955381541745737, 3788855.078330295626074 ], [ 759576.27513401710894, 3788854.865836918819696 ], [ 759576.019370988709852, 3788864.11012679990381 ], [ 759568.339131252258085, 3788863.897639480885118 ], [ 759568.083375258371234, 3788873.141929212026298 ], [ 759537.362448681495152, 3788872.292041966691613 ] ], [ [ 759408.332119127851911, 3788813.215439785737544 ], [ 759408.587712555541657, 3788803.971155764535069 ], [ 759416.267993527231738, 3788804.183509294409305 ], [ 759416.012392515316606, 3788813.427793559618294 ], [ 759408.332119127851911, 3788813.215439785737544 ] ], [ [ 759732.183330818777904, 3788775.918252928182483 ], [ 759732.439240031177178, 3788766.673959103878587 ], [ 759740.119567466434091, 3788766.886576052755117 ], [ 759739.863650669809431, 3788776.13087012199685 ], [ 759732.183330818777904, 3788775.918252928182483 ] ], [ [ 759747.799895104952157, 3788767.099199301563203 ], [ 759748.055818935506977, 3788757.854905082844198 ], [ 759755.736154361162335, 3788758.067534388974309 ], [ 759755.480222946614958, 3788767.311828851699829 ], [ 759747.799895104952157, 3788767.099199301563203 ] ], [ [ 759740.37548371264711, 3788757.642282078973949 ], [ 759740.631399408797733, 3788748.397988201119006 ], [ 759709.910030218074098, 3788747.547560174483806 ], [ 759710.165915027842857, 3788738.303267370443791 ], [ 759694.805216484237462, 3788737.878091651946306 ], [ 759695.828689549583942, 3788700.900923353619874 ], [ 759711.189448765362613, 3788701.326097111217678 ], [ 759711.445330824353732, 3788692.081804785411805 ], [ 759803.609994218451902, 3788694.633373677264899 ], [ 759803.354021151200868, 3788703.877668942324817 ], [ 759818.71478606457822, 3788704.303019127808511 ], [ 759818.202807943336666, 3788722.791610925924033 ], [ 759802.842073366045952, 3788722.366259760223329 ], [ 759802.586098648025654, 3788731.610555313061923 ], [ 759794.905739248148166, 3788731.397888936568052 ], [ 759794.393803329207003, 3788749.886479837354273 ], [ 759786.713459301856346, 3788749.673819271381944 ], [ 759786.457498101051897, 3788758.918114620260894 ], [ 759771.096825824235566, 3788758.492811901960522 ], [ 759771.608717339346185, 3788740.004222279880196 ], [ 759763.928366337786429, 3788739.791580862365663 ], [ 759763.672428439487703, 3788749.035875381436199 ], [ 759748.311742215650156, 3788748.610610960051417 ], [ 759748.055818935506977, 3788757.854905082844198 ], [ 759740.37548371264711, 3788757.642282078973949 ] ], [ [ 759696.340422781649977, 3788682.412339775357395 ], [ 759696.596288572531193, 3788673.168048130348325 ], [ 759704.276690830709413, 3788673.380631123203784 ], [ 759704.020817455719225, 3788682.624923015013337 ], [ 759696.340422781649977, 3788682.412339775357395 ] ] ] } },
{ "type": "Feature", "properties": { "Code": 30, "type": "prairie" }, "geometry": { "type": "Polygon", "coordinates": [ [ [ 760488.429348343983293, 3788944.9070242671296 ], [ 760503.789785899221897, 3788945.333520432934165 ], [ 760504.04646994615905, 3788936.089200310409069 ], [ 760527.08715056325309, 3788936.728991083335131 ], [ 760527.857267654151656, 3788908.996029074303806 ], [ 760520.177017823676579, 3788908.782759918831289 ], [ 760520.947107194573618, 3788881.049799504224211 ], [ 760513.266834816080518, 3788880.836537387222052 ], [ 760513.52352258481551, 3788871.592217685654759 ], [ 760521.203802547883242, 3788871.805479556322098 ], [ 760521.460497349384241, 3788862.561159704811871 ], [ 760529.140785102150403, 3788862.774427631869912 ], [ 760528.884082716307603, 3788872.018747729249299 ], [ 760544.244643664569594, 3788872.445302978157997 ], [ 760543.987925557885319, 3788881.689623662736267 ], [ 760567.028745758230798, 3788882.32950453273952 ], [ 760567.285486618289724, 3788873.085183110553771 ], [ 760559.605205429368652, 3788872.871883431449533 ], [ 760560.632133012637496, 3788835.89459967892617 ], [ 760552.951821690774523, 3788835.68130728462711 ], [ 760553.208544622291811, 3788826.436986829619855 ], [ 760545.528225919697434, 3788826.223700982518494 ], [ 760545.78494071518071, 3788816.97938086790964 ], [ 760530.424288754002191, 3788816.552828567102551 ], [ 760530.680987828876823, 3788807.308509040158242 ], [ 760553.721988830016926, 3788807.948346205521375 ], [ 760553.978710105875507, 3788798.704026038292795 ], [ 760530.93768635194283, 3788798.064189609605819 ], [ 760531.19438432296738, 3788788.819870272651315 ], [ 760523.514035895350389, 3788788.606604311615229 ], [ 760523.770725730340928, 3788779.362285315059125 ], [ 760516.090369923738763, 3788779.149025900289416 ], [ 760516.34705162269529, 3788769.904707245528698 ], [ 760493.305962671525776, 3788769.264967546332628 ], [ 760494.589249125332572, 3788723.043379384092987 ], [ 760532.991254669148475, 3788724.109637580811977 ], [ 760532.734560561133549, 3788733.35395625140518 ], [ 760548.095349039067514, 3788733.7805041288957 ], [ 760547.838639210560359, 3788743.024823385756463 ], [ 760555.519026171881706, 3788743.238107021898031 ], [ 760555.262308207340539, 3788752.482426620088518 ], [ 760570.623067573527806, 3788752.909013287629932 ], [ 760570.879800706519745, 3788743.664693198632449 ], [ 760563.199413336929865, 3788743.451396959833801 ], [ 760563.71286277868785, 3788724.962757558561862 ], [ 760571.393265316728503, 3788725.17605330562219 ], [ 760571.906727719353512, 3788706.687413793522865 ], [ 760579.587145629920997, 3788706.900715351104736 ], [ 760579.330407120520249, 3788716.145035305060446 ], [ 760602.371639323653653, 3788716.784978519193828 ], [ 760602.114877509651706, 3788726.029299306217581 ], [ 760609.795281068538316, 3788726.242626558989286 ], [ 760608.76819795568008, 3788763.219911640044302 ], [ 760616.448571381857619, 3788763.433246177155524 ], [ 760617.73246181407012, 3788717.211638834793121 ], [ 760610.05205046676565, 3788716.998305526096374 ], [ 760610.565587606979534, 3788698.509663747623563 ], [ 760595.204735188977793, 3788698.083017016761005 ], [ 760595.461487762629986, 3788688.838696761988103 ], [ 760580.100620993063785, 3788688.412075727712363 ], [ 760580.357357846572995, 3788679.167756058741361 ], [ 760572.676917183562182, 3788678.954455238766968 ], [ 760572.933645901153795, 3788669.710135909728706 ], [ 760557.572750019957311, 3788669.283553666435182 ], [ 760557.316036470700055, 3788678.527872502803802 ], [ 760541.955156574491411, 3788678.101314972154796 ], [ 760541.441758156521246, 3788696.589951946865767 ], [ 760533.761333682574332, 3788696.376682140398771 ], [ 760534.018025583354756, 3788687.132363851647824 ], [ 760518.657162080751732, 3788686.705843634903431 ], [ 760519.170513890334405, 3788668.217208323534578 ], [ 760511.490067276521586, 3788668.00395815866068 ], [ 760511.74673476931639, 3788658.759640891570598 ], [ 760488.705373400938697, 3788658.119928940664977 ], [ 760489.218661227147095, 3788639.631296165287495 ], [ 760496.899129980825819, 3788639.844526690430939 ], [ 760497.155780650209635, 3788630.600210201926529 ], [ 760489.475304312654771, 3788630.386979921720922 ], [ 760489.731946846353821, 3788621.142663772217929 ], [ 760497.412430768017657, 3788621.355893805623055 ], [ 760497.669080333900638, 3788612.111577506642789 ], [ 760489.988588828360662, 3788611.898347718641162 ], [ 760490.245230258442461, 3788602.654031758662313 ], [ 760482.56473137345165, 3788602.440808518789709 ], [ 760482.308097527245991, 3788611.685124232433736 ], [ 760466.947115536429919, 3788611.258696161210537 ], [ 760466.690496306400746, 3788620.503011477645487 ], [ 760451.329530300572515, 3788620.076608119066805 ], [ 760451.072925686836243, 3788629.320923040620983 ], [ 760443.39245057431981, 3788629.107730568386614 ], [ 760442.879254859872162, 3788647.596360202878714 ], [ 760427.518335581989959, 3788647.169993177987635 ], [ 760427.774918547016568, 3788637.92567880358547 ], [ 760404.733518410357647, 3788637.286176259163767 ], [ 760404.990078071597964, 3788628.041862718295306 ], [ 760381.948657018248923, 3788627.402417621109635 ], [ 760381.692120108869858, 3788636.646730425767601 ], [ 760374.011654416332021, 3788636.433594416361302 ], [ 760373.498594110948034, 3788654.922219822183251 ], [ 760381.179044635617174, 3788655.135356321930885 ], [ 760380.665966956177726, 3788673.623982599470764 ], [ 760372.985531599610113, 3788673.410845608916134 ], [ 760372.472466882318258, 3788691.899471775628626 ], [ 760357.111627118312754, 3788691.4732157131657 ], [ 760356.855109100462869, 3788700.717528449837118 ], [ 760349.174697108450346, 3788700.504409624263644 ], [ 760348.66167458682321, 3788718.993034889921546 ], [ 760279.538112353417091, 3788717.075244592502713 ], [ 760279.794555632863194, 3788707.830934123136103 ], [ 760264.433751100441441, 3788707.404828303493559 ], [ 760264.177322989446111, 3788716.649138283450156 ], [ 760233.455746707855724, 3788715.79700127709657 ], [ 760233.712144482531585, 3788706.552692278753966 ], [ 760187.629740673233755, 3788705.274677274283022 ], [ 760187.37338840321172, 3788714.518984800204635 ], [ 760179.692996066296473, 3788714.306004106998444 ], [ 760179.436650829156861, 3788723.550311482511461 ], [ 760164.075881934491917, 3788723.124368510209024 ], [ 760163.563220143667422, 3788741.612982566934079 ], [ 760171.243589320452884, 3788741.825951392296702 ], [ 760170.987250014208257, 3788751.07025880785659 ], [ 760178.667611811310053, 3788751.283234180882573 ], [ 760178.411264369729906, 3788760.527541939169168 ], [ 760193.771973406663164, 3788760.953512079082429 ], [ 760194.028336016577668, 3788751.709203830454499 ], [ 760201.70869842520915, 3788751.92219810700044 ], [ 760201.452328230952844, 3788761.166506600566208 ], [ 760285.936244753422216, 3788763.509862209670246 ], [ 760285.679790581925772, 3788772.754173498600721 ], [ 760331.761891761794686, 3788774.032690295949578 ], [ 760332.018391438527033, 3788764.788377535995096 ], [ 760355.059467535000294, 3788765.427720264531672 ], [ 760354.546422124374658, 3788783.916347354184836 ], [ 760362.226766062784009, 3788784.129474689718336 ], [ 760361.970234945998527, 3788793.373788622673601 ], [ 760369.650571503560059, 3788793.586922504939139 ], [ 760369.907110204687342, 3788784.342608326580375 ], [ 760377.587454551248811, 3788784.555748264770955 ], [ 760377.844000285025686, 3788775.311433935537934 ], [ 760385.524352419073693, 3788775.524579929187894 ], [ 760385.780905185616575, 3788766.280265449546278 ], [ 760393.461265108548105, 3788766.49341749958694 ], [ 760393.717824907856993, 3788757.249102868139744 ], [ 760409.078560533816926, 3788757.675425380002707 ], [ 760409.84828212717548, 3788729.942480588331819 ], [ 760402.167891460005194, 3788729.729316919110715 ], [ 760402.424456637119874, 3788720.485002425033599 ], [ 760387.063660745159723, 3788720.058694480918348 ], [ 760386.8071107363794, 3788729.303008484188467 ], [ 760379.126720681088045, 3788729.089863718487322 ], [ 760380.15288707066793, 3788692.112609258852899 ], [ 760387.833307462278754, 3788692.325753042474389 ], [ 760388.089855264872313, 3788683.081439420115203 ], [ 760403.450711829820648, 3788683.507745400536805 ], [ 760403.707274249056354, 3788674.263431380968541 ], [ 760419.068146797828376, 3788674.689762074034661 ], [ 760418.811569210374728, 3788683.934076583944261 ], [ 760434.172427406418137, 3788684.360432972200215 ], [ 760433.915834099170752, 3788693.604748067446053 ], [ 760449.276677943882532, 3788694.031130151357502 ], [ 760449.533286419231445, 3788684.786814564839005 ], [ 760457.213716232217848, 3788685.000014812685549 ], [ 760457.726946696289815, 3788666.511383431963623 ], [ 760473.087837269995362, 3788666.937801848631352 ], [ 760473.344466842710972, 3788657.693485810887069 ], [ 760481.02492001990322, 3788657.906704225111753 ], [ 760480.76828286331147, 3788667.151020508259535 ], [ 760488.44872866012156, 3788667.364245469216257 ], [ 760488.192083367612213, 3788676.608562094625086 ], [ 760495.872521784971468, 3788676.821793602313846 ], [ 760495.61586835666094, 3788686.066110568586737 ], [ 760487.93543752329424, 3788685.852878814097494 ], [ 760487.678791127284057, 3788695.097195630893111 ], [ 760495.359214376425371, 3788695.310427629388869 ], [ 760495.102559844614007, 3788704.554744786117226 ], [ 760487.422144179581665, 3788704.341512541286647 ], [ 760486.908848628634587, 3788722.830146647524089 ], [ 760479.228448336594738, 3788722.616920213215053 ], [ 760478.715165747096762, 3788741.105554210022092 ], [ 760486.395550870802253, 3788741.318781135603786 ], [ 760485.368948734016158, 3788778.296051254030317 ], [ 760508.410014319932088, 3788778.935772787313908 ], [ 760508.153339653508738, 3788788.18009129120037 ], [ 760515.833687673090026, 3788788.393344650510699 ], [ 760515.577004870399833, 3788797.637663495261222 ], [ 760492.535984177957289, 3788796.997921585571021 ], [ 760492.279323576600291, 3788806.242239788174629 ], [ 760476.918659304152243, 3788805.815776195842773 ], [ 760477.175304737058468, 3788796.5714584835805 ], [ 760469.494965322315693, 3788796.35823638504371 ], [ 760468.981689073611051, 3788814.846871414221823 ], [ 760445.940717560588382, 3788814.207241449970752 ], [ 760446.453948303358629, 3788795.718607895076275 ], [ 760415.732595135690644, 3788794.865858125500381 ], [ 760415.476010377402417, 3788804.11017387220636 ], [ 760423.156340778106824, 3788804.323352108709514 ], [ 760422.899747883901, 3788813.567668197210878 ], [ 760430.580070905620232, 3788813.78085298044607 ], [ 760428.014035780215636, 3788906.224021554924548 ], [ 760435.694283161778003, 3788906.43721509585157 ], [ 760435.181054348009638, 3788924.925850444473326 ], [ 760458.221752209006809, 3788925.56547034624964 ], [ 760457.965114221093245, 3788934.809788899961859 ], [ 760488.686017221771181, 3788935.662704635411501 ], [ 760488.429348343983293, 3788944.9070242671296 ] ], [ [ 760505.843242824776098, 3788871.378962115384638 ], [ 760506.356601538136601, 3788852.890323487576097 ], [ 760514.036896467208862, 3788853.10357856657356 ], [ 760513.52352258481551, 3788871.592217685654759 ], [ 760505.843242824776098, 3788871.378962115384638 ] ], [ [ 760437.490566632826813, 3788841.726994374766946 ], [ 760437.747176350560039, 3788832.482677509076893 ], [ 760445.42748461116571, 3788832.695875385776162 ], [ 760445.170867308974266, 3788841.940192496404052 ], [ 760437.490566632826813, 3788841.726994374766946 ] ], [ [ 760468.468410618137568, 3788833.335506822913885 ], [ 760468.981689073611051, 3788814.846871414221823 ], [ 760476.662013319786638, 3788815.060094003099948 ], [ 760476.405366783379577, 3788824.304411906283349 ], [ 760484.085683648707345, 3788824.517641043290496 ], [ 760483.829028976382688, 3788833.761959286406636 ], [ 760468.468410618137568, 3788833.335506822913885 ] ], [ [ 760332.274890563916415, 3788755.54406486870721 ], [ 760332.531389137962833, 3788746.299752299208194 ], [ 760347.892136668320745, 3788746.725973502267152 ], [ 760347.635622925823554, 3788755.970286562573165 ], [ 760332.274890563916415, 3788755.54406486870721 ] ], [ [ 760541.18505811970681, 3788705.834270576946437 ], [ 760541.441758156521246, 3788696.589951946865767 ], [ 760549.122182834078558, 3788696.80322805326432 ], [ 760548.86547521315515, 3788706.047546930145472 ], [ 760541.18505811970681, 3788705.834270576946437 ] ] ] } },
{ "type": "Feature", "properties": { "Code": 10, "type": "foret" }, "geometry": { "type": "Polygon", "coordinates": [ [ [ 759810.266865564626642, 3789009.364832575432956 ], [ 759833.307263617170975, 3789010.002929367590696 ], [ 759833.563292767037638, 3789000.758629730436951 ], [ 759841.24343344301451, 3789000.971341018099338 ], [ 759841.755505260778591, 3788982.482741538435221 ], [ 759872.476130675408058, 3788983.333647743798792 ], [ 759872.732196096796542, 3788974.089347165543586 ], [ 759849.691703976597637, 3788973.451158795505762 ], [ 759850.715869143605232, 3788936.473960382398218 ], [ 759858.39606331824325, 3788936.686682557687163 ], [ 759858.140015267534181, 3788945.93098226422444 ], [ 759865.820202060742304, 3788946.143710985314101 ], [ 759865.564145875279792, 3788955.388011029455811 ], [ 759873.244325288105756, 3788955.60074629727751 ], [ 759872.98826096765697, 3788964.845046684145927 ], [ 759880.668432999635115, 3788965.057788497768342 ], [ 759881.436647062888369, 3788937.324886891525239 ], [ 759889.116842051153071, 3788937.537634272128344 ], [ 759888.86076366272755, 3788946.781934957951307 ], [ 759896.540951270842925, 3788946.994688884355128 ], [ 759896.028777673607692, 3788965.483291029930115 ], [ 759911.389123161439784, 3788965.908818766940385 ], [ 759911.64522540429607, 3788956.664517154917121 ], [ 759919.325406038784422, 3788956.877290230244398 ], [ 759919.581515315454453, 3788947.632988471072167 ], [ 759927.261703737429343, 3788947.845767601393163 ], [ 759928.030051017878577, 3788920.112862154375762 ], [ 759935.710262397304177, 3788920.325646852143109 ], [ 759935.966384640778415, 3788911.081344980746508 ], [ 759943.646603808389045, 3788911.294135734904557 ], [ 759944.158861812204123, 3788892.805531790014356 ], [ 759921.118159414734691, 3788892.167179903946817 ], [ 759921.374264837708324, 3788882.922878810670227 ], [ 759913.694023527787067, 3788882.710107695311308 ], [ 759913.950120815890841, 3788873.465806941967458 ], [ 759906.269872125354595, 3788873.253042373806238 ], [ 759906.782049881061539, 3788854.764441643375903 ], [ 759914.462313740164973, 3788854.977205721195787 ], [ 759914.718409376684576, 3788845.732905254233629 ], [ 759907.038137933239341, 3788845.520141420420259 ], [ 759907.806398786138743, 3788817.787241326179355 ], [ 759915.486692982492968, 3788818.000004423316568 ], [ 759914.974504462443292, 3788836.488604880869389 ], [ 759930.335063128266484, 3788836.914150960743427 ], [ 759930.591172832064331, 3788827.6698501938954 ], [ 759945.951747481594793, 3788828.095420987345278 ], [ 759945.695622609229758, 3788837.33972224406898 ], [ 759953.375902654603124, 3788837.552517337258905 ], [ 759953.63203511130996, 3788828.308215835597366 ], [ 759961.312322945101187, 3788828.521016985177994 ], [ 759960.800042312708683, 3788847.009620574768633 ], [ 759968.480315181077458, 3788847.222428515553474 ], [ 759967.968017177423462, 3788865.711032977327704 ], [ 759991.008791500004008, 3788866.349496078211814 ], [ 759991.777305938303471, 3788838.616587321273983 ], [ 759999.457587206386961, 3788838.829420221038163 ], [ 759999.713765168562531, 3788829.585117248352617 ], [ 760045.795502558001317, 3788830.862245501484722 ], [ 760045.539279090007767, 3788840.106549946125597 ], [ 760053.219561784062535, 3788840.319426953792572 ], [ 760052.707098026643507, 3788858.808036619797349 ], [ 760045.026830501155928, 3788858.595159121323377 ], [ 760043.745699390303344, 3788904.816683725919574 ], [ 760097.507310891989619, 3788906.306967123411596 ], [ 760097.763591306749731, 3788897.06266029458493 ], [ 760105.443829920142889, 3788897.275582882110029 ], [ 760105.187541921040975, 3788906.519889955874532 ], [ 760120.548004591139033, 3788906.945754525717348 ], [ 760120.291700872126967, 3788916.19006218528375 ], [ 760127.971924928016961, 3788916.403004167135805 ], [ 760127.715613073669374, 3788925.647312166634947 ], [ 760150.756263712071814, 3788926.286176654975861 ], [ 760150.499928553239442, 3788935.530485487543046 ], [ 760211.941611880087294, 3788937.234403339214623 ], [ 760212.198007714934647, 3788927.990092544816434 ], [ 760219.878226632834412, 3788928.203110386617482 ], [ 760220.134629500913434, 3788918.958799443207681 ], [ 760212.454402998555452, 3788918.745781846344471 ], [ 760212.96719191246666, 3788900.257160735316575 ], [ 760236.007917537237518, 3788900.896230955608189 ], [ 760236.264333920669742, 3788891.6519198063761 ], [ 760228.584084257250652, 3788891.438890343997627 ], [ 760229.353307346929796, 3788863.705958205740899 ], [ 760267.754671468050219, 3788864.77116484940052 ], [ 760268.01111598405987, 3788855.526853100862354 ], [ 760260.33083516813349, 3788855.313799413852394 ], [ 760261.613011557143182, 3788809.092243323102593 ], [ 760269.293330294894986, 3788809.305295781698078 ], [ 760270.06265226576943, 3788781.57236253330484 ], [ 760239.341287526069209, 3788780.7201934508048 ], [ 760239.597696743556298, 3788771.475883539766073 ], [ 760178.154916377272457, 3788769.771849791985005 ], [ 760178.411264369729906, 3788760.527541939169168 ], [ 760163.050556148402393, 3788760.101597003173083 ], [ 760163.306888421648182, 3788750.857289737090468 ], [ 760155.626527032232843, 3788750.644326965790242 ], [ 760156.65182027744595, 3788713.667099836748093 ], [ 760172.012603932642378, 3788714.093029715586454 ], [ 760171.756266279728152, 3788723.337336845695972 ], [ 760179.436650829156861, 3788723.550311482511461 ], [ 760179.692996066296473, 3788714.306004106998444 ], [ 760187.37338840321172, 3788714.518984800204635 ], [ 760187.629740673233755, 3788705.274677274283022 ], [ 760195.310140798799694, 3788705.48766402201727 ], [ 760195.566500101820566, 3788696.243356346152723 ], [ 760203.246908015222289, 3788696.456349151208997 ], [ 760202.99054112797603, 3788705.700657072011381 ], [ 760233.712144482531585, 3788706.552692278753966 ], [ 760233.455746707855724, 3788715.79700127709657 ], [ 760264.177322989446111, 3788716.649138283450156 ], [ 760264.433751100441441, 3788707.404828303493559 ], [ 760279.794555632863194, 3788707.830934123136103 ], [ 760279.538112353417091, 3788717.075244592502713 ], [ 760340.981277967337519, 3788718.779921874403954 ], [ 760341.494285320863128, 3788700.291297100950032 ], [ 760349.174697108450346, 3788700.504409624263644 ], [ 760350.713751438306645, 3788645.038536113221198 ], [ 760373.755124539369717, 3788645.677907071541995 ], [ 760374.011654416332021, 3788636.433594416361302 ], [ 760381.692120108869858, 3788636.646730425767601 ], [ 760381.948657018248923, 3788627.402417621109635 ], [ 760389.629130498273298, 3788627.615559685509652 ], [ 760389.885674440069124, 3788618.371246728114784 ], [ 760412.927118857624009, 3788619.010709992609918 ], [ 760413.440250590327196, 3788600.522082892246544 ], [ 760405.759753746213391, 3788600.308922661934048 ], [ 760406.016311201150529, 3788591.064609501045197 ], [ 760390.655302956234664, 3788590.638308433350176 ], [ 760390.91184469172731, 3788581.393995859194547 ], [ 760367.870311103761196, 3788580.754592251032591 ], [ 760368.126829536166042, 3788571.510280507616699 ], [ 760360.446311164065264, 3788571.29715881915763 ], [ 760360.702821461018175, 3788562.052847416140139 ], [ 760353.0222957090009, 3788561.839732273947448 ], [ 760353.535299480776303, 3788543.351110246963799 ], [ 760299.771518757333979, 3788541.859484117943794 ], [ 760299.515070233959705, 3788551.10379336681217 ], [ 760276.473475734819658, 3788550.464618803933263 ], [ 760276.217049411730841, 3788559.708927407860756 ], [ 760253.17547949985601, 3788559.069808817934245 ], [ 760252.919075376819819, 3788568.314116782974452 ], [ 760237.558044956531376, 3788567.888068735599518 ], [ 760237.301655450020917, 3788577.132376306224614 ], [ 760221.940641013206914, 3788576.70635297242552 ], [ 760221.684266123455018, 3788585.950660145841539 ], [ 760175.601273209555075, 3788584.672739894129336 ], [ 760175.344943271949887, 3788593.917045689653605 ], [ 760167.664452750817873, 3788593.704080790281296 ], [ 760167.408129845862277, 3788602.948386436793953 ], [ 760121.325236500706524, 3788601.670727881602943 ], [ 760121.581513902288862, 3788592.426423706114292 ], [ 760136.942492702859454, 3788592.852284196764231 ], [ 760137.198784721083939, 3788583.607979628723115 ], [ 760129.518287635291927, 3788583.39504647674039 ], [ 760129.774571518646553, 3788574.150742248632014 ], [ 760106.733058732235804, 3788573.511981339193881 ], [ 760106.476797600393184, 3788582.756284831091762 ], [ 760098.796301329275593, 3788582.543376884888858 ], [ 760098.54004723043181, 3788591.787680227309465 ], [ 760090.859558747615665, 3788591.574778336565942 ], [ 760090.090815897099674, 3788619.307688202243298 ], [ 760082.410350369173102, 3788619.094791876152158 ], [ 760082.154109234455973, 3788628.339095109608024 ], [ 760089.834567178506404, 3788628.551991680171341 ], [ 760089.322068088222295, 3788647.040598925203085 ], [ 760081.641625312156975, 3788646.827701862901449 ], [ 760081.385382524807937, 3788656.072005381342024 ], [ 760073.704947536578402, 3788655.859114376362413 ], [ 760073.448711782228202, 3788665.103417745791376 ], [ 760058.087857585633174, 3788664.677654145751148 ], [ 760057.831636448274367, 3788673.921957119833678 ], [ 760042.470798234920949, 3788673.496218233834952 ], [ 760042.214591714902781, 3788682.740520812105387 ], [ 760034.534180497517809, 3788682.527660575229675 ], [ 760034.021780973067507, 3788701.016265529673547 ], [ 760026.341385128209367, 3788700.803411103319377 ], [ 760026.085192123893648, 3788710.047713477164507 ], [ 760018.404804066056386, 3788709.834865106269717 ], [ 760018.14861809508875, 3788719.079167331103235 ], [ 760025.828998568700626, 3788719.292015947401524 ], [ 760025.572804462746717, 3788728.536318512633443 ], [ 760087.015794912469573, 3788730.239336238708347 ], [ 760087.272049691295251, 3788720.995031710714102 ], [ 760094.952431998215616, 3788721.207937035243958 ], [ 760095.208693810040131, 3788711.963632359169424 ], [ 760133.610646323184483, 3788713.02825227426365 ], [ 760132.841745472978801, 3788740.761170271318406 ], [ 760125.161377315293066, 3788740.548232949338853 ], [ 760124.648789161699824, 3788759.036844934336841 ], [ 760109.288083793828264, 3788758.610988213680685 ], [ 760109.544362977845594, 3788749.366682663094252 ], [ 760063.462206260301173, 3788748.089265200309455 ], [ 760063.205972581170499, 3788757.33356927940622 ], [ 760055.525621425244026, 3788757.120688177179545 ], [ 760055.269394779577851, 3788766.36499210447073 ], [ 760047.589051411719993, 3788766.152117058634758 ], [ 760047.076611636090092, 3788784.640724708326161 ], [ 760039.396283640991896, 3788784.427855473011732 ], [ 760039.652496219961904, 3788775.183551845606416 ], [ 760024.291825671680272, 3788774.75783276790753 ], [ 760024.548022531438619, 3788765.513529726304114 ], [ 760001.506995484698564, 3788764.874999103602022 ], [ 760001.25082137749996, 3788774.119301410391927 ], [ 759985.890152866253629, 3788773.693645343184471 ], [ 759986.40247019357048, 3788755.205041806679219 ], [ 759978.722121075028554, 3788754.992223715875298 ], [ 759978.978271328378469, 3788745.747922335285693 ], [ 759955.937202442903072, 3788745.109506602399051 ], [ 759954.912689135177061, 3788782.086709753610194 ], [ 759931.871713092550635, 3788781.44834778830409 ], [ 759931.615606141509488, 3788790.692648078780621 ], [ 759916.254971633432433, 3788790.26710445061326 ], [ 759915.998879300197586, 3788799.511404346209019 ], [ 759892.9579518182436, 3788798.873135427478701 ], [ 759893.214021398685873, 3788789.628836266696453 ], [ 759885.533705061301589, 3788789.416092807427049 ], [ 759886.55794754170347, 3788752.438898102380335 ], [ 759894.238294215640053, 3788752.651640580035746 ], [ 759893.982226837193593, 3788761.895939358510077 ], [ 759901.662566131330095, 3788762.10868838429451 ], [ 759901.918641093885526, 3788752.864389359951019 ], [ 759917.279335460276343, 3788753.28990582190454 ], [ 759917.535425040638074, 3788744.045606403145939 ], [ 759925.215780114056543, 3788744.25837384024635 ], [ 759925.471876727882773, 3788735.014074272941798 ], [ 759917.791514070355333, 3788734.801307080313563 ], [ 759918.047602549660951, 3788725.557007852010429 ], [ 759864.285016563138925, 3788724.06781564746052 ], [ 759864.028981172479689, 3788733.31211315933615 ], [ 759848.668259319849312, 3788732.886685891542584 ], [ 759848.412238546996377, 3788742.130983009003103 ], [ 759825.37118004693184, 3788741.492888629902154 ], [ 759825.115181475877762, 3788750.737185108941048 ], [ 759802.07414756086655, 3788750.099146703258157 ], [ 759801.818171191727743, 3788759.343442542012781 ], [ 759794.137834544293582, 3788759.130775430239737 ], [ 759793.881865209201351, 3788768.375071119051427 ], [ 759763.160550992237404, 3788767.524464703630656 ], [ 759762.904611443402246, 3788776.768759507220238 ], [ 759739.863650669809431, 3788776.13087012199685 ], [ 759739.095896979095414, 3788803.86375290248543 ], [ 759746.776194281294011, 3788804.076377130579203 ], [ 759746.520267699845135, 3788813.320671825669706 ], [ 759638.996230169665068, 3788810.344502588268369 ], [ 759638.740409216843545, 3788819.5887939510867 ], [ 759631.060129932360724, 3788819.376257448457181 ], [ 759630.54850154533051, 3788837.864839969202876 ], [ 759622.86823763186112, 3788837.652309276163578 ], [ 759622.356622213730589, 3788856.140891690272838 ], [ 759614.676373672205955, 3788855.928366807755083 ], [ 759614.420572722447105, 3788865.172657913528383 ], [ 759652.821779541554861, 3788866.235346553381532 ], [ 759652.565940120373853, 3788875.479638978373259 ], [ 759660.246174510451965, 3788875.692195854149759 ], [ 759659.990326954983175, 3788884.936488619539887 ], [ 759667.670553964097053, 3788885.149052041582763 ], [ 759667.158842034754343, 3788903.637638347689062 ], [ 759674.839054078096524, 3788903.850208560470492 ], [ 759674.071459305472672, 3788931.583089469466358 ], [ 759681.751648799749091, 3788931.795666718389839 ], [ 759681.495775190996937, 3788941.0399607908912 ], [ 759689.17595730361063, 3788941.252544585149735 ], [ 759688.920075560454279, 3788950.496838995721191 ], [ 759696.600250292685814, 3788950.709429336246103 ], [ 759696.088469987269491, 3788969.198018936440349 ], [ 759719.128949896548875, 3788969.835829234682024 ], [ 759719.384863077662885, 3788960.59153365297243 ], [ 759727.065031038597226, 3788960.804149442352355 ], [ 759726.809110273141414, 3788970.048445270396769 ], [ 759742.169431637623347, 3788970.473696243949234 ], [ 759742.425367572112009, 3788961.229399927891791 ], [ 759765.465873897774145, 3788961.867322913371027 ], [ 759765.209915209794417, 3788971.111619964241982 ], [ 759772.890076807118021, 3788971.324273806530982 ], [ 759772.63410998438485, 3788980.568571198731661 ], [ 759780.314264201326296, 3788980.781231587287039 ], [ 759779.80231373605784, 3788999.2698271474801 ], [ 759810.522871960885823, 3789000.120533672627062 ], [ 759810.266865564626642, 3789009.364832575432956 ] ], [ [ 759712.472408808884211, 3788932.64603872410953 ], [ 759712.984215051168576, 3788914.157448907382786 ], [ 759720.664420731365681, 3788914.37005717260763 ], [ 759720.408510300912894, 3788923.614352278411388 ], [ 759728.088708599563688, 3788923.826967088505626 ], [ 759727.832790034473874, 3788933.071262533776462 ], [ 759712.472408808884211, 3788932.64603872410953 ] ], [ [ 759653.845131726004183, 3788829.258177809417248 ], [ 759654.100968396989629, 3788820.013885863125324 ], [ 759661.78124829265289, 3788820.226441269740462 ], [ 759661.525404037209228, 3788829.470733461435884 ], [ 759653.845131726004183, 3788829.258177809417248 ] ], [ [ 759676.885949269635603, 3788829.895863668993115 ], [ 759677.141808693413623, 3788820.651570987422019 ], [ 759684.82208919909317, 3788820.864145297091454 ], [ 759684.56622219120618, 3788830.108438223600388 ], [ 759676.885949269635603, 3788829.895863668993115 ] ], [ [ 759953.88816701725591, 3788819.06391442893073 ], [ 759954.656559431692585, 3788791.331010778434575 ], [ 759962.336877602385357, 3788791.54381094686687 ], [ 759962.080739764147438, 3788800.788112313952297 ], [ 759969.76105055375956, 3788801.000919029116631 ], [ 759969.248758056666702, 3788819.489522537682205 ], [ 759953.88816701725591, 3788819.06391442893073 ] ], [ [ 760100.070090247434564, 3788813.863903129007667 ], [ 760100.326365152955987, 3788804.619597252458334 ], [ 760108.006679609767161, 3788804.832517387811095 ], [ 760107.750397120136768, 3788814.076823509298265 ], [ 760100.070090247434564, 3788813.863903129007667 ] ], [ [ 760352.509289731271565, 3788580.328354683704674 ], [ 760352.765792996040545, 3788571.084043432027102 ], [ 760360.446311164065264, 3788571.29715881915763 ], [ 760360.189800315536559, 3788580.541470317170024 ], [ 760352.509289731271565, 3788580.328354683704674 ] ] ] } },
{ "type": "Feature", "properties": { "Code": 60, "type": "bare" }, "geometry": { "type": "Polygon", "coordinates": [ [ [ 760044.008025788003579, 3788618.03040476096794 ], [ 760045.032833140343428, 3788581.053197684697807 ], [ 760060.393823032500222, 3788581.478931665886194 ], [ 760060.137606852804311, 3788590.723233781754971 ], [ 760067.818094521062449, 3788590.93611046904698 ], [ 760067.305645341635682, 3788609.424715478904545 ], [ 760051.944700544467196, 3788608.998967424035072 ], [ 760051.688490296248347, 3788618.243269581813365 ], [ 760044.008025788003579, 3788618.03040476096794 ] ] ] } },
{ "type": "Feature", "properties": { "Code": 20, "type": "foret_claire" }, "geometry": { "type": "Polygon", "coordinates": [ [ [ 760927.00570612156298, 3788651.795492608100176 ], [ 760950.047147928504273, 3788652.436280572786927 ], [ 760950.304246058338322, 3788643.19194957613945 ], [ 760965.665223453426734, 3788643.619172565173358 ], [ 760966.179448391194455, 3788625.130509870126843 ], [ 760958.498944423510693, 3788624.916895717848092 ], [ 760958.756048479117453, 3788615.672564757987857 ], [ 760951.075537131400779, 3788615.458957152441144 ], [ 760951.33263305015862, 3788606.214626535773277 ], [ 760935.971595800248906, 3788605.787430718075484 ], [ 760935.200351890060119, 3788633.520421378780156 ], [ 760919.839360961923376, 3788633.093249290250242 ], [ 760919.582293721148744, 3788642.337579209823161 ], [ 760927.2627814989537, 3788642.551162348594517 ], [ 760927.00570612156298, 3788651.795492608100176 ] ] ] } },
{ "type": "Feature", "properties": { "Code": 30, "type": "prairie" }, "geometry": { "type": "Polygon", "coordinates": [ [ [ 759245.496242281515151, 3788586.682589894160628 ], [ 759246.26248082856182, 3788558.949761135037988 ], [ 759261.623428399674594, 3788559.374184537678957 ], [ 759261.368000932503492, 3788568.618461184203625 ], [ 759253.687534629018046, 3788568.406246087048203 ], [ 759253.432114196242765, 3788577.650522586423904 ], [ 759261.1125729160849, 3788577.862737927120179 ], [ 759260.857144350535236, 3788587.107014763168991 ], [ 759245.496242281515151, 3788586.682589894160628 ] ] ] } },
{ "type": "Feature", "properties": { "Code": 30, "type": "prairie" }, "geometry": { "type": "Polygon", "coordinates": [ [ [ 760042.470798234920949, 3788673.496218233834952 ], [ 760057.831636448274367, 3788673.921957119833678 ], [ 760058.087857585633174, 3788664.677654145751148 ], [ 760073.448711782228202, 3788665.103417745791376 ], [ 760073.704947536578402, 3788655.859114376362413 ], [ 760081.385382524807937, 3788656.072005381342024 ], [ 760081.641625312156975, 3788646.827701862901449 ], [ 760089.322068088222295, 3788647.040598925203085 ], [ 760089.834567178506404, 3788628.551991680171341 ], [ 760082.154109234455973, 3788628.339095109608024 ], [ 760082.922830985975452, 3788600.606185694690794 ], [ 760075.242350494256243, 3788600.393296159803867 ], [ 760075.498582392348908, 3788591.14899345766753 ], [ 760067.818094521062449, 3788590.93611046904698 ], [ 760068.330541496980004, 3788572.447505841497332 ], [ 760052.969536029035226, 3788572.021759748924524 ], [ 760053.481950466288254, 3788553.533156481571496 ], [ 760061.162468266091309, 3788553.746025885920972 ], [ 760061.418682242161594, 3788544.501724152360111 ], [ 760038.377106703585014, 3788543.863135575316846 ], [ 760038.120915478793904, 3788553.107436573132873 ], [ 760030.440398290986195, 3788552.894586071372032 ], [ 760030.184214099193923, 3788562.138886921107769 ], [ 760014.823195501347072, 3788561.713204328902066 ], [ 760014.310855800635181, 3788580.201805332675576 ], [ 760006.63036197621841, 3788579.988972998224199 ], [ 760005.861871046363376, 3788607.721874482929707 ], [ 760013.542342119151726, 3788607.93470755405724 ], [ 760013.286169790429994, 3788617.179008485283703 ], [ 760020.966633484466001, 3788617.391848103143275 ], [ 760020.710453020990826, 3788626.636149373371154 ], [ 760013.02999691106379, 3788626.423309511039406 ], [ 760012.773823480820283, 3788635.667610632255673 ], [ 760028.134720736648887, 3788636.093297149520367 ], [ 760027.878531587775797, 3788645.337598857004195 ], [ 760043.239414490060881, 3788645.763311069458723 ], [ 760042.983209622558206, 3788655.007613360416144 ], [ 760050.663643795065582, 3788655.220479162875563 ], [ 760050.407430792693049, 3788664.464781796559691 ], [ 760042.727004204061814, 3788664.251915750093758 ], [ 760042.470798234920949, 3788673.496218233834952 ] ], [ [ 760044.008025788003579, 3788618.03040476096794 ], [ 760045.032833140343428, 3788581.053197684697807 ], [ 760060.393823032500222, 3788581.478931665886194 ], [ 760060.137606852804311, 3788590.723233781754971 ], [ 760067.818094521062449, 3788590.93611046904698 ], [ 760067.305645341635682, 3788609.424715478904545 ], [ 760051.944700544467196, 3788608.998967424035072 ], [ 760051.688490296248347, 3788618.243269581813365 ], [ 760044.008025788003579, 3788618.03040476096794 ] ] ] } },
{ "type": "Feature", "properties": { "Code": 20, "type": "foret_claire" }, "geometry": { "type": "Polygon", "coordinates": [ [ [ 760735.25064838421531, 3788637.213474184274673 ], [ 760765.972581099253148, 3788638.067239643540233 ], [ 760766.229496658197604, 3788628.822914644610137 ], [ 760796.951462979312055, 3788629.676779938861728 ], [ 760797.208408322185278, 3788620.43245405331254 ], [ 760804.888907996937633, 3788620.645935882814229 ], [ 760805.145860371412709, 3788611.4016098449938 ], [ 760797.465353112551384, 3788611.188128260429949 ], [ 760797.722297350643203, 3788601.943802564404905 ], [ 760751.639212582493201, 3788600.663046858273447 ], [ 760751.382313848589547, 3788609.90737107815221 ], [ 760712.979786748532206, 3788608.840246704872698 ], [ 760712.466063464060426, 3788627.328892973251641 ], [ 760735.507533606956713, 3788627.969150169752538 ], [ 760735.25064838421531, 3788637.213474184274673 ] ] ] } },
{ "type": "Feature", "properties": { "Code": 40, "type": "culture" }, "geometry": { "type": "Polygon", "coordinates": [ [ [ 761334.586403215769678, 3788644.635742489714175 ], [ 761334.843879446620122, 3788635.391399367712438 ], [ 761342.524393442086875, 3788635.605322277639061 ], [ 761342.781876703491434, 3788626.360979003366083 ], [ 761358.142920476384461, 3788626.788843232672662 ], [ 761357.885422046412714, 3788636.033187 ], [ 761365.565936656203121, 3788636.247128813527524 ], [ 761365.308430088567548, 3788645.491472921334207 ], [ 761334.586403215769678, 3788644.635742489714175 ] ] ] } },
{ "type": "Feature", "properties": { "Code": 20, "type": "foret_claire" }, "geometry": { "type": "Polygon", "coordinates": [ [ [ 761380.669444753439166, 3788645.91937594441697 ], [ 761381.184487672057003, 3788627.430686836596578 ], [ 761388.86501048039645, 3788627.644647306762636 ], [ 761388.607481713755988, 3788636.888992059975863 ], [ 761396.287997142178938, 3788637.102959078736603 ], [ 761396.030460237758234, 3788646.34730417188257 ], [ 761380.669444753439166, 3788645.91937594441697 ] ] ] } },
{ "type": "Feature", "properties": { "Code": 20, "type": "foret_claire" }, "geometry": { "type": "Polygon", "coordinates": [ [ [ 758884.77033445588313, 3788567.471595952752978 ], [ 758885.790556834312156, 3788530.494537448976189 ], [ 758893.47103614336811, 3788530.706449376884848 ], [ 758893.726097950479016, 3788521.462184743955731 ], [ 758901.406585046672262, 3788521.674102728255093 ], [ 758901.151515655801632, 3788530.918367604725063 ], [ 758931.873435733024962, 3788531.766103522386402 ], [ 758931.618335459381342, 3788541.010369470808655 ], [ 758939.298808402847499, 3788541.222319446969777 ], [ 758939.043699997244403, 3788550.466585733462125 ], [ 758916.002304527093656, 3788549.830753976479173 ], [ 758915.747218323987909, 3788559.075019626412541 ], [ 758892.705847431439906, 3788558.439243842381984 ], [ 758892.450783430598676, 3788567.683508856222034 ], [ 758884.77033445588313, 3788567.471595952752978 ] ] ] } },
{ "type": "Feature", "properties": { "Code": 50, "type": "urbain" }, "geometry": { "type": "Polygon", "coordinates": [ [ [ 760121.325236500706524, 3788601.670727881602943 ], [ 760121.581513902288862, 3788592.426423706114292 ], [ 760136.942492702859454, 3788592.852284196764231 ], [ 760136.686200133524835, 3788602.096588862594217 ], [ 760121.325236500706524, 3788601.670727881602943 ] ] ] } },
{ "type": "Feature", "properties": { "Code": 30, "type": "prairie" }, "geometry": { "type": "Polygon", "coordinates": [ [ [ 760551.432526587275788, 3788613.604362451005727 ], [ 760551.689228689414449, 3788604.360044525936246 ], [ 760559.369729412137531, 3788604.573324476834387 ], [ 760559.113019726122729, 3788613.817642647307366 ], [ 760551.432526587275788, 3788613.604362451005727 ] ] ] } },
{ "type": "Feature", "properties": { "Code": 20, "type": "foret_claire" }, "geometry": { "type": "Polygon", "coordinates": [ [ [ 760566.793513068580069, 3788614.030929144937545 ], [ 760567.050230338587426, 3788604.786610728595406 ], [ 760574.730731469811872, 3788604.999903280287981 ], [ 760574.474006615811959, 3788614.244221942964941 ], [ 760566.793513068580069, 3788614.030929144937545 ] ] ] } },
{ "type": "Feature", "properties": { "Code": 30, "type": "prairie" }, "geometry": { "type": "Polygon", "coordinates": [ [ [ 761273.399774858029559, 3788633.680242932867259 ], [ 761273.657189862336963, 3788624.435901876538992 ], [ 761289.018229949404486, 3788624.863652685191482 ], [ 761288.760799776879139, 3788634.107994236052036 ], [ 761273.399774858029559, 3788633.680242932867259 ] ] ] } },
{ "type": "Feature", "properties": { "Code": 20, "type": "foret_claire" }, "geometry": { "type": "Polygon", "coordinates": [ [ [ 761311.802338690846227, 3788634.749668445903808 ], [ 761312.059791615931317, 3788625.505326157435775 ], [ 761319.740312580484897, 3788625.719229917507619 ], [ 761319.482852071407251, 3788634.963572452776134 ], [ 761311.802338690846227, 3788634.749668445903808 ] ] ] } },
{ "type": "Feature", "properties": { "Code": 30, "type": "prairie" }, "geometry": { "type": "Polygon", "coordinates": [ [ [ 761388.092422519577667, 3788655.377681850921363 ], [ 761426.49492586904671, 3788656.447582418099046 ], [ 761428.55545272375457, 3788582.492815675213933 ], [ 761420.874890971113928, 3788582.278824931476265 ], [ 761421.132446752046235, 3788573.034479761961848 ], [ 761413.451877620304003, 3788572.820495566818863 ], [ 761413.709425263339654, 3788563.576150740031153 ], [ 761406.028848751680925, 3788563.362173091620207 ], [ 761404.483600092120469, 3788618.828242001123726 ], [ 761396.803069289890118, 3788618.614269175566733 ], [ 761396.545533492811956, 3788627.858614078257233 ], [ 761388.86501048039645, 3788627.644647306762636 ], [ 761388.607481713755988, 3788636.888992059975863 ], [ 761396.287997142178938, 3788637.102959078736603 ], [ 761396.030460237758234, 3788646.34730417188257 ], [ 761388.349952393444255, 3788646.133336907252669 ], [ 761388.092422519577667, 3788655.377681850921363 ] ] ] } },
{ "type": "Feature", "properties": { "Code": 50, "type": "urbain" }, "geometry": { "type": "Polygon", "coordinates": [ [ [ 760067.818094521062449, 3788590.93611046904698 ], [ 760068.07431828440167, 3788581.691808107774705 ], [ 760075.754813739680685, 3788581.904690850526094 ], [ 760075.498582392348908, 3788591.14899345766753 ], [ 760067.818094521062449, 3788590.93611046904698 ] ] ] } },
{ "type": "Feature", "properties": { "Code": 20, "type": "foret_claire" }, "geometry": { "type": "Polygon", "coordinates": [ [ [ 760613.133240187657066, 3788606.066460559144616 ], [ 760613.390002409461886, 3788596.822140764445066 ], [ 760621.07051234995015, 3788597.035470877308398 ], [ 760620.813742544036359, 3788606.279790917877108 ], [ 760613.133240187657066, 3788606.066460559144616 ] ] ] } },
{ "type": "Feature", "properties": { "Code": 30, "type": "prairie" }, "geometry": { "type": "Polygon", "coordinates": [ [ [ 760762.60484711045865, 3789035.786772253457457 ], [ 760877.807235015556216, 3789038.98954379465431 ], [ 760878.064295681309886, 3789029.74521077144891 ], [ 760916.465139789972454, 3789030.813115125522017 ], [ 760916.208041200181469, 3789040.057449380401522 ], [ 760931.568365104845725, 3789040.484655723907053 ], [ 760931.825478864135221, 3789031.240320978686213 ], [ 760924.145309225190431, 3789031.026714901905507 ], [ 760924.402414847165346, 3789021.782380497548729 ], [ 760916.722237827023491, 3789021.568780968431383 ], [ 760916.979335311567411, 3789012.324446904938668 ], [ 760909.299150911159813, 3789012.11085392255336 ], [ 760910.070417294395156, 3788984.377853039652109 ], [ 760925.430831808014773, 3788984.805043828207999 ], [ 760928.258932854048908, 3788883.117375839967281 ], [ 760982.020974104991183, 3788884.612723148427904 ], [ 760983.049570270930417, 3788847.635385296773165 ], [ 760975.369247711962089, 3788847.421746333595365 ], [ 760975.626387787051499, 3788838.177412355784327 ], [ 760952.585398584720679, 3788837.536534009501338 ], [ 760952.842515353579074, 3788828.29220086382702 ], [ 760945.162178443511948, 3788828.07858759816736 ], [ 760945.419287075172178, 3788818.83425479196012 ], [ 760937.738942785188556, 3788818.62064807349816 ], [ 760937.996043279650621, 3788809.376315610483289 ], [ 760922.635340144624934, 3788808.949121569283307 ], [ 760923.406592805753462, 3788781.216126224957407 ], [ 760938.76734144706279, 3788781.643318791408092 ], [ 760939.024439730681479, 3788772.39898670790717 ], [ 760946.704821942606941, 3788772.612592196557671 ], [ 760948.761648988584056, 3788698.657936988864094 ], [ 760956.442092079319991, 3788698.871546809561551 ], [ 760956.956308481865562, 3788680.382883464917541 ], [ 760972.317225612699986, 3788680.810121025890112 ], [ 760973.345712458016351, 3788643.832793511915952 ], [ 760981.026201666449197, 3788644.046420759987086 ], [ 760981.283329579979181, 3788634.802088872063905 ], [ 760996.64432377985213, 3788635.229361778590828 ], [ 760997.158608284778893, 3788616.74069730611518 ], [ 760989.478095914470032, 3788616.527058193460107 ], [ 760989.735229753539898, 3788607.282726346049458 ], [ 760951.33263305015862, 3788606.214626535773277 ], [ 760951.075537131400779, 3788615.458957152441144 ], [ 760958.756048479117453, 3788615.672564757987857 ], [ 760958.498944423510693, 3788624.916895717848092 ], [ 760966.179448391194455, 3788625.130509870126843 ], [ 760965.665223453426734, 3788643.619172565173358 ], [ 760950.304246058338322, 3788643.19194957613945 ], [ 760950.047147928504273, 3788652.436280572786927 ], [ 760934.68618651968427, 3788652.009082295000553 ], [ 760934.429103005328216, 3788661.253412895370275 ], [ 760911.387685178080574, 3788660.612661999184638 ], [ 760911.644745939876884, 3788651.368332136422396 ], [ 760896.283786575542763, 3788650.941196870058775 ], [ 760896.540831616381183, 3788641.696867596358061 ], [ 760873.499371350393631, 3788641.056212692521513 ], [ 760873.242349061882123, 3788650.300541229080409 ], [ 760888.603307199664414, 3788650.727638688869774 ], [ 760887.832191513502039, 3788678.460626346990466 ], [ 760880.151735094492324, 3788678.247073728591204 ], [ 760878.352498908527195, 3788742.957379870582372 ], [ 760870.672095783986151, 3788742.743831830564886 ], [ 760870.415067417081445, 3788751.988161413930357 ], [ 760862.734672080725431, 3788751.774619429837912 ], [ 760862.477650745538995, 3788761.018948862329125 ], [ 760877.838426453527063, 3788761.446039624046534 ], [ 760877.58138939703349, 3788770.690369642339647 ], [ 760885.261769973672926, 3788770.903924722224474 ], [ 760884.233585884911008, 3788807.881246735807508 ], [ 760876.553235645871609, 3788807.667690672446042 ], [ 760876.039155454724096, 3788826.156351758167148 ], [ 760868.358820589375682, 3788825.942801503930241 ], [ 760867.330683914013207, 3788862.920123831834644 ], [ 760875.010988441528752, 3788863.13367506954819 ], [ 760874.753945306641981, 3788872.378006134647876 ], [ 760882.434242454706691, 3788872.591563920956105 ], [ 760881.663086981512606, 3788900.324558425229043 ], [ 760866.302538397605531, 3788899.897447681054473 ], [ 760865.274384040385485, 3788936.874773053918034 ], [ 760842.233653712202795, 3788936.234151244629174 ], [ 760841.976636495324783, 3788945.478482087608427 ], [ 760849.656872149324045, 3788945.692016634624451 ], [ 760849.399846795247868, 3788954.936347818933427 ], [ 760841.719618725939654, 3788954.722813025582582 ], [ 760841.462600404163823, 3788963.967144059017301 ], [ 760787.701062734937295, 3788962.472575220279396 ], [ 760787.44409695325885, 3788971.716904627159238 ], [ 760779.763885687687434, 3788971.503419752698392 ], [ 760779.506926938309334, 3788980.747749007306993 ], [ 760771.826723461737856, 3788980.534270188305527 ], [ 760771.569771744776517, 3788989.778599294368178 ], [ 760763.889576057787053, 3788989.56512653036043 ], [ 760763.375686135841534, 3789008.053784535266459 ], [ 760771.055866653332487, 3789008.267257790081203 ], [ 760770.798913279199041, 3789017.511587180197239 ], [ 760763.118740346282721, 3789017.298113679513335 ], [ 760762.60484711045865, 3789035.786772253457457 ] ], [ [ 760847.857683068374172, 3789010.402336919214576 ], [ 760848.114711737493053, 3789001.158005163539201 ], [ 760855.794902087189257, 3789001.371547488030046 ], [ 760855.537865833379328, 3789010.615879489574581 ], [ 760847.857683068374172, 3789010.402336919214576 ] ], [ [ 760886.289945220807567, 3788733.92660423181951 ], [ 760887.061070853844285, 3788706.193614860996604 ], [ 760894.741504724719562, 3788706.407174518797547 ], [ 760894.484455815399997, 3788715.651504460256547 ], [ 760902.1648823057767, 3788715.865070664789528 ], [ 760901.907825259724632, 3788725.109400947578251 ], [ 760894.2274063534569, 3788724.895834496244788 ], [ 760893.970356338890269, 3788734.140164626762271 ], [ 760886.289945220807567, 3788733.92660423181951 ] ], [ [ 760917.011590918060392, 3788734.780883620958775 ], [ 760917.782807562034577, 3788707.047891298308969 ], [ 760925.463242250494659, 3788707.261476161889732 ], [ 760924.69200285396073, 3788734.994469222612679 ], [ 760917.011590918060392, 3788734.780883620958775 ] ], [ [ 760949.790049246046692, 3788661.680611665826291 ], [ 760950.047147928504273, 3788652.436280572786927 ], [ 760957.727628940017894, 3788652.649889163207263 ], [ 760957.470522673451342, 3788661.894220502581447 ], [ 760949.790049246046692, 3788661.680611665826291 ] ], [ [ 760973.602832787320949, 3788634.588461870327592 ], [ 760973.859952564002015, 3788625.344130324665457 ], [ 760981.540456940652803, 3788625.55775708053261 ], [ 760981.283329579979181, 3788634.802088872063905 ], [ 760973.602832787320949, 3788634.588461870327592 ] ] ] } },
{ "type": "Feature", "properties": { "Code": 20, "type": "foret_claire" }, "geometry": { "type": "Polygon", "coordinates": [ [ [ 758839.197666148422286, 3788547.711724332999438 ], [ 758839.452675967244431, 3788538.467461220454425 ], [ 758847.133146476116963, 3788538.679335587657988 ], [ 758846.878129073651507, 3788547.923598944675177 ], [ 758839.197666148422286, 3788547.711724332999438 ] ] ] } },
{ "type": "Feature", "properties": { "Code": 20, "type": "foret_claire" }, "geometry": { "type": "Polygon", "coordinates": [ [ [ 759268.537595689180307, 3788587.319236649665982 ], [ 759283.898498976486735, 3788587.743699324317276 ], [ 759284.40940106078051, 3788569.255144277121872 ], [ 759276.728934148442931, 3788569.042910278774798 ], [ 759277.239818868460134, 3788550.554356103762984 ], [ 759246.517892579198815, 3788549.705485073849559 ], [ 759246.26248082856182, 3788558.949761135037988 ], [ 759261.623428399674594, 3788559.374184537678957 ], [ 759261.368000932503492, 3788568.618461184203625 ], [ 759253.687534629018046, 3788568.406246087048203 ], [ 759253.432114196242765, 3788577.650522586423904 ], [ 759268.793031838489696, 3788578.07495956774801 ], [ 759268.537595689180307, 3788587.319236649665982 ] ] ] } },
{ "type": "Feature", "properties": { "Code": 30, "type": "prairie" }, "geometry": { "type": "Polygon", "coordinates": [ [ [ 759453.635341616347432, 3788564.681603586766869 ], [ 759453.890958126634359, 3788555.437320920173079 ], [ 759469.251931839389727, 3788555.862084075808525 ], [ 759469.763193546328694, 3788537.373518049251288 ], [ 759477.443695875466801, 3788537.585908589418977 ], [ 759477.188057713210583, 3788546.83019179943949 ], [ 759492.549047813401558, 3788547.254992271307856 ], [ 759492.037739505292848, 3788565.743559957481921 ], [ 759453.635341616347432, 3788564.681603586766869 ] ] ] } },
{ "type": "Feature", "properties": { "Code": 50, "type": "urbain" }, "geometry": { "type": "Polygon", "coordinates": [ [ [ 759492.037739505292848, 3788565.743559957481921 ], [ 759492.293393934261985, 3788556.499276067130268 ], [ 759499.973881705896929, 3788556.711685998830944 ], [ 759499.718219693284482, 3788565.955970133189112 ], [ 759492.037739505292848, 3788565.743559957481921 ] ] ] } },
{ "type": "Feature", "properties": { "Code": 50, "type": "urbain" }, "geometry": { "type": "Polygon", "coordinates": [ [ [ 760159.72764711198397, 3788602.735427591949701 ], [ 760167.408129845862277, 3788602.948386436793953 ], [ 760167.664452750817873, 3788593.704080790281296 ], [ 760175.344943271949887, 3788593.917045689653605 ], [ 760175.601273209555075, 3788584.672739894129336 ], [ 760167.920775104546919, 3788584.459775239694864 ], [ 760168.433418158907443, 3788565.971164423041046 ], [ 760145.391879562521353, 3788565.332309735007584 ], [ 760145.648177511524409, 3788556.088005204685032 ], [ 760153.3286977566313, 3788556.300950220320374 ], [ 760153.585002738283947, 3788547.056645542383194 ], [ 760161.265530771692283, 3788547.269596614409238 ], [ 760161.521842786343768, 3788538.025291784200817 ], [ 760146.160771756665781, 3788537.599396433215588 ], [ 760145.904474909533747, 3788546.843700772151351 ], [ 760138.223947283928283, 3788546.630762301851064 ], [ 760137.967657469795085, 3788555.875066488981247 ], [ 760114.926098568830639, 3788555.236288149375468 ], [ 760114.669830955099314, 3788564.480591698084027 ], [ 760099.308807874331251, 3788564.054770484101027 ], [ 760099.052554877358489, 3788573.299073637463152 ], [ 760083.691547779599205, 3788572.873277138452977 ], [ 760083.435309399152175, 3788582.117579895537347 ], [ 760091.115805262699723, 3788582.330475239083171 ], [ 760090.859558747615665, 3788591.574778336565942 ], [ 760098.54004723043181, 3788591.787680227309465 ], [ 760098.796301329275593, 3788582.543376884888858 ], [ 760106.476797600393184, 3788582.756284831091762 ], [ 760106.733058732235804, 3788573.511981339193881 ], [ 760129.774571518646553, 3788574.150742248632014 ], [ 760130.030854851007462, 3788564.906438114587218 ], [ 760137.711367104551755, 3788565.119370773434639 ], [ 760137.455076188314706, 3788574.363675153814256 ], [ 760145.135581062408164, 3788574.576614359393716 ], [ 760144.622982409084216, 3788593.065223893150687 ], [ 760159.983962432830594, 3788593.49112218990922 ], [ 760159.72764711198397, 3788602.735427591949701 ] ], [ [ 760152.559779504779726, 3788584.033864831551909 ], [ 760152.816086139762774, 3788574.789559866301715 ], [ 760160.496591421542689, 3788575.002511675003916 ], [ 760160.240277202683501, 3788584.246816885191947 ], [ 760152.559779504779726, 3788584.033864831551909 ] ] ] } },
{ "type": "Feature", "properties": { "Code": 20, "type": "foret_claire" }, "geometry": { "type": "Polygon", "coordinates": [ [ [ 760136.686200133524835, 3788602.096588862594217 ], [ 760159.72764711198397, 3788602.735427591949701 ], [ 760159.983962432830594, 3788593.49112218990922 ], [ 760144.622982409084216, 3788593.065223893150687 ], [ 760145.135581062408164, 3788574.576614359393716 ], [ 760137.455076188314706, 3788574.363675153814256 ], [ 760137.711367104551755, 3788565.119370773434639 ], [ 760130.030854851007462, 3788564.906438114587218 ], [ 760129.518287635291927, 3788583.39504647674039 ], [ 760137.198784721083939, 3788583.607979628723115 ], [ 760136.686200133524835, 3788602.096588862594217 ] ] ] } },
{ "type": "Feature", "properties": { "Code": 30, "type": "prairie" }, "geometry": { "type": "Polygon", "coordinates": [ [ [ 760152.559779504779726, 3788584.033864831551909 ], [ 760152.816086139762774, 3788574.789559866301715 ], [ 760160.496591421542689, 3788575.002511675003916 ], [ 760160.240277202683501, 3788584.246816885191947 ], [ 760152.559779504779726, 3788584.033864831551909 ] ] ] } },
{ "type": "Feature", "properties": { "Code": 60, "type": "bare" }, "geometry": { "type": "Polygon", "coordinates": [ [ [ 760167.920775104546919, 3788584.459775239694864 ], [ 760168.177096907165833, 3788575.215469783637673 ], [ 760175.857602596050128, 3788575.428434193599969 ], [ 760175.601273209555075, 3788584.672739894129336 ], [ 760167.920775104546919, 3788584.459775239694864 ] ] ] } },
{ "type": "Feature", "properties": { "Code": 50, "type": "urbain" }, "geometry": { "type": "Polygon", "coordinates": [ [ [ 760175.601273209555075, 3788584.672739894129336 ], [ 760176.113931431667879, 3788566.18412858620286 ], [ 760183.794444908970036, 3788566.397099052090198 ], [ 760184.050780777120963, 3788557.152793294750154 ], [ 760191.731302041560411, 3788557.365769815631211 ], [ 760191.474958589300513, 3788566.610075818374753 ], [ 760206.835986563470215, 3788567.036048253532499 ], [ 760207.092345183249563, 3788557.791741760913283 ], [ 760237.814433911582455, 3788558.643761261831969 ], [ 760237.301655450020917, 3788577.132376306224614 ], [ 760221.940641013206914, 3788576.70635297242552 ], [ 760221.684266123455018, 3788585.950660145841539 ], [ 760175.601273209555075, 3788584.672739894129336 ] ] ] } },
{ "type": "Feature", "properties": { "Code": 50, "type": "urbain" }, "geometry": { "type": "Polygon", "coordinates": [ [ [ 760052.969536029035226, 3788572.021759748924524 ], [ 760053.225743523100391, 3788562.777458067517728 ], [ 760060.906253739027306, 3788562.990327717736363 ], [ 760060.650038661086001, 3788572.234629644546658 ], [ 760052.969536029035226, 3788572.021759748924524 ] ] ] } },
{ "type": "Feature", "properties": { "Code": 20, "type": "foret_claire" }, "geometry": { "type": "Polygon", "coordinates": [ [ [ 760352.509289731271565, 3788580.328354683704674 ], [ 760352.765792996040545, 3788571.084043432027102 ], [ 760360.446311164065264, 3788571.29715881915763 ], [ 760360.189800315536559, 3788580.541470317170024 ], [ 760352.509289731271565, 3788580.328354683704674 ] ] ] } },
{ "type": "Feature", "properties": { "Code": 50, "type": "urbain" }, "geometry": { "type": "Polygon", "coordinates": [ [ [ 761355.052902780123986, 3788737.720974702853709 ], [ 761424.176790796220303, 3788739.646702270954847 ], [ 761425.464649151894264, 3788693.424968068487942 ], [ 761387.062297487282194, 3788692.355062570888549 ], [ 761386.804764845175669, 3788701.599407989066094 ], [ 761356.082917536492459, 3788700.743596026208252 ], [ 761356.597921592881903, 3788682.254907259251922 ], [ 761341.236968830577098, 3788681.827040070667863 ], [ 761341.494454859988764, 3788672.582696321886033 ], [ 761326.133487748214975, 3788672.154854831751436 ], [ 761326.390958055621013, 3788662.910511670168489 ], [ 761311.029976595076732, 3788662.482695878483355 ], [ 761311.287431180477142, 3788653.238353306427598 ], [ 761326.64842780935578, 3788653.666168605908751 ], [ 761326.905897009884939, 3788644.42182563431561 ], [ 761319.22539100877475, 3788644.207915081176907 ], [ 761319.482852071407251, 3788634.963572452776134 ], [ 761311.802338690846227, 3788634.749668445903808 ], [ 761311.544885212439112, 3788643.99401082796976 ], [ 761296.183874232927337, 3788643.566221226938069 ], [ 761296.44131254311651, 3788634.32187933800742 ], [ 761273.399774858029559, 3788633.680242932867259 ], [ 761273.657189862336963, 3788624.435901876538992 ], [ 761296.698750299634412, 3788625.077537541743368 ], [ 761297.985930780880153, 3788578.855829993262887 ], [ 761290.305372510105371, 3788578.64194636978209 ], [ 761290.562799361767247, 3788569.397605390287936 ], [ 761282.882233710959554, 3788569.183728314004838 ], [ 761283.139652425306849, 3788559.939387677703053 ], [ 761260.097933950019069, 3788559.297794994432479 ], [ 761259.325744403409772, 3788587.030814971774817 ], [ 761243.964645281317644, 3788586.60311654349789 ], [ 761243.707262827083468, 3788595.847456234041601 ], [ 761236.02672115736641, 3788595.633616225328296 ], [ 761235.769345733919181, 3788604.877955764532089 ], [ 761243.449879819527268, 3788605.091796019580215 ], [ 761242.162956481333822, 3788651.313496369402856 ], [ 761272.884943189448677, 3788652.168925330042839 ], [ 761272.627526524942368, 3788661.413266668561846 ], [ 761280.308016129187308, 3788661.62713990919292 ], [ 761279.793165971641429, 3788680.115823369007558 ], [ 761287.473640612675808, 3788680.329703402705491 ], [ 761287.216207119519822, 3788689.574045520741493 ], [ 761302.57714184676297, 3788690.001824983861297 ], [ 761302.319692631484941, 3788699.246167690493166 ], [ 761310.000152718275785, 3788699.460067120846361 ], [ 761309.74269536533393, 3788708.70441016741097 ], [ 761325.103600983391516, 3788709.13222842477262 ], [ 761324.846127908327617, 3788718.37657206133008 ], [ 761347.887465119361877, 3788719.018347444012761 ], [ 761347.629968737717718, 3788728.262691914569587 ], [ 761355.310407299548388, 3788728.47662989096716 ], [ 761355.052902780123986, 3788737.720974702853709 ] ] ] } },
{ "type": "Feature", "properties": { "Code": 20, "type": "foret_claire" }, "geometry": { "type": "Polygon", "coordinates": [ [ [ 759477.188057713210583, 3788546.83019179943949 ], [ 759477.69933348800987, 3788528.34162547532469 ], [ 759493.060353922890499, 3788528.766424967907369 ], [ 759492.804701143177226, 3788538.010708570946008 ], [ 759500.48520408209879, 3788538.223118013702333 ], [ 759500.229543168796226, 3788547.467401958070695 ], [ 759477.188057713210583, 3788546.83019179943949 ] ] ] } },
{ "type": "Feature", "properties": { "Code": 20, "type": "foret_claire" }, "geometry": { "type": "Polygon", "coordinates": [ [ [ 760014.823195501347072, 3788561.713204328902066 ], [ 760015.079364525503479, 3788552.468903969507664 ], [ 760022.759881306439638, 3788552.681741869077086 ], [ 760022.503704698407091, 3788561.926042474340647 ], [ 760014.823195501347072, 3788561.713204328902066 ] ] ] } },
{ "type": "Feature", "properties": { "Code": 20, "type": "foret_claire" }, "geometry": { "type": "Polygon", "coordinates": [ [ [ 760082.410350369173102, 3788619.094791876152158 ], [ 760090.090815897099674, 3788619.307688202243298 ], [ 760091.115805262699723, 3788582.330475239083171 ], [ 760083.435309399152175, 3788582.117579895537347 ], [ 760083.691547779599205, 3788572.873277138452977 ], [ 760099.052554877358489, 3788573.299073637463152 ], [ 760099.565060320543125, 3788554.810467426199466 ], [ 760076.523504476295784, 3788554.171783599536866 ], [ 760076.779733619885519, 3788544.927481375169009 ], [ 760069.099207829451188, 3788544.714599614031613 ], [ 760068.842986269504763, 3788553.958901592995971 ], [ 760053.481950466288254, 3788553.533156481571496 ], [ 760053.225743523100391, 3788562.777458067517728 ], [ 760060.906253739027306, 3788562.990327717736363 ], [ 760060.650038661086001, 3788572.234629644546658 ], [ 760068.330541496980004, 3788572.447505841497332 ], [ 760068.07431828440167, 3788581.691808107774705 ], [ 760075.754813739680685, 3788581.904690850526094 ], [ 760075.242350494256243, 3788600.393296159803867 ], [ 760082.922830985975452, 3788600.606185694690794 ], [ 760082.410350369173102, 3788619.094791876152158 ] ] ] } },
{ "type": "Feature", "properties": { "Code": 30, "type": "prairie" }, "geometry": { "type": "Polygon", "coordinates": [ [ [ 760168.177096907165833, 3788575.215469783637673 ], [ 760175.857602596050128, 3788575.428434193599969 ], [ 760176.370259716059081, 3788556.939823074731976 ], [ 760168.689738859422505, 3788556.726859155576676 ], [ 760168.946059008827433, 3788547.482553987763822 ], [ 760153.585002738283947, 3788547.056645542383194 ], [ 760153.3286977566313, 3788556.300950220320374 ], [ 760145.648177511524409, 3788556.088005204685032 ], [ 760145.391879562521353, 3788565.332309735007584 ], [ 760168.433418158907443, 3788565.971164423041046 ], [ 760168.177096907165833, 3788575.215469783637673 ] ] ] } },
{ "type": "Feature", "properties": { "Code": 20, "type": "foret_claire" }, "geometry": { "type": "Polygon", "coordinates": [ [ [ 760237.558044956531376, 3788567.888068735599518 ], [ 760237.814433911582455, 3788558.643761261831969 ], [ 760253.17547949985601, 3788559.069808817934245 ], [ 760252.919075376819819, 3788568.314116782974452 ], [ 760237.558044956531376, 3788567.888068735599518 ] ] ] } },
{ "type": "Feature", "properties": { "Code": 30, "type": "prairie" }, "geometry": { "type": "Polygon", "coordinates": [ [ [ 760130.287137632491067, 3788555.66213407414034 ], [ 760130.543419862864539, 3788546.417830133344978 ], [ 760138.223947283928283, 3788546.630762301851064 ], [ 760137.967657469795085, 3788555.875066488981247 ], [ 760130.287137632491067, 3788555.66213407414034 ] ] ] } },
{ "type": "Feature", "properties": { "Code": 20, "type": "foret_claire" }, "geometry": { "type": "Polygon", "coordinates": [ [ [ 760214.772867059335113, 3788558.004737184382975 ], [ 760215.029232711764053, 3788548.760430542752147 ], [ 760230.39029224391561, 3788549.186439802404493 ], [ 760230.133911423850805, 3788558.430746935773641 ], [ 760214.772867059335113, 3788558.004737184382975 ] ] ] } },
{ "type": "Feature", "properties": { "Code": 20, "type": "foret_claire" }, "geometry": { "type": "Polygon", "coordinates": [ [ [ 760414.466507436474785, 3788563.544829835183918 ], [ 760414.723070268984884, 3788554.300516810733825 ], [ 760422.403605237370357, 3788554.513682115357369 ], [ 760422.147034820867702, 3788563.757995385210961 ], [ 760414.466507436474785, 3788563.544829835183918 ] ] ] } },
{ "type": "Feature", "properties": { "Code": 30, "type": "prairie" }, "geometry": { "type": "Polygon", "coordinates": [ [ [ 761182.262935199425556, 3788594.136912595015019 ], [ 761243.707262827083468, 3788595.847456234041601 ], [ 761243.964645281317644, 3788586.60311654349789 ], [ 761259.325744403409772, 3788587.030814971774817 ], [ 761259.840537987882271, 3788568.542134891729802 ], [ 761252.159973156638443, 3788568.328283019829541 ], [ 761252.417361534782685, 3788559.083943369332701 ], [ 761198.653360357740894, 3788557.587158421985805 ], [ 761198.396025067777373, 3788566.831496348138899 ], [ 761190.715461874380708, 3788566.617694885004312 ], [ 761190.458133614971302, 3788575.862032661214471 ], [ 761175.097023009438999, 3788575.434448145795614 ], [ 761174.839709365041927, 3788584.678785522002727 ], [ 761182.520256981137209, 3788584.892574875149876 ], [ 761182.262935199425556, 3788594.136912595015019 ] ] ] } },
{ "type": "Feature", "properties": { "Code": 30, "type": "prairie" }, "geometry": { "type": "Polygon", "coordinates": [ [ [ 760138.223947283928283, 3788546.630762301851064 ], [ 760138.480236547184177, 3788537.386458207853138 ], [ 760146.160771756665781, 3788537.599396433215588 ], [ 760145.904474909533747, 3788546.843700772151351 ], [ 760138.223947283928283, 3788546.630762301851064 ] ] ] } },
{ "type": "Feature", "properties": { "Code": 20, "type": "foret_claire" }, "geometry": { "type": "Polygon", "coordinates": [ [ [ 760161.265530771692283, 3788547.269596614409238 ], [ 760161.521842786343768, 3788538.025291784200817 ], [ 760176.882914631394669, 3788538.451212340034544 ], [ 760176.62658744934015, 3788547.695517660584301 ], [ 760161.265530771692283, 3788547.269596614409238 ] ] ] } },
{ "type": "Feature", "properties": { "Code": 10, "type": "foret" }, "geometry": { "type": "Polygon", "coordinates": [ [ [ 760437.764675784972496, 3788554.940031626727432 ], [ 760438.277845298405737, 3788536.451404386200011 ], [ 760445.958396046538837, 3788536.66458810120821 ], [ 760445.445211365469731, 3788555.153215833008289 ], [ 760437.764675784972496, 3788554.940031626727432 ] ] ] } },
{ "type": "Feature", "properties": { "Code": 30, "type": "prairie" }, "geometry": { "type": "Polygon", "coordinates": [ [ [ 760146.160771756665781, 3788537.599396433215588 ], [ 760146.417068052571267, 3788528.355092189274728 ], [ 760161.778154249768704, 3788528.780987051315606 ], [ 760161.521842786343768, 3788538.025291784200817 ], [ 760146.160771756665781, 3788537.599396433215588 ] ] ] } },
{ "type": "Feature", "properties": { "Code": 20, "type": "foret_claire" }, "geometry": { "type": "Polygon", "coordinates": [ [ [ 759039.400181574281305, 3788534.733973126392812 ], [ 759040.676205562660471, 3788488.512627720832825 ], [ 759048.356726848171093, 3788488.724664441309869 ], [ 759048.611937583307736, 3788479.480395403690636 ], [ 759063.97299593151547, 3788479.904487255960703 ], [ 759063.717770029325038, 3788489.14875678345561 ], [ 759071.398291923804209, 3788489.360812405589968 ], [ 759071.143057889537886, 3788498.605082273483276 ], [ 759048.101515564369038, 3788497.968933576252311 ], [ 759047.591091350535862, 3788516.457472130190581 ], [ 759055.271590089076199, 3788516.669515884015709 ], [ 759055.016369575634599, 3788525.913785548415035 ], [ 759047.335878420621157, 3788525.701741550583392 ], [ 759047.080664942041039, 3788534.94601106736809 ], [ 759039.400181574281305, 3788534.733973126392812 ] ] ] } },
{ "type": "Feature", "properties": { "Code": 20, "type": "foret_claire" }, "geometry": { "type": "Polygon", "coordinates": [ [ [ 759086.248837371589616, 3788508.273483358323574 ], [ 759086.759336323244497, 3788489.784942550584674 ], [ 759094.439858826808631, 3788489.997017074376345 ], [ 759094.18460204184521, 3788499.241287675686181 ], [ 759101.865117165609263, 3788499.453368745278567 ], [ 759101.60985224833712, 3788508.697639683727175 ], [ 759086.248837371589616, 3788508.273483358323574 ] ] ] } },
{ "type": "Feature", "properties": { "Code": 20, "type": "foret_claire" }, "geometry": { "type": "Polygon", "coordinates": [ [ [ 760427.518335581989959, 3788647.169993177987635 ], [ 760442.879254859872162, 3788647.596360202878714 ], [ 760443.39245057431981, 3788629.107730568386614 ], [ 760451.072925686836243, 3788629.320923040620983 ], [ 760451.329530300572515, 3788620.076608119066805 ], [ 760466.690496306400746, 3788620.503011477645487 ], [ 760466.947115536429919, 3788611.258696161210537 ], [ 760474.627606429858133, 3788611.471907046623528 ], [ 760474.884232692071237, 3788602.227591578382999 ], [ 760459.523235942004248, 3788601.801176600158215 ], [ 760459.779846484656446, 3788592.556861720513552 ], [ 760421.37732026190497, 3788591.490935773588717 ], [ 760421.633892333135009, 3788582.246622216422111 ], [ 760406.272868104628287, 3788581.82029643561691 ], [ 760406.529424456413835, 3788572.575983463786542 ], [ 760398.848905064165592, 3788572.362830270081758 ], [ 760399.105453280499205, 3788563.118517640512437 ], [ 760383.744399940827861, 3788562.692230646964163 ], [ 760384.257464383379556, 3788544.203606655355543 ], [ 760391.938006118638441, 3788544.416746509727091 ], [ 760392.451083522755653, 3788525.928122406825423 ], [ 760346.367745163850486, 3788524.649380741640925 ], [ 760346.111252240487374, 3788533.893691272009164 ], [ 760338.430704144993797, 3788533.680589469149709 ], [ 760338.174218253931031, 3788542.924899848178029 ], [ 760353.535299480776303, 3788543.351110246963799 ], [ 760353.0222957090009, 3788561.839732273947448 ], [ 760360.702821461018175, 3788562.052847416140139 ], [ 760360.446311164065264, 3788571.29715881915763 ], [ 760368.126829536166042, 3788571.510280507616699 ], [ 760367.870311103761196, 3788580.754592251032591 ], [ 760390.91184469172731, 3788581.393995859194547 ], [ 760390.655302956234664, 3788590.638308433350176 ], [ 760406.016311201150529, 3788591.064609501045197 ], [ 760405.759753746213391, 3788600.308922661934048 ], [ 760413.440250590327196, 3788600.522082892246544 ], [ 760412.927118857624009, 3788619.010709992609918 ], [ 760389.885674440069124, 3788618.371246728114784 ], [ 760389.629130498273298, 3788627.615559685509652 ], [ 760404.990078071597964, 3788628.041862718295306 ], [ 760404.733518410357647, 3788637.286176259163767 ], [ 760427.774918547016568, 3788637.92567880358547 ], [ 760427.518335581989959, 3788647.169993177987635 ] ], [ [ 760420.607600738410838, 3788619.223877015989274 ], [ 760420.864174464484677, 3788609.979563174303621 ], [ 760428.544664132059552, 3788610.192736251745373 ], [ 760428.288082822109573, 3788619.437050340697169 ], [ 760420.607600738410838, 3788619.223877015989274 ] ] ] } },
{ "type": "Feature", "properties": { "Code": 30, "type": "prairie" }, "geometry": { "type": "Polygon", "coordinates": [ [ [ 760637.715449430630542, 3788551.240548769477755 ], [ 760637.972231092047878, 3788541.996228808071464 ], [ 760645.652787148719653, 3788542.209576350171119 ], [ 760645.909575842088088, 3788532.965256236493587 ], [ 760653.590139686246403, 3788533.178609832655638 ], [ 760653.333343409118243, 3788542.422930191736668 ], [ 760661.013899874174967, 3788542.636290334630758 ], [ 760660.757095461129211, 3788551.880611033178866 ], [ 760637.715449430630542, 3788551.240548769477755 ] ] ] } },
{ "type": "Feature", "properties": { "Code": 20, "type": "foret_claire" }, "geometry": { "type": "Polygon", "coordinates": [ [ [ 759155.628728715004399, 3788500.93811264866963 ], [ 759156.394679428078234, 3788473.205295267980546 ], [ 759164.075218926998787, 3788473.417426009196788 ], [ 759164.330542316893116, 3788464.173153495881706 ], [ 759179.691637090290897, 3788464.597433391492814 ], [ 759179.946975098224357, 3788455.353160485625267 ], [ 759202.988641532603651, 3788455.98962685232982 ], [ 759202.733280774089508, 3788465.233900491613895 ], [ 759225.774926285492256, 3788465.870424297172576 ], [ 759225.519542227499187, 3788475.114698767196387 ], [ 759233.200083553791046, 3788475.326886214781553 ], [ 759232.689298623474315, 3788493.815435927826911 ], [ 759209.647720754379407, 3788493.178891019895673 ], [ 759209.903090743580833, 3788483.93461684929207 ], [ 759202.222557610133663, 3788483.722448058892041 ], [ 759202.477919466560706, 3788474.478174227755517 ], [ 759179.436298533342779, 3788473.841706394217908 ], [ 759178.670279568410479, 3788501.574525974690914 ], [ 759155.628728715004399, 3788500.93811264866963 ] ] ] } },
{ "type": "Feature", "properties": { "Code": 30, "type": "prairie" }, "geometry": { "type": "Polygon", "coordinates": [ [ [ 759178.670279568410479, 3788501.574525974690914 ], [ 759179.436298533342779, 3788473.841706394217908 ], [ 759202.477919466560706, 3788474.478174227755517 ], [ 759202.222557610133663, 3788483.722448058892041 ], [ 759209.903090743580833, 3788483.93461684929207 ], [ 759209.392350216163322, 3788502.423165286891162 ], [ 759178.670279568410479, 3788501.574525974690914 ] ] ] } },
{ "type": "Feature", "properties": { "Code": 20, "type": "foret_claire" }, "geometry": { "type": "Polygon", "coordinates": [ [ [ 759616.460093277855776, 3788513.677153472322971 ], [ 759616.715865747071803, 3788504.43286623666063 ], [ 759624.396402274025604, 3788504.645375512074679 ], [ 759624.140622221282683, 3788513.889662992674857 ], [ 759616.460093277855776, 3788513.677153472322971 ] ] ] } },
{ "type": "Feature", "properties": { "Code": 20, "type": "foret_claire" }, "geometry": { "type": "Polygon", "coordinates": [ [ [ 758848.663239377201535, 3788483.213757450692356 ], [ 758849.428278425824828, 3788455.480969672556967 ], [ 758864.789356554625556, 3788455.904732913244516 ], [ 758864.534328919835389, 3788465.148995899129659 ], [ 758872.214860704727471, 3788465.360887215472758 ], [ 758871.704788623261265, 3788483.849413960240781 ], [ 758848.663239377201535, 3788483.213757450692356 ] ] ] } },
{ "type": "Feature", "properties": { "Code": 10, "type": "foret" }, "geometry": { "type": "Polygon", "coordinates": [ [ [ 760361.728857134119608, 3788525.075602759141475 ], [ 760361.98536467354279, 3788515.831291833426803 ], [ 760369.66592854866758, 3788516.044412048067898 ], [ 760369.922443120507523, 3788506.800100972410291 ], [ 760392.964158720569685, 3788507.43949868530035 ], [ 760392.451083522755653, 3788525.928122406825423 ], [ 760361.728857134119608, 3788525.075602759141475 ] ] ] } },
{ "type": "Feature", "properties": { "Code": 20, "type": "foret_claire" }, "geometry": { "type": "Polygon", "coordinates": [ [ [ 760392.451083522755653, 3788525.928122406825423 ], [ 760392.964158720569685, 3788507.43949868530035 ], [ 760416.005876157898456, 3788508.0789531073533 ], [ 760415.749316083267331, 3788517.323265658691525 ], [ 760400.388186088763177, 3788516.896955918520689 ], [ 760400.131640630424954, 3788526.141268071718514 ], [ 760392.451083522755653, 3788525.928122406825423 ] ] ] } },
{ "type": "Feature", "properties": { "Code": 20, "type": "foret_claire" }, "geometry": { "type": "Polygon", "coordinates": [ [ [ 760498.695673079928383, 3788575.134313260670751 ], [ 760537.098285347805358, 3788576.200551801361144 ], [ 760537.35497007437516, 3788566.956234748940915 ], [ 760545.035500724683516, 3788567.16950111463666 ], [ 760545.548883690033108, 3788548.680866804439574 ], [ 760553.229429711704142, 3788548.894138979259878 ], [ 760553.486127950483933, 3788539.649821720551699 ], [ 760538.125020943116397, 3788539.223284164443612 ], [ 760538.381703462218866, 3788529.978967491537333 ], [ 760530.701142680598423, 3788529.765708410181105 ], [ 760530.444467745255679, 3788539.010024836752564 ], [ 760515.08336196327582, 3788538.583525085356086 ], [ 760515.340021730982699, 3788529.339209150057286 ], [ 760523.020582104218192, 3788529.552455629222095 ], [ 760523.533915151609108, 3788511.063823555596173 ], [ 760492.811614213278517, 3788510.210877409204841 ], [ 760492.554978300817311, 3788519.455192415509373 ], [ 760477.193844224326313, 3788519.02875665621832 ], [ 760476.937222927808762, 3788528.273071266710758 ], [ 760492.298341836547479, 3788528.699507517274469 ], [ 760492.041704820469022, 3788537.943822714965791 ], [ 760499.722256997367367, 3788538.157050537876785 ], [ 760498.695673079928383, 3788575.134313260670751 ] ] ] } },
{ "type": "Feature", "properties": { "Code": 50, "type": "urbain" }, "geometry": { "type": "Polygon", "coordinates": [ [ [ 760569.103948629228398, 3788530.832066827453673 ], [ 760569.360660932026803, 3788521.587749268393964 ], [ 760584.721799908904359, 3788522.01433625118807 ], [ 760584.465072438470088, 3788531.258654301520437 ], [ 760569.103948629228398, 3788530.832066827453673 ] ] ] } },
{ "type": "Feature", "properties": { "Code": 10, "type": "foret" }, "geometry": { "type": "Polygon", "coordinates": [ [ [ 760630.54844876518473, 3788532.538567947223783 ], [ 760630.805221738526598, 3788523.294248421210796 ], [ 760638.48579275875818, 3788523.50758916977793 ], [ 760638.229012201540172, 3788532.751908940263093 ], [ 760630.54844876518473, 3788532.538567947223783 ] ] ] } },
{ "type": "Feature", "properties": { "Code": 30, "type": "prairie" }, "geometry": { "type": "Polygon", "coordinates": [ [ [ 760753.437488255091012, 3788535.95277997571975 ], [ 760753.694382570451126, 3788526.708456515334547 ], [ 760761.374956859275699, 3788526.921898080036044 ], [ 760761.11805496015586, 3788536.166221785359085 ], [ 760753.437488255091012, 3788535.95277997571975 ] ] ] } },
{ "type": "Feature", "properties": { "Code": 20, "type": "foret_claire" }, "geometry": { "type": "Polygon", "coordinates": [ [ [ 758971.806658024666831, 3788477.360314180143178 ], [ 758972.061792376218364, 3788468.116047678980976 ], [ 758979.742327002459206, 3788468.328027204144746 ], [ 758979.997468388988636, 3788459.083760556299239 ], [ 759018.400182480341755, 3788460.143751469440758 ], [ 759018.655361235491, 3788450.89948369609192 ], [ 759049.377566496375948, 3788451.747588861268014 ], [ 759048.867147769778967, 3788470.236126460134983 ], [ 759033.50607506709639, 3788469.812060298398137 ], [ 759033.250880047678947, 3788479.056328752543777 ], [ 758971.806658024666831, 3788477.360314180143178 ] ] ] } },
{ "type": "Feature", "properties": { "Code": 30, "type": "prairie" }, "geometry": { "type": "Polygon", "coordinates": [ [ [ 760738.333234606310725, 3788526.281592289917171 ], [ 760738.590113201644272, 3788517.037269417196512 ], [ 760753.951276333536953, 3788517.464133150875568 ], [ 760753.694382570451126, 3788526.708456515334547 ], [ 760738.333234606310725, 3788526.281592289917171 ] ] ] } },
{ "type": "Feature", "properties": { "Code": 60, "type": "bare" }, "geometry": { "type": "Polygon", "coordinates": [ [ [ 760392.964158720569685, 3788507.43949868530035 ], [ 760393.477231712313369, 3788488.950875345617533 ], [ 760401.157819154905155, 3788489.164020027499646 ], [ 760400.901275351177901, 3788498.40833189478144 ], [ 760408.581855414202437, 3788498.621483123861253 ], [ 760408.325303475023247, 3788507.865795332938433 ], [ 760392.964158720569685, 3788507.43949868530035 ] ] ] } },
{ "type": "Feature", "properties": { "Code": 10, "type": "foret" }, "geometry": { "type": "Polygon", "coordinates": [ [ [ 760515.853339610621333, 3788510.850577567704022 ], [ 760516.109997722902335, 3788501.606261917855591 ], [ 760531.471164175309241, 3788502.032759705092758 ], [ 760531.214490895625204, 3788511.277075845282525 ], [ 760515.853339610621333, 3788510.850577567704022 ] ] ] } },
{ "type": "Feature", "properties": { "Code": 60, "type": "bare" }, "geometry": { "type": "Polygon", "coordinates": [ [ [ 760508.429414802929386, 3788501.393022477161139 ], [ 760508.942714204196818, 3788482.904391957912594 ], [ 760524.303910584072582, 3788483.330876158550382 ], [ 760523.790580847649835, 3788501.819507661275566 ], [ 760508.429414802929386, 3788501.393022477161139 ] ] ] } },
{ "type": "Feature", "properties": { "Code": 20, "type": "foret_claire" }, "geometry": { "type": "Polygon", "coordinates": [ [ [ 760623.124650923884474, 3788523.080913974437863 ], [ 760646.166363983182237, 3788523.720936219673604 ], [ 760646.679938609246165, 3788505.232296470087022 ], [ 760631.318766029318795, 3788504.805609654635191 ], [ 760631.832308111828752, 3788486.316971271298826 ], [ 760608.790505272103474, 3788485.676989781670272 ], [ 760608.277008692501113, 3788504.165626689791679 ], [ 760615.957594267558306, 3788504.378948044031858 ], [ 760615.700837565818802, 3788513.623266888782382 ], [ 760623.38141576142516, 3788513.836594789754599 ], [ 760623.124650923884474, 3788523.080913974437863 ] ] ] } },
{ "type": "Feature", "properties": { "Code": 20, "type": "foret_claire" }, "geometry": { "type": "Polygon", "coordinates": [ [ [ 758910.61752267414704, 3788466.420438303612173 ], [ 758933.659122290322557, 3788467.056244564242661 ], [ 758933.914218176039867, 3788457.811979381367564 ], [ 758926.233677184442058, 3788457.600037903990597 ], [ 758926.488764938432723, 3788448.355773061513901 ], [ 758918.808216565754265, 3788448.143838129471987 ], [ 758919.063296187785454, 3788438.899573626928031 ], [ 758911.382740435306914, 3788438.687645239755511 ], [ 758911.637811925495043, 3788429.443381076678634 ], [ 758873.234998287516646, 3788428.383834871929139 ], [ 758872.724930592812598, 3788446.87236085254699 ], [ 758888.086025106254965, 3788447.296161408536136 ], [ 758887.830975269549526, 3788456.540425030514598 ], [ 758910.872595809632912, 3788457.176173853222281 ], [ 758910.61752267414704, 3788466.420438303612173 ] ] ] } },
{ "type": "Feature", "properties": { "Code": 20, "type": "foret_claire" }, "geometry": { "type": "Polygon", "coordinates": [ [ [ 759087.780327641172335, 3788452.807862082961947 ], [ 759088.035574098466896, 3788443.56359220482409 ], [ 759095.716134519665502, 3788443.775665507651865 ], [ 759095.460880478727631, 3788453.019935629796237 ], [ 759087.780327641172335, 3788452.807862082961947 ] ] ] } },
{ "type": "Feature", "properties": { "Code": 20, "type": "foret_claire" }, "geometry": { "type": "Polygon", "coordinates": [ [ [ 760470.796337780426256, 3788472.593977833166718 ], [ 760471.052948182914406, 3788463.349664040375501 ], [ 760501.775398346828297, 3788464.202529661823064 ], [ 760501.518757609417662, 3788473.446844437159598 ], [ 760470.796337780426256, 3788472.593977833166718 ] ] ] } },
{ "type": "Feature", "properties": { "Code": 10, "type": "foret" }, "geometry": { "type": "Polygon", "coordinates": [ [ [ 760509.199363077059388, 3788473.660076840780675 ], [ 760509.456011398229748, 3788464.415761819574982 ], [ 760517.136624653358012, 3788464.62900027865544 ], [ 760516.879968748544343, 3788473.873315545264632 ], [ 760509.199363077059388, 3788473.660076840780675 ] ] ] } },
{ "type": "Feature", "properties": { "Code": 30, "type": "prairie" }, "geometry": { "type": "Polygon", "coordinates": [ [ [ 758898.345716162933968, 3788632.605287539772689 ], [ 758929.067302559036762, 3788633.453034202568233 ], [ 758929.322408317239024, 3788624.208767298609018 ], [ 758944.683217901038006, 3788624.632677945308387 ], [ 758944.938338278094307, 3788615.388410650193691 ], [ 758960.299163840245456, 3788615.812346013262868 ], [ 758961.31970053340774, 3788578.835275829769671 ], [ 758976.680587576702237, 3788579.259234441444278 ], [ 758976.935735546052456, 3788570.014966646209359 ], [ 758984.616186956060119, 3788570.226955159567297 ], [ 758985.126496416167356, 3788551.738419367000461 ], [ 758992.806963195907883, 3788551.950413691811264 ], [ 758993.062124686664902, 3788542.706145695410669 ], [ 759008.42307402275037, 3788543.130152758676559 ], [ 759008.678250132128596, 3788533.885884367395192 ], [ 759039.400181574281305, 3788534.733973126392812 ], [ 759040.676205562660471, 3788488.512627720832825 ], [ 759048.356726848171093, 3788488.724664441309869 ], [ 759048.611937583307736, 3788479.480395403690636 ], [ 759063.97299593151547, 3788479.904487255960703 ], [ 759063.717770029325038, 3788489.14875678345561 ], [ 759086.759336323244497, 3788489.784942550584674 ], [ 759087.014584975899197, 3788480.5406722901389 ], [ 759110.056175847072154, 3788481.176914032548666 ], [ 759110.566717006964609, 3788462.688372330274433 ], [ 759102.886171346763149, 3788462.476285938173532 ], [ 759103.141433520009741, 3788453.232015477027744 ], [ 759087.780327641172335, 3788452.807862082961947 ], [ 759088.035574098466896, 3788443.56359220482409 ], [ 759064.993894052458927, 3788442.927410102915019 ], [ 759064.738670345395803, 3788452.171679248567671 ], [ 759049.377566496375948, 3788451.747588861268014 ], [ 759048.867147769778967, 3788470.236126460134983 ], [ 759033.50607506709639, 3788469.812060298398137 ], [ 759033.250880047678947, 3788479.056328752543777 ], [ 758964.126131185446866, 3788477.148340711370111 ], [ 758964.381257953471504, 3788467.904074454680085 ], [ 758910.61752267414704, 3788466.420438303612173 ], [ 758910.872595809632912, 3788457.176173853222281 ], [ 758887.830975269549526, 3788456.540425030514598 ], [ 758888.086025106254965, 3788447.296161408536136 ], [ 758872.724930592812598, 3788446.87236085254699 ], [ 758873.490031312452629, 3788419.139572025742382 ], [ 758881.170601217774674, 3788419.351468420121819 ], [ 758881.680680789169855, 3788400.862942525185645 ], [ 758889.361266064224765, 3788401.074844732880592 ], [ 758889.616312610683963, 3788391.83058168226853 ], [ 758843.532758505316451, 3788390.559264410287142 ], [ 758839.452675967244431, 3788538.467461220454425 ], [ 758847.133146476116963, 3788538.679335587657988 ], [ 758847.388163330382667, 3788529.43507232517004 ], [ 758878.110077727586031, 3788530.28263182239607 ], [ 758877.855030539096333, 3788539.52689606230706 ], [ 758885.535502062295564, 3788539.738801932428032 ], [ 758885.790556834312156, 3788530.494537448976189 ], [ 758893.47103614336811, 3788530.706449376884848 ], [ 758893.726097950479016, 3788521.462184743955731 ], [ 758901.406585046672262, 3788521.674102728255093 ], [ 758901.151515655801632, 3788530.918367604725063 ], [ 758931.873435733024962, 3788531.766103522386402 ], [ 758931.618335459381342, 3788541.010369470808655 ], [ 758939.298808402847499, 3788541.222319446969777 ], [ 758939.043699997244403, 3788550.466585733462125 ], [ 758916.002304527093656, 3788549.830753976479173 ], [ 758915.747218323987909, 3788559.075019626412541 ], [ 758892.705847431439906, 3788558.439243842381984 ], [ 758892.19571888144128, 3788576.927773965056986 ], [ 758899.876160475891083, 3788577.139693414326757 ], [ 758899.621087794657797, 3788586.383958862628788 ], [ 758907.301522007794119, 3788586.595884856302291 ], [ 758907.046441194601357, 3788595.8401506440714 ], [ 758914.726868027006276, 3788596.052083182148635 ], [ 758913.961599545553327, 3788623.784881853498518 ], [ 758898.60079158609733, 3788623.361021612305194 ], [ 758898.345716162933968, 3788632.605287539772689 ] ], [ [ 758848.663239377201535, 3788483.213757450692356 ], [ 758849.428278425824828, 3788455.480969672556967 ], [ 758864.789356554625556, 3788455.904732913244516 ], [ 758864.534328919835389, 3788465.148995899129659 ], [ 758872.214860704727471, 3788465.360887215472758 ], [ 758871.704788623261265, 3788483.849413960240781 ], [ 758848.663239377201535, 3788483.213757450692356 ] ] ] } },
{ "type": "Feature", "properties": { "Code": 60, "type": "bare" }, "geometry": { "type": "Polygon", "coordinates": [ [ [ 760730.909531941870227, 3788516.823847001418471 ], [ 760731.423272307962179, 3788498.335202034097165 ], [ 760739.103868735255674, 3788498.548623957671225 ], [ 760739.36074567376636, 3788489.304301369935274 ], [ 760754.721954308683053, 3788489.731163628399372 ], [ 760754.978845862438902, 3788480.486840644385666 ], [ 760762.659458070527762, 3788480.700280979741365 ], [ 760762.91635665576905, 3788471.455957845319062 ], [ 760770.596976651344448, 3788471.669404235202819 ], [ 760770.853882268071175, 3788462.425080948509276 ], [ 760778.53451005241368, 3788462.638533393386751 ], [ 760778.277596851927228, 3788471.882856925949454 ], [ 760785.958217256236821, 3788472.096315917093307 ], [ 760785.187451589270495, 3788499.829287819564342 ], [ 760769.826256487285718, 3788499.402374661993235 ], [ 760769.569348661229014, 3788508.646698326803744 ], [ 760761.888759000808932, 3788508.433250953443348 ], [ 760761.631858206237666, 3788517.677574468776584 ], [ 760730.909531941870227, 3788516.823847001418471 ] ] ] } },
{ "type": "Feature", "properties": { "Code": 50, "type": "urbain" }, "geometry": { "type": "Polygon", "coordinates": [ [ [ 760262.907276407582685, 3788485.328379793092608 ], [ 760263.420089346589521, 3788466.839765182230622 ], [ 760271.100688488455489, 3788467.052802257239819 ], [ 760271.613514389726333, 3788448.564187536481768 ], [ 760279.294128902372904, 3788448.777230421546847 ], [ 760279.037708643707447, 3788458.021537981461734 ], [ 760286.718315777136013, 3788458.234587412327528 ], [ 760286.974743619561195, 3788448.990279607940465 ], [ 760294.655358540127054, 3788449.203335095196962 ], [ 760294.142487136879936, 3788467.691951289307326 ], [ 760301.823087094468065, 3788467.90501356869936 ], [ 760301.56664298218675, 3788477.149322053883225 ], [ 760309.247235560091212, 3788477.362390878610313 ], [ 760308.990783312707208, 3788486.606699705589563 ], [ 760262.907276407582685, 3788485.328379793092608 ] ] ] } },
{ "type": "Feature", "properties": { "Code": 30, "type": "prairie" }, "geometry": { "type": "Polygon", "coordinates": [ [ [ 760398.848905064165592, 3788572.362830270081758 ], [ 760406.529424456413835, 3788572.575983463786542 ], [ 760406.785980256740004, 3788563.331670586951077 ], [ 760414.466507436474785, 3788563.544829835183918 ], [ 760414.723070268984884, 3788554.300516810733825 ], [ 760422.403605237370357, 3788554.513682115357369 ], [ 760422.147034820867702, 3788563.757995385210961 ], [ 760429.827562408172525, 3788563.971167236566544 ], [ 760430.084140408434905, 3788554.726853719446808 ], [ 760437.764675784972496, 3788554.940031626727432 ], [ 760438.277845298405737, 3788536.451404386200011 ], [ 760445.958396046538837, 3788536.66458810120821 ], [ 760445.701803981792182, 3788545.908901918213814 ], [ 760468.743434698320925, 3788546.548491609282792 ], [ 760469.000049514579587, 3788537.304177053272724 ], [ 760476.68060107936617, 3788537.517385973129421 ], [ 760477.193844224326313, 3788519.02875665621832 ], [ 760492.554978300817311, 3788519.455192415509373 ], [ 760492.811614213278517, 3788510.210877409204841 ], [ 760515.853339610621333, 3788510.850577567704022 ], [ 760516.109997722902335, 3788501.606261917855591 ], [ 760508.429414802929386, 3788501.393022477161139 ], [ 760508.942714204196818, 3788482.904391957912594 ], [ 760516.623312291689217, 3788483.117630907334387 ], [ 760516.879968748544343, 3788473.873315545264632 ], [ 760463.115733333979733, 3788472.380776935257018 ], [ 760463.372336152824573, 3788463.136463386937976 ], [ 760455.691724326228723, 3788462.923269034828991 ], [ 760455.178533304366283, 3788481.411895732861012 ], [ 760432.136744551942684, 3788480.772349008359015 ], [ 760432.393317587557249, 3788471.528036347590387 ], [ 760424.712714162189513, 3788471.314866953995079 ], [ 760425.482407207950018, 3788443.581930281128734 ], [ 760417.801781234447844, 3788443.368767925072461 ], [ 760418.05833689623978, 3788434.124456135090441 ], [ 760402.697070394875482, 3788433.698150815907866 ], [ 760402.18398885440547, 3788452.18677350692451 ], [ 760379.142136134556495, 3788451.547361310105771 ], [ 760379.39865442935843, 3788442.303050656337291 ], [ 760356.356780795031227, 3788441.663695905357599 ], [ 760355.84378915571142, 3788460.152315838262439 ], [ 760294.398923114058562, 3788458.447643145453185 ], [ 760294.142487136879936, 3788467.691951289307326 ], [ 760301.823087094468065, 3788467.90501356869936 ], [ 760301.56664298218675, 3788477.149322053883225 ], [ 760309.247235560091212, 3788477.362390878610313 ], [ 760308.990783312707208, 3788486.606699705589563 ], [ 760293.629613528028131, 3788486.180567864794284 ], [ 760293.373175896704197, 3788495.424876293167472 ], [ 760301.053753103362396, 3788495.637939308770001 ], [ 760300.540861018933356, 3788514.126556947827339 ], [ 760292.860298979794607, 3788513.913493440952152 ], [ 760292.603859694558196, 3788523.157802156638354 ], [ 760277.242751396261156, 3788522.731693554669619 ], [ 760276.986326727084816, 3788531.976001876406372 ], [ 760246.264142913511023, 3788531.123859303072095 ], [ 760246.00774802826345, 3788540.368166736327112 ], [ 760238.327210168354213, 3788540.155146599281579 ], [ 760238.070822315523401, 3788549.399453883524984 ], [ 760230.39029224391561, 3788549.186439802404493 ], [ 760230.133911423850805, 3788558.430746935773641 ], [ 760276.217049411730841, 3788559.708927407860756 ], [ 760276.473475734819658, 3788550.464618803933263 ], [ 760299.515070233959705, 3788551.10379336681217 ], [ 760299.771518757333979, 3788541.859484117943794 ], [ 760338.174218253931031, 3788542.924899848178029 ], [ 760338.430704144993797, 3788533.680589469149709 ], [ 760346.111252240487374, 3788533.893691272009164 ], [ 760346.367745163850486, 3788524.649380741640925 ], [ 760361.728857134119608, 3788525.075602759141475 ], [ 760361.98536467354279, 3788515.831291833426803 ], [ 760369.66592854866758, 3788516.044412048067898 ], [ 760369.922443120507523, 3788506.800100972410291 ], [ 760392.964158720569685, 3788507.43949868530035 ], [ 760393.477231712313369, 3788488.950875345617533 ], [ 760401.157819154905155, 3788489.164020027499646 ], [ 760400.901275351177901, 3788498.40833189478144 ], [ 760408.581855414202437, 3788498.621483123861253 ], [ 760408.325303475023247, 3788507.865795332938433 ], [ 760416.005876157898456, 3788508.0789531073533 ], [ 760415.749316083267331, 3788517.323265658691525 ], [ 760400.388186088763177, 3788516.896955918520689 ], [ 760400.131640630424954, 3788526.141268071718514 ], [ 760392.451083522755653, 3788525.928122406825423 ], [ 760391.938006118638441, 3788544.416746509727091 ], [ 760384.257464383379556, 3788544.203606655355543 ], [ 760383.744399940827861, 3788562.692230646964163 ], [ 760399.105453280499205, 3788563.118517640512437 ], [ 760398.848905064165592, 3788572.362830270081758 ] ] ] } },
{ "type": "Feature", "properties": { "Code": 20, "type": "foret_claire" }, "geometry": { "type": "Polygon", "coordinates": [ [ [ 760302.079530655522831, 3788458.660705178976059 ], [ 760302.335973665234633, 3788449.416396882850677 ], [ 760310.016588994301856, 3788449.629464972764254 ], [ 760310.273039036314003, 3788440.385156527161598 ], [ 760317.953662152518518, 3788440.598230672068894 ], [ 760318.210119226714596, 3788431.353922074660659 ], [ 760325.890750131220557, 3788431.567002273630351 ], [ 760325.634285473381169, 3788440.811311116907746 ], [ 760340.995532725704834, 3788441.237490908708423 ], [ 760341.508491824613884, 3788422.748872338794172 ], [ 760349.189130924758501, 3788422.961971195414662 ], [ 760348.676156658679247, 3788441.450590257532895 ], [ 760356.356780795031227, 3788441.663695905357599 ], [ 760355.84378915571142, 3788460.152315838262439 ], [ 760302.079530655522831, 3788458.660705178976059 ] ] ] } },
{ "type": "Feature", "properties": { "Code": 30, "type": "prairie" }, "geometry": { "type": "Polygon", "coordinates": [ [ [ 760537.098285347805358, 3788576.200551801361144 ], [ 760575.500902720261365, 3788577.266947867814451 ], [ 760575.757625366328284, 3788568.022629586048424 ], [ 760583.438157037599012, 3788568.235927456058562 ], [ 760583.694886715849862, 3788558.991609026212245 ], [ 760599.055965837906115, 3788559.418223178945482 ], [ 760599.312710131984204, 3788550.173904350493103 ], [ 760614.673805238911882, 3788550.600543215405196 ], [ 760615.187322506448254, 3788532.111904860939831 ], [ 760599.826197064016014, 3788531.685266979504377 ], [ 760600.596423322102055, 3788503.952311637345701 ], [ 760608.277008692501113, 3788504.165626689791679 ], [ 760608.790505272103474, 3788485.676989781670272 ], [ 760631.832308111828752, 3788486.316971271298826 ], [ 760632.089078324963339, 3788477.072652221657336 ], [ 760639.769687264109962, 3788477.285991740878671 ], [ 760640.026464508846402, 3788468.041672541294247 ], [ 760616.98461555398535, 3788467.401673624292016 ], [ 760617.498122885008343, 3788448.913036983460188 ], [ 760586.775599800748751, 3788448.059795272536576 ], [ 760587.032322303508408, 3788438.815478077623993 ], [ 760579.351684459019452, 3788438.602183647919446 ], [ 760579.608398826094344, 3788429.35786679526791 ], [ 760564.247108582989313, 3788428.931297330651432 ], [ 760563.990409383317456, 3788438.175613692030311 ], [ 760556.309772151522338, 3788437.962338164914399 ], [ 760556.053079983685166, 3788447.206654377281666 ], [ 760540.691821300657466, 3788446.780121734831482 ], [ 760540.178465644014068, 3788465.2687534596771 ], [ 760555.539693992119282, 3788465.695287085138261 ], [ 760555.796387264039367, 3788456.45097068278119 ], [ 760571.15763159643393, 3788456.877529019955546 ], [ 760571.414339483482763, 3788447.633212223183364 ], [ 760579.094969540135935, 3788447.846500596962869 ], [ 760578.838254069210961, 3788457.090817641001195 ], [ 760586.518876746296883, 3788457.3041125619784 ], [ 760585.748704270692542, 3788485.037064999807626 ], [ 760570.387504623271525, 3788484.610479984432459 ], [ 760569.874083881499246, 3788503.099114435724914 ], [ 760546.832331445766613, 3788502.459282694850117 ], [ 760546.318953999085352, 3788520.947916053235531 ], [ 760538.638385429512709, 3788520.734650916419923 ], [ 760538.125020943116397, 3788539.223284164443612 ], [ 760553.486127950483933, 3788539.649821720551699 ], [ 760553.229429711704142, 3788548.894138979259878 ], [ 760545.548883690033108, 3788548.680866804439574 ], [ 760545.035500724683516, 3788567.16950111463666 ], [ 760537.35497007437516, 3788566.956234748940915 ], [ 760537.098285347805358, 3788576.200551801361144 ] ], [ [ 760569.103948629228398, 3788530.832066827453673 ], [ 760569.360660932026803, 3788521.587749268393964 ], [ 760584.721799908904359, 3788522.01433625118807 ], [ 760584.465072438470088, 3788531.258654301520437 ], [ 760569.103948629228398, 3788530.832066827453673 ] ] ] } },
{ "type": "Feature", "properties": { "Code": 30, "type": "prairie" }, "geometry": { "type": "Polygon", "coordinates": [ [ [ 760640.026464508846402, 3788468.041672541294247 ], [ 760640.283241201774217, 3788458.797353435773402 ], [ 760647.96386551274918, 3788459.010698764119297 ], [ 760647.707081236178055, 3788468.255018115974963 ], [ 760640.026464508846402, 3788468.041672541294247 ] ] ] } },
{ "type": "Feature", "properties": { "Code": 30, "type": "prairie" }, "geometry": { "type": "Polygon", "coordinates": [ [ [ 760686.110167935257778, 3788469.321840501390398 ], [ 760686.366990130511113, 3788460.077519920188934 ], [ 760701.728241407545283, 3788460.504292490426451 ], [ 760702.241914476500824, 3788442.015650630928576 ], [ 760709.922555588651448, 3788442.229045873973519 ], [ 760709.665711746434681, 3788451.473367003258318 ], [ 760717.346345479832962, 3788451.686768794897944 ], [ 760716.832640971406363, 3788470.175411827396601 ], [ 760686.110167935257778, 3788469.321840501390398 ] ] ] } },
{ "type": "Feature", "properties": { "Code": 50, "type": "urbain" }, "geometry": { "type": "Polygon", "coordinates": [ [ [ 759925.986072330269963, 3788438.983779068104923 ], [ 759926.498213502345607, 3788420.495186807122082 ], [ 759949.540075635188259, 3788421.133482282049954 ], [ 759949.283982573659159, 3788430.377779101487249 ], [ 759956.964596108766273, 3788430.590557106304914 ], [ 759956.708494913182221, 3788439.834854263346642 ], [ 759925.986072330269963, 3788438.983779068104923 ] ] ] } },
{ "type": "Feature", "properties": { "Code": 20, "type": "foret_claire" }, "geometry": { "type": "Polygon", "coordinates": [ [ [ 759049.377566496375948, 3788451.747588861268014 ], [ 759064.738670345395803, 3788452.171679248567671 ], [ 759064.993894052458927, 3788442.927410102915019 ], [ 759080.35501388006378, 3788443.351525203790516 ], [ 759081.375963888363913, 3788406.374447625130415 ], [ 759096.737145195249468, 3788406.798585974145681 ], [ 759097.758147089858539, 3788369.821507965680212 ], [ 759090.077526001725346, 3788369.609436619095504 ], [ 759090.332767520099878, 3788360.365167599637061 ], [ 759059.610254863277078, 3788359.516946195624769 ], [ 759059.865465499809943, 3788350.272678251843899 ], [ 759036.823560389457271, 3788349.636579087004066 ], [ 759036.568372502923012, 3788358.880846299696714 ], [ 759005.845865532173775, 3788358.032801311463118 ], [ 759005.590707430033945, 3788367.277067642193288 ], [ 758974.868234039167874, 3788366.429122487548739 ], [ 758974.613105721655302, 3788375.673387937247753 ], [ 758966.932495465036482, 3788375.461417154874653 ], [ 758966.422252351068892, 3788393.949947850313038 ], [ 758951.061062779626809, 3788393.526024212595075 ], [ 758950.805955566465855, 3788402.770289215724915 ], [ 758989.208893100963905, 3788403.830146787688136 ], [ 758988.953747422550805, 3788413.074413107242435 ], [ 758996.634327954729088, 3788413.286403767764568 ], [ 758996.379174144240096, 3788422.530670427717268 ], [ 759042.462616101140156, 3788423.802748170215636 ], [ 759042.717815411975607, 3788414.558480044361204 ], [ 759058.078979521640576, 3788414.982555875554681 ], [ 759057.823765044216998, 3788424.226824489887804 ], [ 759065.504339820472524, 3788424.438872100319713 ], [ 759065.249117210856639, 3788433.683141054119915 ], [ 759049.887983028078452, 3788433.2590516442433 ], [ 759049.377566496375948, 3788451.747588861268014 ] ] ] } },
{ "type": "Feature", "properties": { "Code": 60, "type": "bare" }, "geometry": { "type": "Polygon", "coordinates": [ [ [ 760156.660619538277388, 3788436.124996823258698 ], [ 760157.173214623471722, 3788417.636390035971999 ], [ 760172.534483237424865, 3788418.06229160958901 ], [ 760172.278170803212561, 3788427.306595445610583 ], [ 760164.597543977899477, 3788427.093641262967139 ], [ 760164.341238576103933, 3788436.337944950442761 ], [ 760156.660619538277388, 3788436.124996823258698 ] ] ] } },
{ "type": "Feature", "properties": { "Code": 50, "type": "urbain" }, "geometry": { "type": "Polygon", "coordinates": [ [ [ 760586.775599800748751, 3788448.059795272536576 ], [ 760587.032322303508408, 3788438.815478077623993 ], [ 760594.712960351724178, 3788439.028778808191419 ], [ 760594.45623026532121, 3788448.273096249438822 ], [ 760586.775599800748751, 3788448.059795272536576 ] ] ] } },
{ "type": "Feature", "properties": { "Code": 20, "type": "foret_claire" }, "geometry": { "type": "Polygon", "coordinates": [ [ [ 760817.194602605421096, 3788454.461565464735031 ], [ 760817.451552619808353, 3788445.217240891885012 ], [ 760825.132196797989309, 3788445.430730649270117 ], [ 760825.389153843745589, 3788436.186405927874148 ], [ 760833.069805808831006, 3788436.399901741649956 ], [ 760832.555875997408293, 3788454.888551774900407 ], [ 760817.194602605421096, 3788454.461565464735031 ] ] ] } },
{ "type": "Feature", "properties": { "Code": 30, "type": "prairie" }, "geometry": { "type": "Polygon", "coordinates": [ [ [ 759949.283982573659159, 3788430.377779101487249 ], [ 759956.964596108766273, 3788430.590557106304914 ], [ 759957.220696753822267, 3788421.346260042395443 ], [ 759964.901318075601012, 3788421.55904410360381 ], [ 759965.157425753423013, 3788412.314746890217066 ], [ 759957.476796848233789, 3788412.101963074877858 ], [ 759957.732896391884424, 3788402.85766620375216 ], [ 759927.010352472192608, 3788402.006594929844141 ], [ 759926.498213502345607, 3788420.495186807122082 ], [ 759949.540075635188259, 3788421.133482282049954 ], [ 759949.283982573659159, 3788430.377779101487249 ] ] ] } },
{ "type": "Feature", "properties": { "Code": 10, "type": "foret" }, "geometry": { "type": "Polygon", "coordinates": [ [ [ 760402.697070394875482, 3788433.698150815907866 ], [ 760418.05833689623978, 3788434.124456135090441 ], [ 760418.31489200622309, 3788424.880144443362951 ], [ 760410.634251070208848, 3788424.666988878510892 ], [ 760410.890798044973053, 3788415.422677527181804 ], [ 760403.210149728693068, 3788415.209528509061784 ], [ 760403.466688568354584, 3788405.965217496734113 ], [ 760395.786032872507349, 3788405.752075025811791 ], [ 760395.272969809011556, 3788424.240696652326733 ], [ 760402.953610337572172, 3788424.453839615453035 ], [ 760402.697070394875482, 3788433.698150815907866 ] ] ] } },
{ "type": "Feature", "properties": { "Code": 20, "type": "foret_claire" }, "geometry": { "type": "Polygon", "coordinates": [ [ [ 760540.691821300657466, 3788446.780121734831482 ], [ 760556.053079983685166, 3788447.206654377281666 ], [ 760556.309772151522338, 3788437.962338164914399 ], [ 760563.990409383317456, 3788438.175613692030311 ], [ 760564.247108582989313, 3788428.931297330651432 ], [ 760579.608398826094344, 3788429.35786679526791 ], [ 760579.351684459019452, 3788438.602183647919446 ], [ 760594.712960351724178, 3788439.028778808191419 ], [ 760594.969689886085689, 3788429.784461463801563 ], [ 760602.650335722602904, 3788429.997768248897046 ], [ 760602.907072288682684, 3788420.753450754098594 ], [ 760595.226418868405744, 3788420.54014421440661 ], [ 760595.739875177270733, 3788402.051509999670088 ], [ 760580.378538615535945, 3788401.624916806351393 ], [ 760580.121825904236175, 3788410.869233374483883 ], [ 760557.079845343832858, 3788410.229390103369951 ], [ 760556.823154831654392, 3788419.473706029821187 ], [ 760533.781198859913275, 3788418.833918728865683 ], [ 760533.524530546739697, 3788428.07823401177302 ], [ 760541.205174749717116, 3788428.291490389965475 ], [ 760540.691821300657466, 3788446.780121734831482 ] ] ] } },
{ "type": "Feature", "properties": { "Code": 50, "type": "urbain" }, "geometry": { "type": "Polygon", "coordinates": [ [ [ 760610.330981762846932, 3788430.211081334855407 ], [ 760610.587725912570022, 3788420.966763594187796 ], [ 760625.94903377443552, 3788421.393408178817481 ], [ 760625.692274457309395, 3788430.63772641075775 ], [ 760610.330981762846932, 3788430.211081334855407 ] ] ] } },
{ "type": "Feature", "properties": { "Code": 60, "type": "bare" }, "geometry": { "type": "Polygon", "coordinates": [ [ [ 760733.221346192643978, 3788433.624947642441839 ], [ 760733.478211681358516, 3788424.380625967402011 ], [ 760741.158868778846227, 3788424.594045924022794 ], [ 760740.901995706488378, 3788433.838367844931781 ], [ 760733.221346192643978, 3788433.624947642441839 ] ] ] } },
{ "type": "Feature", "properties": { "Code": 20, "type": "foret_claire" }, "geometry": { "type": "Polygon", "coordinates": [ [ [ 759535.298203075304627, 3788391.164272997528315 ], [ 759535.553884977824055, 3788381.919989696703851 ], [ 759550.915150933316909, 3788382.344869565684348 ], [ 759550.659453863976523, 3788391.589153356850147 ], [ 759535.298203075304627, 3788391.164272997528315 ] ] ] } },
{ "type": "Feature", "properties": { "Code": 50, "type": "urbain" }, "geometry": { "type": "Polygon", "coordinates": [ [ [ 759604.423838032293133, 3788393.076433088630438 ], [ 759604.679588185739703, 3788383.832147583831102 ], [ 759620.040857803542167, 3788384.257140866480768 ], [ 759620.296622573863715, 3788375.012854967731982 ], [ 759627.977265270310454, 3788375.225360814481974 ], [ 759627.721492916578427, 3788384.469646959099919 ], [ 759635.402128234272823, 3788384.682159351650625 ], [ 759635.146347747184336, 3788393.926445837132633 ], [ 759604.423838032293133, 3788393.076433088630438 ] ] ] } },
{ "type": "Feature", "properties": { "Code": 20, "type": "foret_claire" }, "geometry": { "type": "Polygon", "coordinates": [ [ [ 759703.504456995171495, 3788423.572209751233459 ], [ 759726.546278661116958, 3788424.209957794751972 ], [ 759727.3138964275131, 3788396.477088950574398 ], [ 759719.633266252349131, 3788396.264500704128295 ], [ 759719.889130157302134, 3788387.02021152433008 ], [ 759673.805307873757556, 3788385.744815828278661 ], [ 759673.549489469267428, 3788394.989103537518531 ], [ 759688.910747582791373, 3788395.414210723247379 ], [ 759688.654913461417891, 3788404.658499017823488 ], [ 759704.016157221980393, 3788405.08363189548254 ], [ 759703.504456995171495, 3788423.572209751233459 ] ] ] } },
{ "type": "Feature", "properties": { "Code": 30, "type": "prairie" }, "geometry": { "type": "Polygon", "coordinates": [ [ [ 760003.816718382644467, 3788404.134462135843933 ], [ 760004.072862876928411, 3788394.890163887292147 ], [ 760011.753508172230795, 3788395.10298501746729 ], [ 760011.497356094652787, 3788404.347283510491252 ], [ 760003.816718382644467, 3788404.134462135843933 ] ] ] } },
{ "type": "Feature", "properties": { "Code": 30, "type": "prairie" }, "geometry": { "type": "Polygon", "coordinates": [ [ [ 760272.639159576734528, 3788411.586959236301482 ], [ 760272.895569495274685, 3788402.342652400489897 ], [ 760280.576221925904974, 3788402.555694058071822 ], [ 760280.319804423837923, 3788411.800001140218228 ], [ 760272.639159576734528, 3788411.586959236301482 ] ] ] } },
{ "type": "Feature", "properties": { "Code": 30, "type": "prairie" }, "geometry": { "type": "Polygon", "coordinates": [ [ [ 760595.226418868405744, 3788420.54014421440661 ], [ 760595.739875177270733, 3788402.051509999670088 ], [ 760618.781881552189589, 3788402.691447047516704 ], [ 760618.268379741348326, 3788421.18008273653686 ], [ 760595.226418868405744, 3788420.54014421440661 ] ] ] } },
{ "type": "Feature", "properties": { "Code": 10, "type": "foret" }, "geometry": { "type": "Polygon", "coordinates": [ [ [ 760616.98461555398535, 3788467.401673624292016 ], [ 760640.026464508846402, 3788468.041672541294247 ], [ 760640.283241201774217, 3788458.797353435773402 ], [ 760647.96386551274918, 3788459.010698764119297 ], [ 760648.990997097687796, 3788422.033422311767936 ], [ 760641.310342451906763, 3788421.820077966433018 ], [ 760641.567116384394467, 3788412.575759335886687 ], [ 760626.205792539520189, 3788412.14909004047513 ], [ 760626.462550752446987, 3788402.904771998059005 ], [ 760618.781881552189589, 3788402.691447047516704 ], [ 760618.268379741348326, 3788421.18008273653686 ], [ 760625.94903377443552, 3788421.393408178817481 ], [ 760625.692274457309395, 3788430.63772641075775 ], [ 760610.330981762846932, 3788430.211081334855407 ], [ 760610.587725912570022, 3788420.966763594187796 ], [ 760602.907072288682684, 3788420.753450754098594 ], [ 760602.650335722602904, 3788429.997768248897046 ], [ 760594.969689886085689, 3788429.784461463801563 ], [ 760594.45623026532121, 3788448.273096249438822 ], [ 760617.498122885008343, 3788448.913036983460188 ], [ 760616.98461555398535, 3788467.401673624292016 ] ] ] } },
{ "type": "Feature", "properties": { "Code": 20, "type": "foret_claire" }, "geometry": { "type": "Polygon", "coordinates": [ [ [ 760833.069805808831006, 3788436.399901741649956 ], [ 760848.431110354140401, 3788436.826912269927561 ], [ 760848.688089598668739, 3788427.582586905919015 ], [ 760841.00742964015808, 3788427.369078737217933 ], [ 760841.264400748419575, 3788418.124753712676466 ], [ 760825.903066277736798, 3788417.697756769135594 ], [ 760825.646110336994752, 3788426.94208130100742 ], [ 760833.326769885839894, 3788427.155576869379729 ], [ 760833.069805808831006, 3788436.399901741649956 ] ] ] } },
{ "type": "Feature", "properties": { "Code": 20, "type": "foret_claire" }, "geometry": { "type": "Polygon", "coordinates": [ [ [ 759596.998953682603315, 3788383.619660393800586 ], [ 759597.254695702460594, 3788374.375375229399651 ], [ 759604.935337789123878, 3788374.587862173561007 ], [ 759604.679588185739703, 3788383.832147583831102 ], [ 759596.998953682603315, 3788383.619660393800586 ] ] ] } },
{ "type": "Feature", "properties": { "Code": 60, "type": "bare" }, "geometry": { "type": "Polygon", "coordinates": [ [ [ 759604.679588185739703, 3788383.832147583831102 ], [ 759604.935337789123878, 3788374.587862173561007 ], [ 759620.296622573863715, 3788375.012854967731982 ], [ 759620.040857803542167, 3788384.257140866480768 ], [ 759604.679588185739703, 3788383.832147583831102 ] ] ] } },
{ "type": "Feature", "properties": { "Code": 50, "type": "urbain" }, "geometry": { "type": "Polygon", "coordinates": [ [ [ 760487.953914689831436, 3788408.31020053755492 ], [ 760488.210536397527903, 3788399.065886918921024 ], [ 760495.891202125814743, 3788399.279104754328728 ], [ 760495.634572834474966, 3788408.523418619297445 ], [ 760487.953914689831436, 3788408.31020053755492 ] ] ] } },
{ "type": "Feature", "properties": { "Code": 20, "type": "foret_claire" }, "geometry": { "type": "Polygon", "coordinates": [ [ [ 760795.180399787379429, 3788416.84383849427104 ], [ 760795.69424934219569, 3788398.355191682931036 ], [ 760811.055612512864172, 3788398.782137234695256 ], [ 760810.798672844422981, 3788408.026461084373295 ], [ 760826.160021666088142, 3788408.45343233179301 ], [ 760825.903066277736798, 3788417.697756769135594 ], [ 760795.180399787379429, 3788416.84383849427104 ] ] ] } },
{ "type": "Feature", "properties": { "Code": 30, "type": "prairie" }, "geometry": { "type": "Polygon", "coordinates": [ [ [ 759604.935337789123878, 3788374.587862173561007 ], [ 759605.191086842678487, 3788365.34357686014846 ], [ 759612.871736716711894, 3788365.556069862097502 ], [ 759612.615980079746805, 3788374.800355419516563 ], [ 759604.935337789123878, 3788374.587862173561007 ] ] ] } },
{ "type": "Feature", "properties": { "Code": 10, "type": "foret" }, "geometry": { "type": "Polygon", "coordinates": [ [ [ 760073.454890065127984, 3788387.561480522155762 ], [ 760073.711101709282957, 3788378.31718025682494 ], [ 760081.391764005296864, 3788378.530057602096349 ], [ 760081.135544777614996, 3788387.77435811329633 ], [ 760073.454890065127984, 3788387.561480522155762 ] ] ] } },
{ "type": "Feature", "properties": { "Code": 60, "type": "bare" }, "geometry": { "type": "Polygon", "coordinates": [ [ [ 760588.059206794481725, 3788401.838210253510624 ], [ 760588.315926537266932, 3788392.593893534503877 ], [ 760595.996602503582835, 3788392.807193037122488 ], [ 760595.739875177270733, 3788402.051509999670088 ], [ 760588.059206794481725, 3788401.838210253510624 ] ] ] } },
{ "type": "Feature", "properties": { "Code": 30, "type": "prairie" }, "geometry": { "type": "Polygon", "coordinates": [ [ [ 760626.205792539520189, 3788412.14909004047513 ], [ 760633.886454359162599, 3788412.362421537749469 ], [ 760634.143220155732706, 3788403.118103248998523 ], [ 760641.823889764607884, 3788403.331440801732242 ], [ 760642.080662592779845, 3788394.087122363504022 ], [ 760619.03863162943162, 3788393.447129346430302 ], [ 760618.781881552189589, 3788402.691447047516704 ], [ 760626.462550752446987, 3788402.904771998059005 ], [ 760626.205792539520189, 3788412.14909004047513 ] ] ] } },
{ "type": "Feature", "properties": { "Code": 30, "type": "prairie" }, "geometry": { "type": "Polygon", "coordinates": [ [ [ 760723.742676086025313, 3788498.121786411851645 ], [ 760724.256399075384252, 3788479.633142315782607 ], [ 760731.937010464956984, 3788479.846557446755469 ], [ 760732.193878715042956, 3788470.602235295809805 ], [ 760739.874497893732041, 3788470.815656482242048 ], [ 760740.388247904600576, 3788452.327011973131448 ], [ 760755.749517209711485, 3788452.753872264176607 ], [ 760756.006406554253772, 3788443.50954965967685 ], [ 760763.687049097381532, 3788443.722989009693265 ], [ 760764.971525453380309, 3788397.5013761902228 ], [ 760772.652206118684262, 3788397.714820611756295 ], [ 760772.39530436845962, 3788406.959143231157213 ], [ 760780.075977655127645, 3788407.172594200354069 ], [ 760780.589795770356432, 3788388.683948563877493 ], [ 760788.270484428154305, 3788388.897405342198908 ], [ 760787.756651145638898, 3788407.386051469948143 ], [ 760795.437324840924703, 3788407.599515040405095 ], [ 760795.180399787379429, 3788416.84383849427104 ], [ 760825.903066277736798, 3788417.697756769135594 ], [ 760825.646110336994752, 3788426.94208130100742 ], [ 760833.326769885839894, 3788427.155576869379729 ], [ 760833.069805808831006, 3788436.399901741649956 ], [ 760825.389153843745589, 3788436.186405927874148 ], [ 760825.132196797989309, 3788445.430730649270117 ], [ 760817.451552619808353, 3788445.217240891885012 ], [ 760816.937652038526721, 3788463.705890130717307 ], [ 760801.576394631061703, 3788463.278928531333804 ], [ 760801.319458679179661, 3788472.523252803366631 ], [ 760793.638837865553796, 3788472.309781209565699 ], [ 760793.124979472369887, 3788490.798429540358484 ], [ 760785.444374030688778, 3788490.584963756613433 ], [ 760785.958217256236821, 3788472.096315917093307 ], [ 760778.277596851927228, 3788471.882856925949454 ], [ 760778.53451005241368, 3788462.638533393386751 ], [ 760770.853882268071175, 3788462.425080948509276 ], [ 760770.596976651344448, 3788471.669404235202819 ], [ 760762.91635665576905, 3788471.455957845319062 ], [ 760762.659458070527762, 3788480.700280979741365 ], [ 760754.978845862438902, 3788480.486840644385666 ], [ 760754.721954308683053, 3788489.731163628399372 ], [ 760739.36074567376636, 3788489.304301369935274 ], [ 760739.103868735255674, 3788498.548623957671225 ], [ 760723.742676086025313, 3788498.121786411851645 ] ] ] } },
{ "type": "Feature", "properties": { "Code": 60, "type": "bare" }, "geometry": { "type": "Polygon", "coordinates": [ [ [ 758843.532758505316451, 3788390.559264410287142 ], [ 758846.337733831140213, 3788288.872393298428506 ], [ 758854.018409090349451, 3788289.084261073730886 ], [ 758854.528412642772309, 3788270.595739807467908 ], [ 758862.209103270550258, 3788270.807613394223154 ], [ 758861.954094185377471, 3788280.051874223630875 ], [ 758869.63477743358817, 3788280.263754355721176 ], [ 758869.124742452171631, 3788298.752276788000017 ], [ 758876.805410736473277, 3788298.964163709897548 ], [ 758876.040331402327865, 3788326.696948810014874 ], [ 758883.720977140357718, 3788326.908842763863504 ], [ 758883.46594201575499, 3788336.153104897588491 ], [ 758891.146580373751931, 3788336.365005397237837 ], [ 758890.891537117422558, 3788345.60926787275821 ], [ 758898.572168094338849, 3788345.821174915414304 ], [ 758897.29690567124635, 3788392.042489945888519 ], [ 758843.532758505316451, 3788390.559264410287142 ] ] ] } },
{ "type": "Feature", "properties": { "Code": 20, "type": "foret_claire" }, "geometry": { "type": "Polygon", "coordinates": [ [ [ 759435.450092778890394, 3788388.403164975810796 ], [ 759436.472422754624858, 3788351.426045071333647 ], [ 759451.833728922531009, 3788351.85075965616852 ], [ 759452.089325209264643, 3788342.606479429174215 ], [ 759467.450647357385606, 3788343.031218726187944 ], [ 759467.706258261227049, 3788333.786938105709851 ], [ 759483.067596389795654, 3788334.211702114436775 ], [ 759482.811970319249667, 3788343.455983225721866 ], [ 759490.492632104782388, 3788343.668374927248806 ], [ 759490.236997901345603, 3788352.912656377069652 ], [ 759459.514382311841473, 3788352.063126398250461 ], [ 759459.25877789221704, 3788361.307406966108829 ], [ 759443.897486484376714, 3788360.882679291069508 ], [ 759443.130715428036638, 3788388.61552009684965 ], [ 759435.450092778890394, 3788388.403164975810796 ] ] ] } },
{ "type": "Feature", "properties": { "Code": 30, "type": "prairie" }, "geometry": { "type": "Polygon", "coordinates": [ [ [ 759527.617577985860407, 3788390.951842267997563 ], [ 759529.407286675297655, 3788326.241862877737731 ], [ 759537.087964848382398, 3788326.454291893169284 ], [ 759537.343642902676947, 3788317.210009260103106 ], [ 759545.024328862433322, 3788317.422444331459701 ], [ 759544.768643224844709, 3788326.666727208532393 ], [ 759560.130000587552786, 3788327.091616741847247 ], [ 759559.874299233546481, 3788336.335900205653161 ], [ 759567.554970636381768, 3788336.54835466761142 ], [ 759566.532129388884641, 3788373.525490453001112 ], [ 759574.212770662270486, 3788373.737952196504921 ], [ 759573.701331572723575, 3788392.226521151605994 ], [ 759550.659453863976523, 3788391.589153356850147 ], [ 759550.915150933316909, 3788382.344869565684348 ], [ 759535.553884977824055, 3788381.919989696703851 ], [ 759535.298203075304627, 3788391.164272997528315 ], [ 759527.617577985860407, 3788390.951842267997563 ] ] ] } },
{ "type": "Feature", "properties": { "Code": 10, "type": "foret" }, "geometry": { "type": "Polygon", "coordinates": [ [ [ 760464.142141299089417, 3788435.403523312881589 ], [ 760502.545317248441279, 3788436.469585902988911 ], [ 760503.058593757101335, 3788417.980957207269967 ], [ 760495.377942991442978, 3788417.767732578329742 ], [ 760495.634572834474966, 3788408.523418619297445 ], [ 760487.953914689831436, 3788408.31020053755492 ], [ 760488.210536397527903, 3788399.065886918921024 ], [ 760472.849205552367494, 3788398.639470149297267 ], [ 760473.362416978110559, 3788380.150844181422144 ], [ 760419.597659282502718, 3788378.658587405458093 ], [ 760418.571446564747021, 3788415.635832845233381 ], [ 760426.252095289062709, 3788415.848994464147836 ], [ 760425.995533147128299, 3788425.093306308146566 ], [ 760464.398741911049001, 3788426.159210146870464 ], [ 760464.142141299089417, 3788435.403523312881589 ] ] ] } },
{ "type": "Feature", "properties": { "Code": 30, "type": "prairie" }, "geometry": { "type": "Polygon", "coordinates": [ [ [ 761255.763360093347728, 3788438.907536550424993 ], [ 761257.050257713883184, 3788392.685845896136016 ], [ 761264.73096663877368, 3788392.899693086277694 ], [ 761264.988352086395025, 3788383.655354992020875 ], [ 761272.669068800401874, 3788383.869208236690611 ], [ 761273.183853202965111, 3788365.380531845148653 ], [ 761303.906782775186002, 3788366.236005859915167 ], [ 761303.649360515875742, 3788375.48034499399364 ], [ 761288.287910487502813, 3788375.052594892214984 ], [ 761288.030502842273563, 3788384.296933627687395 ], [ 761303.391937703127041, 3788384.724684223998338 ], [ 761303.134514336823486, 3788393.969023548997939 ], [ 761310.81522449105978, 3788394.182908544782549 ], [ 761310.557792987558059, 3788403.427248210646212 ], [ 761318.23849576280918, 3788403.641139753162861 ], [ 761317.723615927854553, 3788422.129819863475859 ], [ 761310.042928320122883, 3788421.915927826892585 ], [ 761309.5280614385847, 3788440.404607824981213 ], [ 761255.763360093347728, 3788438.907536550424993 ] ] ] } },
{ "type": "Feature", "properties": { "Code": 30, "type": "prairie" }, "geometry": { "type": "Polygon", "coordinates": [ [ [ 760142.324509372469038, 3788398.721908241976053 ], [ 760165.366456876625307, 3788399.360730776097625 ], [ 760165.879062720574439, 3788380.872124262619764 ], [ 760150.517733846558258, 3788380.446237253490835 ], [ 760150.774020774872042, 3788371.201934629585594 ], [ 760135.412677549407817, 3788370.776073315180838 ], [ 760134.900133475894108, 3788389.264677675440907 ], [ 760142.580789819359779, 3788389.477605673018843 ], [ 760142.324509372469038, 3788398.721908241976053 ] ] ] } },
{ "type": "Feature", "properties": { "Code": 20, "type": "foret_claire" }, "geometry": { "type": "Polygon", "coordinates": [ [ [ 758906.252799274981953, 3788346.033088259398937 ], [ 758906.507857697666623, 3788336.788825295399874 ], [ 758914.188496663700789, 3788337.00074469530955 ], [ 758913.933430657722056, 3788346.245007902383804 ], [ 758906.252799274981953, 3788346.033088259398937 ] ] ] } },
{ "type": "Feature", "properties": { "Code": 30, "type": "prairie" }, "geometry": { "type": "Polygon", "coordinates": [ [ [ 760081.135544777614996, 3788387.77435811329633 ], [ 760088.816199694643728, 3788387.987242005765438 ], [ 760089.32865276618395, 3788369.498640589416027 ], [ 760073.967312802560627, 3788369.072880087420344 ], [ 760073.711101709282957, 3788378.31718025682494 ], [ 760081.391764005296864, 3788378.530057602096349 ], [ 760081.135544777614996, 3788387.77435811329633 ] ] ] } },
{ "type": "Feature", "properties": { "Code": 30, "type": "prairie" }, "geometry": { "type": "Polygon", "coordinates": [ [ [ 760104.433752117911354, 3788379.168727445881814 ], [ 760104.689993545180187, 3788369.924426294397563 ], [ 760120.051335139665753, 3788370.350237202830613 ], [ 760119.795078545226716, 3788379.594538844656199 ], [ 760104.433752117911354, 3788379.168727445881814 ] ] ] } },
{ "type": "Feature", "properties": { "Code": 30, "type": "prairie" }, "geometry": { "type": "Polygon", "coordinates": [ [ [ 760165.879062720574439, 3788380.872124262619764 ], [ 760166.391666359966621, 3788362.383518129121512 ], [ 760174.072346270084381, 3788362.596470592543483 ], [ 760173.55972746363841, 3788381.085077217780054 ], [ 760165.879062720574439, 3788380.872124262619764 ] ] ] } },
{ "type": "Feature", "properties": { "Code": 30, "type": "prairie" }, "geometry": { "type": "Polygon", "coordinates": [ [ [ 760588.315926537266932, 3788392.593893534503877 ], [ 760588.572645728243515, 3788383.349576911423355 ], [ 760596.253329278202727, 3788383.562876167241484 ], [ 760596.510055500664748, 3788374.318559394683689 ], [ 760604.190746839041822, 3788374.531864705029875 ], [ 760603.67727867490612, 3788393.020498838275671 ], [ 760588.315926537266932, 3788392.593893534503877 ] ] ] } },
{ "type": "Feature", "properties": { "Code": 30, "type": "prairie" }, "geometry": { "type": "Polygon", "coordinates": [ [ [ 760717.603196905693039, 3788442.442447419743985 ], [ 760748.325764215551317, 3788443.296116609126329 ], [ 760748.582645423943177, 3788434.051794346887618 ], [ 760733.221346192643978, 3788433.624947642441839 ], [ 760733.991941001964733, 3788405.891982901841402 ], [ 760726.311268942663446, 3788405.678569738287479 ], [ 760726.568125190911815, 3788396.434248595964164 ], [ 760718.887445750995539, 3788396.220841977745295 ], [ 760719.401141423499212, 3788377.732200467493385 ], [ 760727.081836030469276, 3788377.945606592576951 ], [ 760727.3386906220112, 3788368.701285732910037 ], [ 760735.019393015885726, 3788368.91469791252166 ], [ 760735.276254638563842, 3788359.670376903843135 ], [ 760712.234125317074358, 3788359.03016000520438 ], [ 760711.977286445093341, 3788368.27448027767241 ], [ 760704.296584663679823, 3788368.061087000183761 ], [ 760704.039752822951414, 3788377.305407121311873 ], [ 760688.67836503975559, 3788376.878638978581876 ], [ 760688.164730036398396, 3788395.367278521414846 ], [ 760703.526087485137396, 3788395.794047648552805 ], [ 760703.012419938342646, 3788414.282688555307686 ], [ 760710.693083801423199, 3788414.496083061676472 ], [ 760710.436241616145708, 3788423.740403905510902 ], [ 760718.116898100473918, 3788423.953804958146065 ], [ 760717.603196905693039, 3788442.442447419743985 ] ] ] } },
{ "type": "Feature", "properties": { "Code": 30, "type": "prairie" }, "geometry": { "type": "Polygon", "coordinates": [ [ [ 759674.572759786620736, 3788358.011953275185078 ], [ 759675.084391644690186, 3788339.523378713987768 ], [ 759690.445740759139881, 3788339.948482960928231 ], [ 759689.934078567195684, 3788358.437058500014246 ], [ 759674.572759786620736, 3788358.011953275185078 ] ] ] } },
{ "type": "Feature", "properties": { "Code": 50, "type": "urbain" }, "geometry": { "type": "Polygon", "coordinates": [ [ [ 759636.425244683050551, 3788347.705014369916171 ], [ 759637.192576245288365, 3788319.972156633622944 ], [ 759652.553953657625243, 3788320.397196893114597 ], [ 759651.786576595506631, 3788348.130056098103523 ], [ 759636.425244683050551, 3788347.705014369916171 ] ] ] } },
{ "type": "Feature", "properties": { "Code": 20, "type": "foret_claire" }, "geometry": { "type": "Polygon", "coordinates": [ [ [ 759751.635253870044835, 3788350.893441654741764 ], [ 759752.658816520590335, 3788313.916283500380814 ], [ 759760.339515761705115, 3788314.128894744906574 ], [ 759760.083618341130204, 3788323.373184384312481 ], [ 759767.764310202095658, 3788323.585802175570279 ], [ 759767.252498543355614, 3788342.07438223157078 ], [ 759759.571821849211119, 3788341.861763951834291 ], [ 759759.315922777866945, 3788351.106053879018873 ], [ 759751.635253870044835, 3788350.893441654741764 ] ] ] } },
{ "type": "Feature", "properties": { "Code": 10, "type": "foret" }, "geometry": { "type": "Polygon", "coordinates": [ [ [ 760518.163242754642852, 3788427.651740157511085 ], [ 760533.524530546739697, 3788428.07823401177302 ], [ 760533.781198859913275, 3788418.833918728865683 ], [ 760556.823154831654392, 3788419.473706029821187 ], [ 760557.079845343832858, 3788410.229390103369951 ], [ 760580.121825904236175, 3788410.869233374483883 ], [ 760580.378538615535945, 3788401.624916806351393 ], [ 760588.059206794481725, 3788401.838210253510624 ], [ 760588.572645728243515, 3788383.349576911423355 ], [ 760596.253329278202727, 3788383.562876167241484 ], [ 760596.510055500664748, 3788374.318559394683689 ], [ 760604.190746839041822, 3788374.531864705029875 ], [ 760603.67727867490612, 3788393.020498838275671 ], [ 760595.996602503582835, 3788392.807193037122488 ], [ 760595.739875177270733, 3788402.051509999670088 ], [ 760618.781881552189589, 3788402.691447047516704 ], [ 760619.03863162943162, 3788393.447129346430302 ], [ 760642.080662592779845, 3788394.087122363504022 ], [ 760641.823889764607884, 3788403.331440801732242 ], [ 760664.865899816039018, 3788403.97149126464501 ], [ 760665.122695395257324, 3788394.72717208834365 ], [ 760657.442017589928582, 3788394.513815879356116 ], [ 760657.955591924488544, 3788376.025178303476423 ], [ 760650.274899156880565, 3788375.811828886624426 ], [ 760650.531677912338637, 3788366.567510486580431 ], [ 760635.17027782171499, 3788366.140831047669053 ], [ 760634.913514233194292, 3788375.385148955509067 ], [ 760642.594206592999399, 3788375.598485770635307 ], [ 760642.33743486891035, 3788384.842804019339383 ], [ 760619.295381154632196, 3788384.202811739873141 ], [ 760619.552130127907731, 3788374.958494229242206 ], [ 760611.871438381029293, 3788374.745176315773278 ], [ 760612.128179218620062, 3788365.500859145075083 ], [ 760604.447480093222111, 3788365.287547779269516 ], [ 760604.704212795011699, 3788356.043230950832367 ], [ 760573.981387999025173, 3788355.190049479715526 ], [ 760574.238089815014973, 3788345.945733729749918 ], [ 760566.557376543409191, 3788345.732454359997064 ], [ 760566.81407022383064, 3788336.488138949964195 ], [ 760528.410469010937959, 3788335.421837842557579 ], [ 760528.153813248034567, 3788344.66615202371031 ], [ 760520.473101201234385, 3788344.452910458669066 ], [ 760520.216452469932847, 3788353.697224487550557 ], [ 760481.812933217152022, 3788352.6311099473387 ], [ 760481.043097465881146, 3788380.364048924762756 ], [ 760488.723778157611378, 3788380.577259968034923 ], [ 760488.210536397527903, 3788399.065886918921024 ], [ 760495.891202125814743, 3788399.279104754328728 ], [ 760495.634572834474966, 3788408.523418619297445 ], [ 760510.995889737387188, 3788408.949873684905469 ], [ 760510.739244726952165, 3788418.194188136607409 ], [ 760518.419895900529809, 3788418.407425365876406 ], [ 760518.163242754642852, 3788427.651740157511085 ] ] ] } },
{ "type": "Feature", "properties": { "Code": 50, "type": "urbain" }, "geometry": { "type": "Polygon", "coordinates": [ [ [ 760696.359058828908019, 3788377.092019899748266 ], [ 760696.615883086109534, 3788367.847700024023652 ], [ 760704.296584663679823, 3788368.061087000183761 ], [ 760704.039752822951414, 3788377.305407121311873 ], [ 760696.359058828908019, 3788377.092019899748266 ] ] ] } },
{ "type": "Feature", "properties": { "Code": 20, "type": "foret_claire" }, "geometry": { "type": "Polygon", "coordinates": [ [ [ 759252.64760985749308, 3788327.842888227198273 ], [ 759252.903007879620418, 3788318.598614552523941 ], [ 759260.583678733906709, 3788318.810816744808108 ], [ 759260.328273128252476, 3788328.055090663488954 ], [ 759252.64760985749308, 3788327.842888227198273 ] ] ] } },
{ "type": "Feature", "properties": { "Code": 50, "type": "urbain" }, "geometry": { "type": "Polygon", "coordinates": [ [ [ 759498.42893533129245, 3788334.636491328012198 ], [ 759498.94021615665406, 3788316.147928414866328 ], [ 759506.620901099406183, 3788316.360331982839853 ], [ 759506.876548270811327, 3788307.116050424519926 ], [ 759522.237933932570741, 3788307.540875972714275 ], [ 759521.470945269335061, 3788335.273722402285784 ], [ 759498.42893533129245, 3788334.636491328012198 ] ] ] } },
{ "type": "Feature", "properties": { "Code": 20, "type": "foret_claire" }, "geometry": { "type": "Polygon", "coordinates": [ [ [ 759521.470945269335061, 3788335.273722402285784 ], [ 759521.982271594461054, 3788316.785158020444214 ], [ 759537.343642902676947, 3788317.210009260103106 ], [ 759537.087964848382398, 3788326.454291893169284 ], [ 759529.407286675297655, 3788326.241862877737731 ], [ 759529.15161565458402, 3788335.486145361326635 ], [ 759521.470945269335061, 3788335.273722402285784 ] ] ] } },
{ "type": "Feature", "properties": { "Code": 50, "type": "urbain" }, "geometry": { "type": "Polygon", "coordinates": [ [ [ 759689.166581153986044, 3788386.169922524597496 ], [ 759704.527855248306878, 3788386.595054422970861 ], [ 759704.783703436376527, 3788377.350765829440206 ], [ 759727.825638854410499, 3788377.988510198425502 ], [ 759728.33737908070907, 3788359.499931826721877 ], [ 759720.656718571670353, 3788359.287344560958445 ], [ 759720.912580276257358, 3788350.043055764399469 ], [ 759697.87057721754536, 3788349.405332502443343 ], [ 759698.382253475952893, 3788330.916756663937122 ], [ 759706.06293612497393, 3788331.129324292298406 ], [ 759706.574625349720009, 3788312.64074834715575 ], [ 759683.532532512675971, 3788312.003065829630941 ], [ 759682.765066100400873, 3788339.73592768702656 ], [ 759690.445740759139881, 3788339.948482960928231 ], [ 759689.934078567195684, 3788358.437058500014246 ], [ 759682.253419075277634, 3788358.224502737633884 ], [ 759681.997594737680629, 3788367.468790404498577 ], [ 759689.6782466461882, 3788367.681346413679421 ], [ 759689.166581153986044, 3788386.169922524597496 ] ] ] } },
{ "type": "Feature", "properties": { "Code": 30, "type": "prairie" }, "geometry": { "type": "Polygon", "coordinates": [ [ [ 760235.774162134504877, 3788355.056012006476521 ], [ 760236.286898969905451, 3788336.567402026616037 ], [ 760251.648308165138587, 3788336.99342519743368 ], [ 760251.904690922820009, 3788327.749119859188795 ], [ 760259.585403409670107, 3788327.962140650488436 ], [ 760259.072622176026925, 3788346.450751912780106 ], [ 760251.391924856230617, 3788346.237730631139129 ], [ 760251.135540995979682, 3788355.482036158908159 ], [ 760235.774162134504877, 3788355.056012006476521 ] ] ] } },
{ "type": "Feature", "properties": { "Code": 30, "type": "prairie" }, "geometry": { "type": "Polygon", "coordinates": [ [ [ 760420.11076233163476, 3788360.169965256471187 ], [ 760420.367313028778881, 3788350.925654325634241 ], [ 760428.048014838248491, 3788351.138814225327224 ], [ 760428.304572567343712, 3788341.894503144081682 ], [ 760435.985282163019292, 3788342.107669099234045 ], [ 760435.472150986315683, 3788360.596291848924011 ], [ 760420.11076233163476, 3788360.169965256471187 ] ] ] } },
{ "type": "Feature", "properties": { "Code": 20, "type": "foret_claire" }, "geometry": { "type": "Polygon", "coordinates": [ [ [ 760834.354620668687858, 3788390.17827832698822 ], [ 760857.396691548870876, 3788390.818799881730229 ], [ 760857.653675614390522, 3788381.574474745430052 ], [ 760849.972977532655932, 3788381.360961505677551 ], [ 760850.229953461908735, 3788372.116636711638421 ], [ 760842.549248001654632, 3788371.903130017220974 ], [ 760842.806215794757009, 3788362.658805564977229 ], [ 760827.444790320354514, 3788362.231811573728919 ], [ 760827.187837694422342, 3788371.47613553609699 ], [ 760834.868542745243758, 3788371.689629627391696 ], [ 760834.354620668687858, 3788390.17827832698822 ] ] ] } },
{ "type": "Feature", "properties": { "Code": 30, "type": "prairie" }, "geometry": { "type": "Polygon", "coordinates": [ [ [ 760849.972977532655932, 3788381.360961505677551 ], [ 760865.334373900550418, 3788381.787994286976755 ], [ 760865.848355541005731, 3788363.299343808088452 ], [ 760873.529069198295474, 3788363.512869156897068 ], [ 760873.786066773231141, 3788354.268543815240264 ], [ 760843.063183035468683, 3788353.414481207728386 ], [ 760842.549248001654632, 3788371.903130017220974 ], [ 760850.229953461908735, 3788372.116636711638421 ], [ 760849.972977532655932, 3788381.360961505677551 ] ] ] } },
{ "type": "Feature", "properties": { "Code": 30, "type": "prairie" }, "geometry": { "type": "Polygon", "coordinates": [ [ [ 760873.272071070619859, 3788372.757194594945759 ], [ 760873.529069198295474, 3788363.512869156897068 ], [ 760881.209783060592599, 3788363.726400807499886 ], [ 760880.95277734939009, 3788372.970726491417736 ], [ 760873.272071070619859, 3788372.757194594945759 ] ] ] } },
{ "type": "Feature", "properties": { "Code": 60, "type": "bare" }, "geometry": { "type": "Polygon", "coordinates": [ [ [ 761288.030502842273563, 3788384.296933627687395 ], [ 761288.287910487502813, 3788375.052594892214984 ], [ 761303.649360515875742, 3788375.48034499399364 ], [ 761303.391937703127041, 3788384.724684223998338 ], [ 761288.030502842273563, 3788384.296933627687395 ] ] ] } },
{ "type": "Feature", "properties": { "Code": 30, "type": "prairie" }, "geometry": { "type": "Polygon", "coordinates": [ [ [ 761418.602725275442936, 3788387.933617066126317 ], [ 761419.117797858896665, 3788369.444931305479258 ], [ 761426.798533836379647, 3788369.658910076133907 ], [ 761426.540990237728693, 3788378.903253155294806 ], [ 761434.221718836342916, 3788379.117238473612815 ], [ 761433.964167100260966, 3788388.36158189503476 ], [ 761418.602725275442936, 3788387.933617066126317 ] ] ] } },
{ "type": "Feature", "properties": { "Code": 60, "type": "bare" }, "geometry": { "type": "Polygon", "coordinates": [ [ [ 759491.003898862865753, 3788325.179812311194837 ], [ 759491.515163422096521, 3788306.691250078845769 ], [ 759499.195855744881555, 3788306.903647101484239 ], [ 759499.451494783279486, 3788297.659365883097053 ], [ 759507.132194892619736, 3788297.871768962126225 ], [ 759506.620901099406183, 3788316.360331982839853 ], [ 759498.94021615665406, 3788316.147928414866328 ], [ 759498.68457601882983, 3788325.392209822777659 ], [ 759491.003898862865753, 3788325.179812311194837 ] ] ] } },
{ "type": "Feature", "properties": { "Code": 60, "type": "bare" }, "geometry": { "type": "Polygon", "coordinates": [ [ [ 760397.325208825874142, 3788350.286212431266904 ], [ 760397.581736220861785, 3788341.041902331635356 ], [ 760405.262445001397282, 3788341.255043083801866 ], [ 760405.00591002299916, 3788350.499353427905589 ], [ 760397.325208825874142, 3788350.286212431266904 ] ] ] } },
{ "type": "Feature", "properties": { "Code": 50, "type": "urbain" }, "geometry": { "type": "Polygon", "coordinates": [ [ [ 760819.507132846862078, 3788371.262647745665163 ], [ 760827.187837694422342, 3788371.47613553609699 ], [ 760827.444790320354514, 3788362.231811573728919 ], [ 760842.806215794757009, 3788362.658805564977229 ], [ 760843.063183035468683, 3788353.414481207728386 ], [ 760873.786066773231141, 3788354.268543815240264 ], [ 760873.529069198295474, 3788363.512869156897068 ], [ 760881.209783060592599, 3788363.726400807499886 ], [ 760881.466788219171576, 3788354.48207521950826 ], [ 760889.14750986895524, 3788354.695612925104797 ], [ 760889.404522058553994, 3788345.451287185307592 ], [ 760912.446710986550897, 3788346.091937367338687 ], [ 760912.703745374456048, 3788336.847610983997583 ], [ 760920.384483009926043, 3788337.061173401307315 ], [ 760920.641524428501725, 3788327.81684686569497 ], [ 760905.280034195631742, 3788327.389728826936334 ], [ 760905.02300794410985, 3788336.634054868947715 ], [ 760874.300060265464708, 3788335.77989341551438 ], [ 760874.043063795659691, 3788345.024218568112701 ], [ 760827.958693914697506, 3788343.743163937237114 ], [ 760827.701742393779568, 3788352.987487708218396 ], [ 760796.978863561642356, 3788352.133576322346926 ], [ 760796.721941822674125, 3788361.377899202983826 ], [ 760819.764077889034525, 3788362.018324029631913 ], [ 760819.507132846862078, 3788371.262647745665163 ] ] ] } },
{ "type": "Feature", "properties": { "Code": 60, "type": "bare" }, "geometry": { "type": "Polygon", "coordinates": [ [ [ 761426.540990237728693, 3788378.903253155294806 ], [ 761426.798533836379647, 3788369.658910076133907 ], [ 761434.47927001863718, 3788369.872895149048418 ], [ 761434.221718836342916, 3788379.117238473612815 ], [ 761426.540990237728693, 3788378.903253155294806 ] ] ] } },
{ "type": "Feature", "properties": { "Code": 30, "type": "prairie" }, "geometry": { "type": "Polygon", "coordinates": [ [ [ 759391.410648314515129, 3788313.174940031953156 ], [ 759391.666181736974977, 3788303.930662144441158 ], [ 759399.346871416084468, 3788304.142977259121835 ], [ 759399.091330410446972, 3788313.387255391571671 ], [ 759391.410648314515129, 3788313.174940031953156 ] ] ] } },
{ "type": "Feature", "properties": { "Code": 30, "type": "prairie" }, "geometry": { "type": "Polygon", "coordinates": [ [ [ 760389.901027644984424, 3788340.828767880797386 ], [ 760390.157546904985793, 3788331.584458122961223 ], [ 760397.838263064390048, 3788331.797592328395694 ], [ 760397.581736220861785, 3788341.041902331635356 ], [ 760389.901027644984424, 3788340.828767880797386 ] ] ] } },
{ "type": "Feature", "properties": { "Code": 10, "type": "foret" }, "geometry": { "type": "Polygon", "coordinates": [ [ [ 760651.045233767013997, 3788348.078873973339796 ], [ 760651.3020108663477, 3788338.834555859677494 ], [ 760658.982733968179673, 3788339.047904293052852 ], [ 760658.72594928543549, 3788348.292222653049976 ], [ 760651.045233767013997, 3788348.078873973339796 ] ] ] } },
{ "type": "Feature", "properties": { "Code": 30, "type": "prairie" }, "geometry": { "type": "Polygon", "coordinates": [ [ [ 760820.021022378932685, 3788352.774000410921872 ], [ 760820.277966316440143, 3788343.529676886275411 ], [ 760827.958693914697506, 3788343.743163937237114 ], [ 760827.701742393779568, 3788352.987487708218396 ], [ 760820.021022378932685, 3788352.774000410921872 ] ] ] } },
{ "type": "Feature", "properties": { "Code": 30, "type": "prairie" }, "geometry": { "type": "Polygon", "coordinates": [ [ [ 761426.798533836379647, 3788369.658910076133907 ], [ 761427.056076881242916, 3788360.414567092433572 ], [ 761434.736820647260174, 3788360.628551917616278 ], [ 761434.47927001863718, 3788369.872895149048418 ], [ 761426.798533836379647, 3788369.658910076133907 ] ] ] } },
{ "type": "Feature", "properties": { "Code": 20, "type": "foret_claire" }, "geometry": { "type": "Polygon", "coordinates": [ [ [ 759744.978117482736707, 3788313.703678556252271 ], [ 759745.233999186544679, 3788304.459389500785619 ], [ 759752.914705807575956, 3788304.671994199510664 ], [ 759752.658816520590335, 3788313.916283500380814 ], [ 759744.978117482736707, 3788313.703678556252271 ] ] ] } },
{ "type": "Feature", "properties": { "Code": 60, "type": "bare" }, "geometry": { "type": "Polygon", "coordinates": [ [ [ 760029.164117503212765, 3788321.574257738422602 ], [ 760029.420279790880159, 3788312.329959612339735 ], [ 760044.78170830977615, 3788312.755641561001539 ], [ 760044.525530855404213, 3788321.999940177891403 ], [ 760029.164117503212765, 3788321.574257738422602 ] ] ] } },
{ "type": "Feature", "properties": { "Code": 50, "type": "urbain" }, "geometry": { "type": "Polygon", "coordinates": [ [ [ 760098.290484009077772, 3788323.490027191117406 ], [ 760098.546714547206648, 3788314.245726857800037 ], [ 760113.908146735164337, 3788314.671522220596671 ], [ 760113.651901030214503, 3788323.915823045186698 ], [ 760098.290484009077772, 3788323.490027191117406 ] ] ] } },
{ "type": "Feature", "properties": { "Code": 30, "type": "prairie" }, "geometry": { "type": "Polygon", "coordinates": [ [ [ 760259.585403409670107, 3788327.962140650488436 ], [ 760259.841793199535459, 3788318.717835162766278 ], [ 760267.522513474337757, 3788318.930862009059638 ], [ 760267.266116101061925, 3788328.175167743582278 ], [ 760259.585403409670107, 3788327.962140650488436 ] ] ] } },
{ "type": "Feature", "properties": { "Code": 30, "type": "prairie" }, "geometry": { "type": "Polygon", "coordinates": [ [ [ 760827.958693914697506, 3788343.743163937237114 ], [ 760828.215644883224741, 3788334.498840261716396 ], [ 760866.619323857594281, 3788335.566368804778904 ], [ 760866.362334971199743, 3788344.810693710576743 ], [ 760827.958693914697506, 3788343.743163937237114 ] ] ] } },
{ "type": "Feature", "properties": { "Code": 20, "type": "foret_claire" }, "geometry": { "type": "Polygon", "coordinates": [ [ [ 759737.553292769589461, 3788304.246791102923453 ], [ 759737.809166340040974, 3788295.002502387389541 ], [ 759745.489880340173841, 3788295.215100539848208 ], [ 759745.233999186544679, 3788304.459389500785619 ], [ 759737.553292769589461, 3788304.246791102923453 ] ] ] } },
{ "type": "Feature", "properties": { "Code": 30, "type": "prairie" }, "geometry": { "type": "Polygon", "coordinates": [ [ [ 760267.522513474337757, 3788318.930862009059638 ], [ 760267.778910296270624, 3788309.686556370928884 ], [ 760275.459638358559459, 3788309.899589272215962 ], [ 760275.203233952983283, 3788319.14389515761286 ], [ 760267.522513474337757, 3788318.930862009059638 ] ] ] } },
{ "type": "Feature", "properties": { "Code": 30, "type": "prairie" }, "geometry": { "type": "Polygon", "coordinates": [ [ [ 759419.833279390819371, 3788397.222753361333162 ], [ 759435.194508911110461, 3788397.647445189766586 ], [ 759436.472422754624858, 3788351.426045071333647 ], [ 759451.833728922531009, 3788351.85075965616852 ], [ 759452.089325209264643, 3788342.606479429174215 ], [ 759467.450647357385606, 3788343.031218726187944 ], [ 759467.706258261227049, 3788333.786938105709851 ], [ 759490.748265758622438, 3788334.424093571491539 ], [ 759491.515163422096521, 3788306.691250078845769 ], [ 759499.195855744881555, 3788306.903647101484239 ], [ 759499.451494783279486, 3788297.659365883097053 ], [ 759507.132194892619736, 3788297.871768962126225 ], [ 759506.876548270811327, 3788307.116050424519926 ], [ 759522.237933932570741, 3788307.540875972714275 ], [ 759521.982271594461054, 3788316.785158020444214 ], [ 759529.66295714629814, 3788316.997580490075052 ], [ 759529.918627067585476, 3788307.753298196941614 ], [ 759537.599320407258347, 3788307.965726722963154 ], [ 759537.854997362010181, 3788298.721444281283766 ], [ 759553.216399817611091, 3788299.146319744177163 ], [ 759553.72778241103515, 3788280.657754166051745 ], [ 759546.04706591530703, 3788280.445313773117959 ], [ 759546.814112932421267, 3788252.712466857396066 ], [ 759554.494852177798748, 3788252.924906515982002 ], [ 759555.006229273509234, 3788234.436341891530901 ], [ 759547.325474861660041, 3788234.223902723751962 ], [ 759547.069794172071852, 3788243.468184742610902 ], [ 759531.708301124162972, 3788243.043324818369001 ], [ 759531.4526350509841, 3788252.287606444209814 ], [ 759523.771896416554227, 3788252.075185688212514 ], [ 759523.260577787412331, 3788270.563748734071851 ], [ 759515.579854521551169, 3788270.351333788596094 ], [ 759515.32420196570456, 3788279.595615210942924 ], [ 759507.643486486980692, 3788279.383206321392208 ], [ 759507.387840964598581, 3788288.627487593330443 ], [ 759492.026425783056766, 3788288.202688227873296 ], [ 759491.770794877316803, 3788297.446969106327742 ], [ 759484.090095175430179, 3788297.234578629955649 ], [ 759483.834471303387545, 3788306.478859357535839 ], [ 759453.111704860813916, 3788305.629359476733953 ], [ 759452.856110772234388, 3788314.873639321886003 ], [ 759429.814060825388879, 3788314.236579833552241 ], [ 759429.558488937094808, 3788323.480859038420022 ], [ 759406.516463571344502, 3788322.843855521641672 ], [ 759406.260913883452304, 3788332.088134089484811 ], [ 759398.580246750847436, 3788331.875811940059066 ], [ 759398.069160893326625, 3788350.364368872251362 ], [ 759390.388509130571038, 3788350.152052535209805 ], [ 759390.13297296105884, 3788359.396330899558961 ], [ 759397.813617140520364, 3788359.608647482004017 ], [ 759397.302527986234054, 3788378.097204986494035 ], [ 759420.344416243257001, 3788378.734194006305188 ], [ 759419.833279390819371, 3788397.222753361333162 ] ] ] } },
{ "type": "Feature", "properties": { "Code": 30, "type": "prairie" }, "geometry": { "type": "Polygon", "coordinates": [ [ [ 758898.06206477037631, 3788364.30970064131543 ], [ 758905.742680784314871, 3788364.521614473778754 ], [ 758907.52808590431232, 3788299.811774396337569 ], [ 758899.847416807780974, 3788299.599862273782492 ], [ 758900.612559454981238, 3788271.867075835354626 ], [ 758892.931867812643759, 3788271.655170745681971 ], [ 758893.186906681978144, 3788262.410909036174417 ], [ 758885.506207658676431, 3788262.199010490439832 ], [ 758886.526327319443226, 3788225.221965580247343 ], [ 758894.207056674873456, 3788225.433863147627562 ], [ 758894.462092802044936, 3788216.189601914491504 ], [ 758902.142829942749813, 3788216.401505537796766 ], [ 758902.39787310466636, 3788207.157244158443063 ], [ 758894.717128380900249, 3788206.945340778212994 ], [ 758894.972163411555812, 3788197.701079735066742 ], [ 758879.610659405821934, 3788197.277292366605252 ], [ 758879.355639541288838, 3788206.52155291987583 ], [ 758848.632664297823794, 3788205.674052810296416 ], [ 758846.337733831140213, 3788288.872393298428506 ], [ 758854.018409090349451, 3788289.084261073730886 ], [ 758854.528412642772309, 3788270.595739807467908 ], [ 758862.209103270550258, 3788270.807613394223154 ], [ 758861.954094185377471, 3788280.051874223630875 ], [ 758869.63477743358817, 3788280.263754355721176 ], [ 758869.124742452171631, 3788298.752276788000017 ], [ 758876.805410736473277, 3788298.964163709897548 ], [ 758876.040331402327865, 3788326.696948810014874 ], [ 758883.720977140357718, 3788326.908842763863504 ], [ 758883.46594201575499, 3788336.153104897588491 ], [ 758891.146580373751931, 3788336.365005397237837 ], [ 758890.891537117422558, 3788345.60926787275821 ], [ 758898.572168094338849, 3788345.821174915414304 ], [ 758898.06206477037631, 3788364.30970064131543 ] ] ] } },
{ "type": "Feature", "properties": { "Code": 60, "type": "bare" }, "geometry": { "type": "Polygon", "coordinates": [ [ [ 760643.621287968242541, 3788338.621213727630675 ], [ 760644.905127265257761, 3788292.399625814054161 ], [ 760652.585888080880977, 3788292.612966717220843 ], [ 760651.815563408425078, 3788320.345919916871935 ], [ 760659.496301677310839, 3788320.559267858043313 ], [ 760659.239518098882399, 3788329.803586028050631 ], [ 760666.920248989132233, 3788330.016940516419709 ], [ 760666.663457275019027, 3788339.261259026825428 ], [ 760643.621287968242541, 3788338.621213727630675 ] ] ] } },
{ "type": "Feature", "properties": { "Code": 60, "type": "bare" }, "geometry": { "type": "Polygon", "coordinates": [ [ [ 759138.458818980492651, 3788287.683528284542263 ], [ 759139.224663567962125, 3788259.950719694141299 ], [ 759154.586090382304974, 3788260.374938430264592 ], [ 759153.82020029576961, 3788288.10774848703295 ], [ 759138.458818980492651, 3788287.683528284542263 ] ] ] } },
{ "type": "Feature", "properties": { "Code": 30, "type": "prairie" }, "geometry": { "type": "Polygon", "coordinates": [ [ [ 760743.727569126756862, 3788332.150831944774836 ], [ 760744.755033801542595, 3788295.173549015074968 ], [ 760775.478088914533146, 3788296.027278074063361 ], [ 760774.964297013822943, 3788314.515921316575259 ], [ 760759.602799382526428, 3788314.089043201878667 ], [ 760759.345917770639062, 3788323.333364472724497 ], [ 760751.66517684480641, 3788323.119934620335698 ], [ 760751.408302264055237, 3788332.364255740772933 ], [ 760743.727569126756862, 3788332.150831944774836 ] ] ] } },
{ "type": "Feature", "properties": { "Code": 30, "type": "prairie" }, "geometry": { "type": "Polygon", "coordinates": [ [ [ 760881.980796878575347, 3788335.993424328044057 ], [ 760882.237800379516557, 3788326.749099023640156 ], [ 760889.918544779880904, 3788326.962635990697891 ], [ 760890.175555311725475, 3788317.718310537282377 ], [ 760920.898565294453874, 3788318.572520428802818 ], [ 760921.155605607782491, 3788309.328194085042924 ], [ 760944.197887992020696, 3788309.968916923273355 ], [ 760943.683761311462149, 3788328.457571182865649 ], [ 760905.280034195631742, 3788327.389728826936334 ], [ 760905.02300794410985, 3788336.634054868947715 ], [ 760881.980796878575347, 3788335.993424328044057 ] ] ] } },
{ "type": "Feature", "properties": { "Code": 60, "type": "bare" }, "geometry": { "type": "Polygon", "coordinates": [ [ [ 759499.707133272080682, 3788288.415084759704769 ], [ 759499.962771211285144, 3788279.170803732704371 ], [ 759507.643486486980692, 3788279.383206321392208 ], [ 759507.387840964598581, 3788288.627487593330443 ], [ 759499.707133272080682, 3788288.415084759704769 ] ] ] } },
{ "type": "Feature", "properties": { "Code": 50, "type": "urbain" }, "geometry": { "type": "Polygon", "coordinates": [ [ [ 760044.525530855404213, 3788321.999940177891403 ], [ 760059.886945022735745, 3788322.42564782127738 ], [ 760060.399329714244232, 3788303.937049700878561 ], [ 760068.080052270670421, 3788304.149912482127547 ], [ 760068.336251373635605, 3788294.905613320413977 ], [ 760076.016981717199087, 3788295.118482158519328 ], [ 760076.273187852697447, 3788285.874182845465839 ], [ 760083.953925983048975, 3788286.087057737633586 ], [ 760084.210139150731266, 3788276.842758276034147 ], [ 760076.529393437085673, 3788276.629883627872914 ], [ 760077.298006885335781, 3788248.896986549254507 ], [ 760069.617238625069149, 3788248.684118938166648 ], [ 760069.873434422770515, 3788239.439820348285139 ], [ 760039.150333088473417, 3788238.588413895107806 ], [ 760038.894167623831891, 3788247.832711502443999 ], [ 760031.213400382897817, 3788247.619875395670533 ], [ 760029.676441527786665, 3788303.085661579854786 ], [ 760037.357163268956356, 3788303.298499158583581 ], [ 760037.100993948755786, 3788312.54279743693769 ], [ 760044.78170830977615, 3788312.755641561001539 ], [ 760044.525530855404213, 3788321.999940177891403 ] ] ] } },
{ "type": "Feature", "properties": { "Code": 30, "type": "prairie" }, "geometry": { "type": "Polygon", "coordinates": [ [ [ 760443.922564308624715, 3788333.07652987819165 ], [ 760451.603281897376291, 3788333.289708188734949 ], [ 760452.116440098034218, 3788314.801085026469082 ], [ 760475.158639588858932, 3788315.440656289923936 ], [ 760475.415240611881018, 3788306.196344115305692 ], [ 760467.734499661019072, 3788305.983147638849914 ], [ 760467.991092549054883, 3788296.73883580416441 ], [ 760421.906605627853423, 3788295.459790737368166 ], [ 760421.39351030124817, 3788313.948411553166807 ], [ 760436.754974790848792, 3788314.374735688325018 ], [ 760436.498411133186892, 3788323.619046730455011 ], [ 760444.179136101389304, 3788323.832218495197594 ], [ 760443.922564308624715, 3788333.07652987819165 ] ] ] } },
{ "type": "Feature", "properties": { "Code": 30, "type": "prairie" }, "geometry": { "type": "Polygon", "coordinates": [ [ [ 760674.857778828707524, 3788320.985982643906027 ], [ 760675.371374663314782, 3788302.497345605865121 ], [ 760683.052128712646663, 3788302.710711957886815 ], [ 760682.795323487953283, 3788311.955030675977468 ], [ 760690.476070158183575, 3788312.168403574731201 ], [ 760690.219256797805429, 3788321.412722632754594 ], [ 760674.857778828707524, 3788320.985982643906027 ] ] ] } },
{ "type": "Feature", "properties": { "Code": 30, "type": "prairie" }, "geometry": { "type": "Polygon", "coordinates": [ [ [ 761273.441244574030861, 3788356.136193790938705 ], [ 761281.121984243858606, 3788356.350052597466856 ], [ 761281.636780493194237, 3788337.861376281827688 ], [ 761273.956025655963458, 3788337.647517969366163 ], [ 761274.213415366830304, 3788328.403180201072246 ], [ 761266.532653150847182, 3788328.189328435342759 ], [ 761266.790034724632278, 3788318.944991006981581 ], [ 761259.109265130478889, 3788318.731145788915455 ], [ 761258.59451659664046, 3788337.219820246100426 ], [ 761266.275271023623645, 3788337.433665956836194 ], [ 761266.017888342961669, 3788346.678003575187176 ], [ 761273.698635391774587, 3788346.891855833120644 ], [ 761273.441244574030861, 3788356.136193790938705 ] ] ] } },
{ "type": "Feature", "properties": { "Code": 20, "type": "foret_claire" }, "geometry": { "type": "Polygon", "coordinates": [ [ [ 758885.506207658676431, 3788262.199010490439832 ], [ 758886.526327319443226, 3788225.221965580247343 ], [ 758901.887786232400686, 3788225.645767016336322 ], [ 758900.867605907376856, 3788262.622813879977912 ], [ 758885.506207658676431, 3788262.199010490439832 ] ] ] } },
{ "type": "Feature", "properties": { "Code": 20, "type": "foret_claire" }, "geometry": { "type": "Polygon", "coordinates": [ [ [ 759154.330794235691428, 3788269.619208352640271 ], [ 759154.586090382304974, 3788260.374938430264592 ], [ 759162.266804094426334, 3788260.587057247757912 ], [ 759162.01150036463514, 3788269.83132741600275 ], [ 759154.330794235691428, 3788269.619208352640271 ] ] ] } },
{ "type": "Feature", "properties": { "Code": 20, "type": "foret_claire" }, "geometry": { "type": "Polygon", "coordinates": [ [ [ 759284.902826053556055, 3788273.226089294068515 ], [ 759285.158251113607548, 3788263.981815212871879 ], [ 759292.838968279305845, 3788264.19404113991186 ], [ 759293.094400373287499, 3788254.949766911100596 ], [ 759308.455850481637754, 3788255.374237178824842 ], [ 759308.200403221300803, 3788264.618511897046119 ], [ 759300.519685648730956, 3788264.406273368280381 ], [ 759300.26424542220775, 3788273.65054793888703 ], [ 759284.902826053556055, 3788273.226089294068515 ] ] ] } },
{ "type": "Feature", "properties": { "Code": 30, "type": "prairie" }, "geometry": { "type": "Polygon", "coordinates": [ [ [ 760529.180432988563552, 3788307.688895870931447 ], [ 760529.437086543999612, 3788298.444582070689648 ], [ 760552.47933766071219, 3788299.084340883418918 ], [ 760552.222661354928277, 3788308.328655420802534 ], [ 760529.180432988563552, 3788307.688895870931447 ] ] ] } },
{ "type": "Feature", "properties": { "Code": 20, "type": "foret_claire" }, "geometry": { "type": "Polygon", "coordinates": [ [ [ 760965.44055990781635, 3788375.319993211422116 ], [ 760980.801977577153593, 3788375.747214526869357 ], [ 760981.059081875486299, 3788366.502885643858463 ], [ 760988.739798600319773, 3788366.716505507007241 ], [ 760988.996909929439425, 3788357.472176472656429 ], [ 760996.677634443040006, 3788357.685802390798926 ], [ 760997.706104566110298, 3788320.70848621847108 ], [ 760990.025349718169309, 3788320.494861285667866 ], [ 760989.511130929458886, 3788338.983518688939512 ], [ 760981.830391453811899, 3788338.769899564329535 ], [ 760982.087493541184813, 3788329.52557106083259 ], [ 760974.406746685854159, 3788329.311958484351635 ], [ 760975.178026879904792, 3788301.578974282834679 ], [ 760982.858796485816129, 3788301.792586121242493 ], [ 760983.115896361763589, 3788292.548258000519127 ], [ 760990.796673754928634, 3788292.761875892989337 ], [ 760991.053780661663041, 3788283.517547618132085 ], [ 760998.734565843595192, 3788283.731171567458659 ], [ 760998.99167978100013, 3788274.486843140795827 ], [ 760983.630094455205835, 3788274.059602038003504 ], [ 760983.372995684854686, 3788283.303929970599711 ], [ 760975.692210912005976, 3788283.0903186253272 ], [ 760975.435119172325358, 3788292.334646407514811 ], [ 760952.392788832192309, 3788291.693849434144795 ], [ 760952.649857821408659, 3788282.449522390961647 ], [ 760914.245940095046535, 3788281.381654684431851 ], [ 760913.988909023231827, 3788290.625980496406555 ], [ 760890.946583591401577, 3788289.985334745142609 ], [ 760890.689574717544019, 3788299.229659913107753 ], [ 760883.008807566482574, 3788299.01612368458882 ], [ 760882.494803327717818, 3788317.504773816559464 ], [ 760920.898565294453874, 3788318.572520428802818 ], [ 760921.155605607782491, 3788309.328194085042924 ], [ 760936.517126992344856, 3788309.755336342379451 ], [ 760936.774181919870898, 3788300.511009601410478 ], [ 760952.135719290236011, 3788300.938176572322845 ], [ 760951.878649195539765, 3788310.182503804564476 ], [ 760944.197887992020696, 3788309.968916923273355 ], [ 760943.683761311462149, 3788328.457571182865649 ], [ 760951.364507347927429, 3788328.671158556826413 ], [ 760951.107435595011339, 3788337.915486075449735 ], [ 760958.788174253073521, 3788338.129079996608198 ], [ 760958.016932927188464, 3788365.862063860055059 ], [ 760965.697649038978852, 3788366.075664820615202 ], [ 760965.44055990781635, 3788375.319993211422116 ] ] ] } },
{ "type": "Feature", "properties": { "Code": 30, "type": "prairie" }, "geometry": { "type": "Polygon", "coordinates": [ [ [ 761181.786983584752306, 3788335.081709686666727 ], [ 761204.829241338302381, 3788335.723076694644988 ], [ 761205.08656279661227, 3788326.478741144295782 ], [ 761197.405802423832938, 3788326.264946086797863 ], [ 761197.663115745410323, 3788317.02061087731272 ], [ 761182.301580446423031, 3788316.593040158972144 ], [ 761182.558878047508188, 3788307.348705538082868 ], [ 761174.878103121183813, 3788307.134929874446243 ], [ 761174.36352253309451, 3788325.623598720878363 ], [ 761182.044282292248681, 3788325.837374875321984 ], [ 761181.786983584752306, 3788335.081709686666727 ] ] ] } },
{ "type": "Feature", "properties": { "Code": 60, "type": "bare" }, "geometry": { "type": "Polygon", "coordinates": [ [ [ 759154.586090382304974, 3788260.374938430264592 ], [ 759155.096681028604507, 3788241.886398870497942 ], [ 759162.777409906848334, 3788242.09851719904691 ], [ 759162.266804094426334, 3788260.587057247757912 ], [ 759154.586090382304974, 3788260.374938430264592 ] ] ] } },
{ "type": "Feature", "properties": { "Code": 20, "type": "foret_claire" }, "geometry": { "type": "Polygon", "coordinates": [ [ [ 759162.266804094426334, 3788260.587057247757912 ], [ 759162.522107275086455, 3788251.342787175439298 ], [ 759170.202828773413785, 3788251.554912050254643 ], [ 759169.947518009576015, 3788260.799182366579771 ], [ 759162.266804094426334, 3788260.587057247757912 ] ] ] } },
{ "type": "Feature", "properties": { "Code": 60, "type": "bare" }, "geometry": { "type": "Polygon", "coordinates": [ [ [ 759546.302748804213479, 3788271.201031372416764 ], [ 759546.558431143173948, 3788261.956749067176133 ], [ 759554.23916280537378, 3788262.169188969768584 ], [ 759553.983472883002833, 3788271.413471519481391 ], [ 759546.302748804213479, 3788271.201031372416764 ] ] ] } },
{ "type": "Feature", "properties": { "Code": 30, "type": "prairie" }, "geometry": { "type": "Polygon", "coordinates": [ [ [ 759646.152177704148926, 3788273.963244736194611 ], [ 759646.663738995906897, 3788255.474673854652792 ], [ 759654.344480886356905, 3788255.687195419799536 ], [ 759653.832904428243637, 3788274.17576679168269 ], [ 759646.152177704148926, 3788273.963244736194611 ] ] ] } },
{ "type": "Feature", "properties": { "Code": 60, "type": "bare" }, "geometry": { "type": "Polygon", "coordinates": [ [ [ 759661.513631356414407, 3788274.388295148033649 ], [ 759661.769427443738095, 3788265.144009168725461 ], [ 759669.450162158114836, 3788265.356543579604477 ], [ 759669.194358487497084, 3788274.600829804316163 ], [ 759661.513631356414407, 3788274.388295148033649 ] ] ] } },
{ "type": "Feature", "properties": { "Code": 20, "type": "foret_claire" }, "geometry": { "type": "Polygon", "coordinates": [ [ [ 760122.357619693968445, 3788287.151526712812483 ], [ 760122.870121311862022, 3788268.662925430107862 ], [ 760145.912385484552942, 3788269.301680950913578 ], [ 760145.656112201046199, 3788278.54598227981478 ], [ 760130.294617715291679, 3788278.120138474740088 ], [ 760130.038359047379345, 3788287.364439409226179 ], [ 760122.357619693968445, 3788287.151526712812483 ] ] ] } },
{ "type": "Feature", "properties": { "Code": 30, "type": "prairie" }, "geometry": { "type": "Polygon", "coordinates": [ [ [ 760176.122799452394247, 3788288.642047906760126 ], [ 760176.379103620303795, 3788279.397745499387383 ], [ 760184.05985198460985, 3788279.61070205597207 ], [ 760183.803540233289823, 3788288.85500470828265 ], [ 760176.122799452394247, 3788288.642047906760126 ] ] ] } },
{ "type": "Feature", "properties": { "Code": 30, "type": "prairie" }, "geometry": { "type": "Polygon", "coordinates": [ [ [ 760383.246362669509836, 3788303.638402251992375 ], [ 760390.927101375767961, 3788303.851529418956488 ], [ 760391.440134931821376, 3788285.362910759169608 ], [ 760399.120889008394442, 3788285.576043736655265 ], [ 760399.377412542467937, 3788276.331734304782003 ], [ 760376.335128174279816, 3788275.692355012055486 ], [ 760375.822126055019908, 3788294.1809724974446 ], [ 760383.502872139913961, 3788294.39409311953932 ], [ 760383.246362669509836, 3788303.638402251992375 ] ] ] } },
{ "type": "Feature", "properties": { "Code": 30, "type": "prairie" }, "geometry": { "type": "Polygon", "coordinates": [ [ [ 760398.864364922628738, 3788294.820353263989091 ], [ 760399.120889008394442, 3788285.576043736655265 ], [ 760406.801643289625645, 3788285.789183014538139 ], [ 760406.545111620565876, 3788295.033492787741125 ], [ 760398.864364922628738, 3788294.820353263989091 ] ] ] } },
{ "type": "Feature", "properties": { "Code": 20, "type": "foret_claire" }, "geometry": { "type": "Polygon", "coordinates": [ [ [ 760552.222661354928277, 3788308.328655420802534 ], [ 760559.903404551907443, 3788308.541921206749976 ], [ 760560.160088441101834, 3788299.297606422100216 ], [ 760567.84083942649886, 3788299.510878263041377 ], [ 760568.097530347295105, 3788290.266563328448683 ], [ 760545.055255254497752, 3788289.626767448615283 ], [ 760544.798587083932944, 3788298.871081645134836 ], [ 760552.47933766071219, 3788299.084340883418918 ], [ 760552.222661354928277, 3788308.328655420802534 ] ] ] } },
{ "type": "Feature", "properties": { "Code": 20, "type": "foret_claire" }, "geometry": { "type": "Polygon", "coordinates": [ [ [ 760675.371374663314782, 3788302.497345605865121 ], [ 760675.884968289290555, 3788284.008708951063454 ], [ 760698.927276550442912, 3788284.648825433570892 ], [ 760698.670457263244316, 3788293.893144451081753 ], [ 760690.989695222349837, 3788293.679765743669122 ], [ 760690.732882966287434, 3788302.92408461170271 ], [ 760675.371374663314782, 3788302.497345605865121 ] ] ] } },
{ "type": "Feature", "properties": { "Code": 50, "type": "urbain" }, "geometry": { "type": "Polygon", "coordinates": [ [ [ 760936.517126992344856, 3788309.755336342379451 ], [ 760936.774181919870898, 3788300.511009601410478 ], [ 760952.135719290236011, 3788300.938176572322845 ], [ 760951.878649195539765, 3788310.182503804564476 ], [ 760936.517126992344856, 3788309.755336342379451 ] ] ] } },
{ "type": "Feature", "properties": { "Code": 50, "type": "urbain" }, "geometry": { "type": "Polygon", "coordinates": [ [ [ 759553.472091389237903, 3788289.90203690668568 ], [ 759561.152800505748019, 3788290.114483844023198 ], [ 759561.408499110722914, 3788280.87020085984841 ], [ 759569.089216013206169, 3788281.082653852645308 ], [ 759569.856331279268488, 3788253.34980473248288 ], [ 759562.175591627135873, 3788253.137352474033833 ], [ 759562.431288032908924, 3788243.893069868441671 ], [ 759554.750541000510566, 3788243.680624155327678 ], [ 759554.494852177798748, 3788252.924906515982002 ], [ 759546.814112932421267, 3788252.712466857396066 ], [ 759546.558431143173948, 3788261.956749067176133 ], [ 759554.23916280537378, 3788262.169188969768584 ], [ 759553.983472883002833, 3788271.413471519481391 ], [ 759546.302748804213479, 3788271.201031372416764 ], [ 759546.04706591530703, 3788280.445313773117959 ], [ 759553.72778241103515, 3788280.657754166051745 ], [ 759553.472091389237903, 3788289.90203690668568 ] ] ] } },
{ "type": "Feature", "properties": { "Code": 20, "type": "foret_claire" }, "geometry": { "type": "Polygon", "coordinates": [ [ [ 759723.21531086077448, 3788266.844460880383849 ], [ 759723.727022717008367, 3788248.355885289143771 ], [ 759739.088525938917883, 3788248.781060243491083 ], [ 759738.83265511947684, 3788258.025348481256515 ], [ 759731.151910989312455, 3788257.812757608946413 ], [ 759730.896047202986665, 3788267.05704569676891 ], [ 759723.21531086077448, 3788266.844460880383849 ] ] ] } },
{ "type": "Feature", "properties": { "Code": 30, "type": "prairie" }, "geometry": { "type": "Polygon", "coordinates": [ [ [ 760145.656112201046199, 3788278.54598227981478 ], [ 760146.168658216949552, 3788260.057379715610296 ], [ 760161.530183851718903, 3788260.483247741591185 ], [ 760162.29904424236156, 3788232.75034313602373 ], [ 760177.66061619319953, 3788233.176234893035144 ], [ 760177.404314780724235, 3788242.420536823570728 ], [ 760185.085093478206545, 3788242.633492399472743 ], [ 760184.572473833570257, 3788261.122097036801279 ], [ 760176.89171030279249, 3788260.909140971954912 ], [ 760176.379103620303795, 3788279.397745499387383 ], [ 760168.698355459608138, 3788279.184795243199915 ], [ 760168.954651492880657, 3788269.940493177622557 ], [ 760153.593140617012978, 3788269.514612058643252 ], [ 760153.33685975021217, 3788278.758913633879274 ], [ 760145.656112201046199, 3788278.54598227981478 ] ] ] } },
{ "type": "Feature", "properties": { "Code": 50, "type": "urbain" }, "geometry": { "type": "Polygon", "coordinates": [ [ [ 760205.820420283824205, 3788326.471127427183092 ], [ 760228.862554685212672, 3788327.110095290467143 ], [ 760229.631631400203332, 3788299.377182057127357 ], [ 760221.950896979076788, 3788299.164187205489725 ], [ 760222.207247198210098, 3788289.919883229304105 ], [ 760214.526505397632718, 3788289.706894923467189 ], [ 760215.295529998023994, 3788261.973984305746853 ], [ 760207.614765650825575, 3788261.761003037448972 ], [ 760207.871098498697393, 3788252.516699934843928 ], [ 760184.828783931443468, 3788251.877794669941068 ], [ 760184.572473833570257, 3788261.122097036801279 ], [ 760176.89171030279249, 3788260.909140971954912 ], [ 760176.379103620303795, 3788279.397745499387383 ], [ 760168.698355459608138, 3788279.184795243199915 ], [ 760168.954651492880657, 3788269.940493177622557 ], [ 760153.593140617012978, 3788269.514612058643252 ], [ 760153.33685975021217, 3788278.758913633879274 ], [ 760130.294617715291679, 3788278.120138474740088 ], [ 760129.782099828589708, 3788296.608740440104157 ], [ 760145.143563981167972, 3788297.034585226792842 ], [ 760144.887289044447243, 3788306.278886842541397 ], [ 760183.290915077552199, 3788307.343610300216824 ], [ 760183.034601673018187, 3788316.587913237977773 ], [ 760206.076756989699788, 3788317.226823658216745 ], [ 760205.820420283824205, 3788326.471127427183092 ] ], [ [ 760176.122799452394247, 3788288.642047906760126 ], [ 760176.379103620303795, 3788279.397745499387383 ], [ 760184.05985198460985, 3788279.61070205597207 ], [ 760183.803540233289823, 3788288.85500470828265 ], [ 760176.122799452394247, 3788288.642047906760126 ] ] ] } },
{ "type": "Feature", "properties": { "Code": 10, "type": "foret" }, "geometry": { "type": "Polygon", "coordinates": [ [ [ 760597.28023085615132, 3788346.585609644185752 ], [ 760620.322373735485598, 3788347.225542266853154 ], [ 760621.092612374573946, 3788319.492591159418225 ], [ 760613.411875126417726, 3788319.27927472256124 ], [ 760614.182086046901532, 3788291.546325210481882 ], [ 760606.501326253288426, 3788291.333015811629593 ], [ 760606.758054539212026, 3788282.088699744548649 ], [ 760583.715753632597625, 3788281.44881008984521 ], [ 760583.972458616364747, 3788272.204494854435325 ], [ 760560.930136797600426, 3788271.56466264417395 ], [ 760560.673454564064741, 3788280.808977142442018 ], [ 760552.992688616621308, 3788280.595712094567716 ], [ 760552.736013414687477, 3788289.840026441495866 ], [ 760568.097530347295105, 3788290.266563328448683 ], [ 760567.84083942649886, 3788299.510878263041377 ], [ 760575.521590615389869, 3788299.724156402982771 ], [ 760575.264891559258103, 3788308.968471678905189 ], [ 760582.945635369513184, 3788309.181756366044283 ], [ 760582.688928177813068, 3788318.426071981433779 ], [ 760590.369664608850144, 3788318.639363215304911 ], [ 760590.112949281930923, 3788327.883679172955453 ], [ 760597.793678333167918, 3788328.096976954024285 ], [ 760597.28023085615132, 3788346.585609644185752 ] ] ] } },
{ "type": "Feature", "properties": { "Code": 60, "type": "bare" }, "geometry": { "type": "Polygon", "coordinates": [ [ [ 759162.777409906848334, 3788242.09851719904691 ], [ 759163.54331450839527, 3788214.365707842633128 ], [ 759171.224066339200363, 3788214.577831739094108 ], [ 759170.968757771188393, 3788223.822101673576981 ], [ 759178.649502221262082, 3788224.034232113976032 ], [ 759178.394185521290638, 3788233.278502388391644 ], [ 759170.713448654278181, 3788233.066371702589095 ], [ 759170.458138988353312, 3788242.31064182985574 ], [ 759162.777409906848334, 3788242.09851719904691 ] ] ] } },
{ "type": "Feature", "properties": { "Code": 30, "type": "prairie" }, "geometry": { "type": "Polygon", "coordinates": [ [ [ 760122.870121311862022, 3788268.662925430107862 ], [ 760123.638869606424123, 3788240.930024219676852 ], [ 760131.319646876421757, 3788241.142935690004379 ], [ 760130.55087583209388, 3788268.875837636645883 ], [ 760122.870121311862022, 3788268.662925430107862 ] ] ] } },
{ "type": "Feature", "properties": { "Code": 10, "type": "foret" }, "geometry": { "type": "Polygon", "coordinates": [ [ [ 760368.397873925510794, 3788284.723549632821232 ], [ 760376.078627390437759, 3788284.936663707252592 ], [ 760376.335128174279816, 3788275.692355012055486 ], [ 760407.058174406993203, 3788276.544873337261379 ], [ 760407.571234987350181, 3788258.056254264898598 ], [ 760399.890457956003956, 3788257.843115724623203 ], [ 760400.146979835350066, 3788248.59880657820031 ], [ 760384.785411218879744, 3788248.172548889648169 ], [ 760385.041917380061932, 3788238.928240327630192 ], [ 760369.680334413424134, 3788238.502008332870901 ], [ 760369.42384341894649, 3788247.74631640361622 ], [ 760346.381493249093182, 3788247.107014929875731 ], [ 760345.868555105524138, 3788265.595629880670458 ], [ 760322.826252272818238, 3788264.956383640412241 ], [ 760322.569805123959668, 3788274.200690522324294 ], [ 760368.654367126175202, 3788275.479241183027625 ], [ 760368.397873925510794, 3788284.723549632821232 ] ] ] } },
{ "type": "Feature", "properties": { "Code": 50, "type": "urbain" }, "geometry": { "type": "Polygon", "coordinates": [ [ [ 760952.392788832192309, 3788291.693849434144795 ], [ 760952.649857821408659, 3788282.449522390961647 ], [ 760968.011426344397478, 3788282.876713579054922 ], [ 760968.268509947578423, 3788273.632386138197035 ], [ 760975.949302098830231, 3788273.84599093766883 ], [ 760976.206392732914537, 3788264.601663346868008 ], [ 760999.248793165432289, 3788265.242514811921865 ], [ 760999.505905997008085, 3788255.998186576645821 ], [ 761014.867522474960424, 3788256.425451896619052 ], [ 761014.610394476447254, 3788265.669780625030398 ], [ 761006.929593718843535, 3788265.456144568044692 ], [ 761006.672472751000896, 3788274.700473144650459 ], [ 760983.630094455205835, 3788274.059602038003504 ], [ 760983.372995684854686, 3788283.303929970599711 ], [ 760975.692210912005976, 3788283.0903186253272 ], [ 760975.435119172325358, 3788292.334646407514811 ], [ 760952.392788832192309, 3788291.693849434144795 ] ] ] } },
{ "type": "Feature", "properties": { "Code": 30, "type": "prairie" }, "geometry": { "type": "Polygon", "coordinates": [ [ [ 759585.473530350718647, 3788244.530444812495261 ], [ 759586.240684517892078, 3788216.797595367301255 ], [ 759601.60222591238562, 3788217.222542029805481 ], [ 759601.346493240213022, 3788226.466825573705137 ], [ 759593.665730024105869, 3788226.254348847549409 ], [ 759593.154278196510859, 3788244.742915728595108 ], [ 759585.473530350718647, 3788244.530444812495261 ] ] ] } },
{ "type": "Feature", "properties": { "Code": 60, "type": "bare" }, "geometry": { "type": "Polygon", "coordinates": [ [ [ 759593.154278196510859, 3788244.742915728595108 ], [ 759593.410004385281354, 3788235.498632240109146 ], [ 759601.090760018210858, 3788235.711109211668372 ], [ 759600.83502624637913, 3788244.955392944160849 ], [ 759593.154278196510859, 3788244.742915728595108 ] ] ] } },
{ "type": "Feature", "properties": { "Code": 60, "type": "bare" }, "geometry": { "type": "Polygon", "coordinates": [ [ [ 759693.004018713952973, 3788247.505610988941044 ], [ 759693.259843484149314, 3788238.261324315331876 ], [ 759700.940601762849838, 3788238.473883194848895 ], [ 759700.684769409592263, 3788247.718170112464577 ], [ 759693.004018713952973, 3788247.505610988941044 ] ] ] } },
{ "type": "Feature", "properties": { "Code": 30, "type": "prairie" }, "geometry": { "type": "Polygon", "coordinates": [ [ [ 760952.649857821408659, 3788282.449522390961647 ], [ 760952.906926257768646, 3788273.205195443239063 ], [ 760968.268509947578423, 3788273.632386138197035 ], [ 760968.011426344397478, 3788282.876713579054922 ], [ 760952.649857821408659, 3788282.449522390961647 ] ] ] } },
{ "type": "Feature", "properties": { "Code": 60, "type": "bare" }, "geometry": { "type": "Polygon", "coordinates": [ [ [ 760108.021081963554025, 3788249.748519998509437 ], [ 760108.277315677609295, 3788240.504220181144774 ], [ 760115.958092540386133, 3788240.717119050212204 ], [ 760115.701851243036799, 3788249.961419112980366 ], [ 760108.021081963554025, 3788249.748519998509437 ] ] ] } },
{ "type": "Feature", "properties": { "Code": 20, "type": "foret_claire" }, "geometry": { "type": "Polygon", "coordinates": [ [ [ 760184.828783931443468, 3788251.877794669941068 ], [ 760185.085093478206545, 3788242.633492399472743 ], [ 760192.76587238011416, 3788242.846454274840653 ], [ 760192.509555250057019, 3788252.090756790246814 ], [ 760184.828783931443468, 3788251.877794669941068 ] ] ] } },
{ "type": "Feature", "properties": { "Code": 30, "type": "prairie" }, "geometry": { "type": "Polygon", "coordinates": [ [ [ 760968.268509947578423, 3788273.632386138197035 ], [ 760968.525592998368666, 3788264.388058794196695 ], [ 760976.206392732914537, 3788264.601663346868008 ], [ 760975.949302098830231, 3788273.84599093766883 ], [ 760968.268509947578423, 3788273.632386138197035 ] ] ] } },
{ "type": "Feature", "properties": { "Code": 20, "type": "foret_claire" }, "geometry": { "type": "Polygon", "coordinates": [ [ [ 758863.994151513557881, 3788206.097790263593197 ], [ 758864.249156212201342, 3788196.85353019926697 ], [ 758871.929907707846723, 3788197.065408132039011 ], [ 758871.674895426258445, 3788206.309668442234397 ], [ 758863.994151513557881, 3788206.097790263593197 ] ] ] } },
{ "type": "Feature", "properties": { "Code": 30, "type": "prairie" }, "geometry": { "type": "Polygon", "coordinates": [ [ [ 759555.261916996445507, 3788225.19205972366035 ], [ 759555.517604169785045, 3788215.947777648922056 ], [ 759563.198373951949179, 3788216.160222627688199 ], [ 759562.942679195315577, 3788225.404504946898669 ], [ 759555.261916996445507, 3788225.19205972366035 ] ] ] } },
{ "type": "Feature", "properties": { "Code": 60, "type": "bare" }, "geometry": { "type": "Polygon", "coordinates": [ [ [ 759616.708020282443613, 3788226.891797928605229 ], [ 759616.963768120971508, 3788217.64751389529556 ], [ 759624.644539530621842, 3788217.860009279102087 ], [ 759624.388784109032713, 3788227.104293557349592 ], [ 759616.708020282443613, 3788226.891797928605229 ] ] ] } },
{ "type": "Feature", "properties": { "Code": 30, "type": "prairie" }, "geometry": { "type": "Polygon", "coordinates": [ [ [ 759785.684871480450965, 3788231.568157189525664 ], [ 759785.940786148421466, 3788222.323867767117918 ], [ 759808.983114422764629, 3788222.961788658518344 ], [ 759808.727177005377598, 3788232.206078816670924 ], [ 759785.684871480450965, 3788231.568157189525664 ] ] ] } },
{ "type": "Feature", "properties": { "Code": 20, "type": "foret_claire" }, "geometry": { "type": "Polygon", "coordinates": [ [ [ 760062.192658783169463, 3788239.226959284860641 ], [ 760062.448846446815878, 3788229.982661033514887 ], [ 760070.129629669710994, 3788230.195521852001548 ], [ 760069.873434422770515, 3788239.439820348285139 ], [ 760062.192658783169463, 3788239.226959284860641 ] ] ] } },
{ "type": "Feature", "properties": { "Code": 50, "type": "urbain" }, "geometry": { "type": "Polygon", "coordinates": [ [ [ 759715.790423340862617, 3788257.387594765983522 ], [ 759723.471167063922621, 3788257.600173038430512 ], [ 759723.727022717008367, 3788248.355885289143771 ], [ 759739.088525938917883, 3788248.781060243491083 ], [ 759738.83265511947684, 3788258.025348481256515 ], [ 759746.513399452669546, 3788258.237945654429495 ], [ 759746.769277855288237, 3788248.993657170794904 ], [ 759754.450029975967482, 3788249.206260399892926 ], [ 759754.705915411585011, 3788239.961971766315401 ], [ 759777.748195744119585, 3788240.599818520713598 ], [ 759778.004103379091248, 3788231.355529248714447 ], [ 759785.684871480450965, 3788231.568157189525664 ], [ 759785.940786148421466, 3788222.323867767117918 ], [ 759808.983114422764629, 3788222.961788658518344 ], [ 759809.494987606885843, 3788204.473208629526198 ], [ 759794.133404887397774, 3788204.047922715544701 ], [ 759793.877483736956492, 3788213.292212190106511 ], [ 759778.515916998498142, 3788212.866950988769531 ], [ 759778.2600104638841, 3788222.111240069847554 ], [ 759755.217684632283635, 3788221.473394786939025 ], [ 759754.961800297140144, 3788230.717683229595423 ], [ 759731.919499047566205, 3788230.07989391637966 ], [ 759731.663636911660433, 3788239.324181717354804 ], [ 759708.621360244578682, 3788238.686448374763131 ], [ 759708.365520308027044, 3788247.930735537782311 ], [ 759716.046271410770714, 3788248.143307262565941 ], [ 759715.790423340862617, 3788257.387594765983522 ] ] ] } },
{ "type": "Feature", "properties": { "Code": 50, "type": "urbain" }, "geometry": { "type": "Polygon", "coordinates": [ [ [ 759653.832904428243637, 3788274.17576679168269 ], [ 759661.513631356414407, 3788274.388295148033649 ], [ 759661.769427443738095, 3788265.144009168725461 ], [ 759684.811632198630832, 3788265.781631305813789 ], [ 759685.067450485657901, 3788256.53734468948096 ], [ 759692.748193393927068, 3788256.749897756613791 ], [ 759693.004018713952973, 3788247.505610988941044 ], [ 759685.323268222622573, 3788247.293058165349066 ], [ 759685.579085409408435, 3788238.048771736677736 ], [ 759647.175298087880947, 3788236.986103352624923 ], [ 759647.431076808832586, 3788227.741818245965987 ], [ 759639.750312371645123, 3788227.529303716029972 ], [ 759640.006082959589548, 3788218.285018947441131 ], [ 759624.644539530621842, 3788217.860009279102087 ], [ 759624.388784109032713, 3788227.104293557349592 ], [ 759616.708020282443613, 3788226.891797928605229 ], [ 759618.242499064304866, 3788171.426095166243613 ], [ 759610.561689942609519, 3788171.213607307523489 ], [ 759609.282996914698742, 3788217.435024812351912 ], [ 759601.60222591238562, 3788217.222542029805481 ], [ 759601.346493240213022, 3788226.466825573705137 ], [ 759593.665730024105869, 3788226.254348847549409 ], [ 759593.410004385281354, 3788235.498632240109146 ], [ 759601.090760018210858, 3788235.711109211668372 ], [ 759600.83502624637913, 3788244.955392944160849 ], [ 759593.154278196510859, 3788244.742915728595108 ], [ 759592.898551457910798, 3788253.987199313007295 ], [ 759623.621514544822276, 3788254.837146961595863 ], [ 759623.365756923565641, 3788264.081431619822979 ], [ 759646.407958625117317, 3788264.718959247227758 ], [ 759646.663738995906897, 3788255.474673854652792 ], [ 759654.344480886356905, 3788255.687195419799536 ], [ 759653.832904428243637, 3788274.17576679168269 ] ] ] } },
{ "type": "Feature", "properties": { "Code": 10, "type": "foret" }, "geometry": { "type": "Polygon", "coordinates": [ [ [ 760680.740861812373623, 3788385.909583836328238 ], [ 760688.421547814039513, 3788386.12295870250091 ], [ 760688.67836503975559, 3788376.878638978581876 ], [ 760696.359058828908019, 3788377.092019899748266 ], [ 760696.615883086109534, 3788367.847700024023652 ], [ 760711.977286445093341, 3788368.27448027767241 ], [ 760712.234125317074358, 3788359.03016000520438 ], [ 760742.95696482155472, 3788359.883795137982816 ], [ 760744.498168461257592, 3788304.417869604192674 ], [ 760736.817412777221762, 3788304.204452846199274 ], [ 760737.331127738580108, 3788285.715812254697084 ], [ 760714.288816412677988, 3788285.075601259246469 ], [ 760715.572980399942026, 3788238.854005133733153 ], [ 760692.530557162244804, 3788238.213854535482824 ], [ 760692.273748219478875, 3788247.458172832615674 ], [ 760684.592948465142399, 3788247.244801654946059 ], [ 760684.849749824730679, 3788238.000483603682369 ], [ 760669.488135763211176, 3788237.573760643135756 ], [ 760668.974562825402245, 3788256.0623958571814 ], [ 760653.612979914527386, 3788255.635697116609663 ], [ 760653.35620778426528, 3788264.880014373920858 ], [ 760661.036991553963162, 3788265.093360839877278 ], [ 760660.523430470144376, 3788283.581996132619679 ], [ 760668.204199277795851, 3788283.795349391642958 ], [ 760667.947410324355587, 3788293.03966742567718 ], [ 760675.628171752439812, 3788293.253027230501175 ], [ 760675.884968289290555, 3788284.008708951063454 ], [ 760698.927276550442912, 3788284.648825433570892 ], [ 760698.670457263244316, 3788293.893144451081753 ], [ 760690.989695222349837, 3788293.679765743669122 ], [ 760690.732882966287434, 3788302.92408461170271 ], [ 760683.052128712646663, 3788302.710711957886815 ], [ 760682.795323487953283, 3788311.955030675977468 ], [ 760690.476070158183575, 3788312.168403574731201 ], [ 760690.219256797805429, 3788321.412722632754594 ], [ 760682.538517711102031, 3788321.199349488131702 ], [ 760682.281711381976493, 3788330.443668395746499 ], [ 760689.962442885269411, 3788330.657041786704212 ], [ 760689.448813403607346, 3788349.145680377725512 ], [ 760697.129529943456873, 3788349.359060560818762 ], [ 760696.872706790920347, 3788358.603380245156586 ], [ 760666.149872190319002, 3788357.749896332621574 ], [ 760665.893078819732182, 3788366.994215128477663 ], [ 760673.573779579601251, 3788367.207576901186258 ], [ 760673.316978073213249, 3788376.451896039303392 ], [ 760680.997671454329975, 3788376.665264359209687 ], [ 760680.740861812373623, 3788385.909583836328238 ] ] ] } },
{ "type": "Feature", "properties": { "Code": 20, "type": "foret_claire" }, "geometry": { "type": "Polygon", "coordinates": [ [ [ 759163.54331450839527, 3788214.365707842633128 ], [ 759164.564512958633713, 3788177.388630037661642 ], [ 759179.926077486597933, 3788177.812882174737751 ], [ 759180.436703749815933, 3788159.324342866428196 ], [ 759188.117501484812237, 3788159.536477895919234 ], [ 759186.840893794433214, 3788205.757828103844076 ], [ 759179.16013397439383, 3788205.545691850595176 ], [ 759178.904818372335285, 3788214.789961935486645 ], [ 759163.54331450839527, 3788214.365707842633128 ] ] ] } },
{ "type": "Feature", "properties": { "Code": 20, "type": "foret_claire" }, "geometry": { "type": "Polygon", "coordinates": [ [ [ 760499.740575281903148, 3788260.614408214576542 ], [ 760515.102134856628254, 3788261.040855416562408 ], [ 760515.872040089918301, 3788233.307917204219848 ], [ 760492.829632784705609, 3788232.668258063029498 ], [ 760492.573021008865908, 3788241.912569969426841 ], [ 760484.892226565163583, 3788241.699362611863762 ], [ 760484.63562182080932, 3788250.943674366921186 ], [ 760499.997195744886994, 3788251.370095874648541 ], [ 760499.740575281903148, 3788260.614408214576542 ] ] ] } },
{ "type": "Feature", "properties": { "Code": 10, "type": "foret" }, "geometry": { "type": "Polygon", "coordinates": [ [ [ 760546.081922417622991, 3788252.649511615280062 ], [ 760546.595252688159235, 3788234.160884268116206 ], [ 760554.276056348579004, 3788234.374141785316169 ], [ 760553.762710911454633, 3788252.862769624684006 ], [ 760546.081922417622991, 3788252.649511615280062 ] ] ] } },
{ "type": "Feature", "properties": { "Code": 20, "type": "foret_claire" }, "geometry": { "type": "Polygon", "coordinates": [ [ [ 760615.209026212571189, 3788254.569060527719557 ], [ 760615.722492983099073, 3788236.080428755376488 ], [ 760623.403298481949605, 3788236.293742979411036 ], [ 760623.146557789295912, 3788245.538059064652771 ], [ 760630.827355908928439, 3788245.751379834953696 ], [ 760630.570607080939226, 3788254.995696261525154 ], [ 760615.209026212571189, 3788254.569060527719557 ] ] ] } },
{ "type": "Feature", "properties": { "Code": 20, "type": "foret_claire" }, "geometry": { "type": "Polygon", "coordinates": [ [ [ 760845.632825053529814, 3788260.971242856699973 ], [ 760846.146746827173047, 3788242.482596326153725 ], [ 760853.827558456454426, 3788242.696099574211985 ], [ 760853.31362151610665, 3788261.184746596496552 ], [ 760845.632825053529814, 3788260.971242856699973 ] ] ] } },
{ "type": "Feature", "properties": { "Code": 60, "type": "bare" }, "geometry": { "type": "Polygon", "coordinates": [ [ [ 760968.525592998368666, 3788264.388058794196695 ], [ 760968.78267549618613, 3788255.143731543794274 ], [ 760976.463482814258896, 3788255.357335850130767 ], [ 760976.720572342746891, 3788246.113008448854089 ], [ 760999.763018275843933, 3788246.753858435899019 ], [ 761000.020130001707003, 3788237.509530392009765 ], [ 761015.381776813417673, 3788237.936794728040695 ], [ 761014.867522474960424, 3788256.425451896619052 ], [ 760999.505905997008085, 3788255.998186576645821 ], [ 760999.248793165432289, 3788265.242514811921865 ], [ 760968.525592998368666, 3788264.388058794196695 ] ] ] } },
{ "type": "Feature", "properties": { "Code": 50, "type": "urbain" }, "geometry": { "type": "Polygon", "coordinates": [ [ [ 759663.048399630468339, 3788218.922580704558641 ], [ 759663.304192417766899, 3788209.678295298479497 ], [ 759670.984972631093115, 3788209.890828239731491 ], [ 759670.729172260733321, 3788219.135113892145455 ], [ 759663.048399630468339, 3788218.922580704558641 ] ] ] } },
{ "type": "Feature", "properties": { "Code": 60, "type": "bare" }, "geometry": { "type": "Polygon", "coordinates": [ [ [ 759808.983114422764629, 3788222.961788658518344 ], [ 759809.494987606885843, 3788204.473208629526198 ], [ 759847.898947969195433, 3788205.536533676553518 ], [ 759847.642973736510612, 3788214.780824867542833 ], [ 759839.962188840145245, 3788214.56814701249823 ], [ 759839.706221640226431, 3788223.812438054941595 ], [ 759808.983114422764629, 3788222.961788658518344 ] ] ] } },
{ "type": "Feature", "properties": { "Code": 30, "type": "prairie" }, "geometry": { "type": "Polygon", "coordinates": [ [ [ 760093.17198056075722, 3788230.834142114501446 ], [ 760093.428198006353341, 3788221.589842978399247 ], [ 760101.108989627799019, 3788221.802728754933923 ], [ 760100.852764598908834, 3788231.047028136905283 ], [ 760093.17198056075722, 3788230.834142114501446 ] ] ] } },
{ "type": "Feature", "properties": { "Code": 10, "type": "foret" }, "geometry": { "type": "Polygon", "coordinates": [ [ [ 760400.146979835350066, 3788248.59880657820031 ], [ 760415.508549268823117, 3788249.025089468341321 ], [ 760415.765085763065144, 3788239.780779925640672 ], [ 760408.084293361054733, 3788239.567635575309396 ], [ 760408.340821720659733, 3788230.323326372541487 ], [ 760392.979222362861037, 3788229.897057065274566 ], [ 760392.722709169844165, 3788239.141365775838494 ], [ 760400.403501163236797, 3788239.354497525375336 ], [ 760400.146979835350066, 3788248.59880657820031 ] ] ] } },
{ "type": "Feature", "properties": { "Code": 10, "type": "foret" }, "geometry": { "type": "Polygon", "coordinates": [ [ [ 760630.570607080939226, 3788254.995696261525154 ], [ 760645.932188765378669, 3788255.422357196453959 ], [ 760646.44571620284114, 3788236.933723457157612 ], [ 760623.403298481949605, 3788236.293742979411036 ], [ 760623.146557789295912, 3788245.538059064652771 ], [ 760630.827355908928439, 3788245.751379834953696 ], [ 760630.570607080939226, 3788254.995696261525154 ] ] ] } },
{ "type": "Feature", "properties": { "Code": 20, "type": "foret_claire" }, "geometry": { "type": "Polygon", "coordinates": [ [ [ 760684.592948465142399, 3788247.244801654946059 ], [ 760684.849749824730679, 3788238.000483603682369 ], [ 760692.530557162244804, 3788238.213854535482824 ], [ 760692.273748219478875, 3788247.458172832615674 ], [ 760684.592948465142399, 3788247.244801654946059 ] ] ] } },
{ "type": "Feature", "properties": { "Code": 50, "type": "urbain" }, "geometry": { "type": "Polygon", "coordinates": [ [ [ 761014.867522474960424, 3788256.425451896619052 ], [ 761015.124649920500815, 3788247.18112326413393 ], [ 761022.805466050165705, 3788247.394765130709857 ], [ 761022.54833102109842, 3788256.639094008598477 ], [ 761014.867522474960424, 3788256.425451896619052 ] ] ] } },
{ "type": "Feature", "properties": { "Code": 30, "type": "prairie" }, "geometry": { "type": "Polygon", "coordinates": [ [ [ 759778.515916998498142, 3788212.866950988769531 ], [ 759778.771822982700542, 3788203.622662003152072 ], [ 759786.452613833593205, 3788203.835289209615439 ], [ 759786.708526850794442, 3788194.591000073123723 ], [ 759802.070124329184182, 3788195.016272896435112 ], [ 759801.814196145744063, 3788204.260562521871179 ], [ 759794.133404887397774, 3788204.047922715544701 ], [ 759793.877483736956492, 3788213.292212190106511 ], [ 759778.515916998498142, 3788212.866950988769531 ] ] ] } },
{ "type": "Feature", "properties": { "Code": 50, "type": "urbain" }, "geometry": { "type": "Polygon", "coordinates": [ [ [ 760099.571631190599874, 3788277.268526472616941 ], [ 760114.933124045608565, 3788277.694319872651249 ], [ 760115.445609394810162, 3788259.20571927074343 ], [ 760123.126371294492856, 3788259.418624930549413 ], [ 760123.638869606424123, 3788240.930024219676852 ], [ 760131.319646876421757, 3788241.142935690004379 ], [ 760130.55087583209388, 3788268.875837636645883 ], [ 760145.912385484552942, 3788269.301680950913578 ], [ 760146.168658216949552, 3788260.057379715610296 ], [ 760161.530183851718903, 3788260.483247741591185 ], [ 760162.29904424236156, 3788232.75034313602373 ], [ 760169.979830115800723, 3788232.963285864330828 ], [ 760170.236123393871821, 3788223.718984273727983 ], [ 760162.55532993725501, 3788223.506041790824383 ], [ 760162.811615080805495, 3788214.261740542482585 ], [ 760124.407612942159176, 3788213.197123867925256 ], [ 760124.151365714613348, 3788222.441423888318241 ], [ 760116.47057348198723, 3788222.228519210126251 ], [ 760116.214333286741748, 3788231.472819082438946 ], [ 760108.533548840670846, 3788231.259920458775014 ], [ 760108.277315677609295, 3788240.504220181144774 ], [ 760115.958092540386133, 3788240.717119050212204 ], [ 760115.701851243036799, 3788249.961419112980366 ], [ 760092.659544016700238, 3788249.322740672621876 ], [ 760093.428198006353341, 3788221.589842978399247 ], [ 760108.789781452622265, 3788222.015620832331479 ], [ 760109.046013513812795, 3788212.77132130227983 ], [ 760101.365214105695486, 3788212.558429469820112 ], [ 760101.62143803271465, 3788203.314130279235542 ], [ 760093.94063124479726, 3788203.101244993042201 ], [ 760094.196847037528642, 3788193.856946143321693 ], [ 760078.835218907566741, 3788193.431194964330643 ], [ 760078.579018281074241, 3788202.675493323244154 ], [ 760070.898212104686536, 3788202.46262694010511 ], [ 760070.385824365541339, 3788220.951223452575505 ], [ 760078.066615375457332, 3788221.164090326987207 ], [ 760077.810413096332923, 3788230.408388972748071 ], [ 760085.491196726448834, 3788230.62126239342615 ], [ 760084.466351767769083, 3788267.598458909895271 ], [ 760099.827858974225819, 3788268.024226615205407 ], [ 760099.571631190599874, 3788277.268526472616941 ] ] ] } },
{ "type": "Feature", "properties": { "Code": 20, "type": "foret_claire" }, "geometry": { "type": "Polygon", "coordinates": [ [ [ 760623.403298481949605, 3788236.293742979411036 ], [ 760623.660038622445427, 3788227.049426992889494 ], [ 760631.340851908898912, 3788227.262747271452099 ], [ 760631.084104184992611, 3788236.507063505239785 ], [ 760623.403298481949605, 3788236.293742979411036 ] ] ] } },
{ "type": "Feature", "properties": { "Code": 50, "type": "urbain" }, "geometry": { "type": "Polygon", "coordinates": [ [ [ 760669.488135763211176, 3788237.573760643135756 ], [ 760670.00170649215579, 3788219.085125812329352 ], [ 760685.36335088708438, 3788219.511847788933665 ], [ 760685.87694974092301, 3788201.023212352301925 ], [ 760701.238625286496244, 3788201.449958548881114 ], [ 760701.495439051650465, 3788192.205640481319278 ], [ 760709.176284714601934, 3788192.419022784568369 ], [ 760708.662641465431079, 3788210.907659505493939 ], [ 760700.981810969067737, 3788210.694276710040867 ], [ 760700.468180677620694, 3788229.182913321536034 ], [ 760685.106550632044673, 3788228.756165649276227 ], [ 760684.849749824730679, 3788238.000483603682369 ], [ 760669.488135763211176, 3788237.573760643135756 ] ] ] } },
{ "type": "Feature", "properties": { "Code": 10, "type": "foret" }, "geometry": { "type": "Polygon", "coordinates": [ [ [ 760684.849749824730679, 3788238.000483603682369 ], [ 760685.106550632044673, 3788228.756165649276227 ], [ 760692.787365552969277, 3788228.969536335207522 ], [ 760692.530557162244804, 3788238.213854535482824 ], [ 760684.849749824730679, 3788238.000483603682369 ] ] ] } },
{ "type": "Feature", "properties": { "Code": 60, "type": "bare" }, "geometry": { "type": "Polygon", "coordinates": [ [ [ 760799.804966232506558, 3788250.446030896622688 ], [ 760815.166572076035663, 3788250.872968576382846 ], [ 760815.423502353020012, 3788241.628646343480796 ], [ 760846.146746827173047, 3788242.482596326153725 ], [ 760846.660666390438564, 3788223.993950179778039 ], [ 760854.341493186540902, 3788224.207452934700996 ], [ 760854.855425706715323, 3788205.718806674238294 ], [ 760847.174583743792027, 3788205.505304410587996 ], [ 760846.917625343427062, 3788214.749627246987075 ], [ 760839.236791167873889, 3788214.536131038330495 ], [ 760838.97983979829587, 3788223.780453724786639 ], [ 760823.618187228450552, 3788223.353479717392474 ], [ 760823.875123431207612, 3788214.109157523140311 ], [ 760808.513456511776894, 3788213.68220921093598 ], [ 760808.256535475491546, 3788222.926530912984163 ], [ 760800.575709905475378, 3788222.713065961375833 ], [ 760800.318795900209807, 3788231.957387512549758 ], [ 760792.637978118029423, 3788231.743928615935147 ], [ 760792.381071143783629, 3788240.988250013440847 ], [ 760800.061881342553534, 3788241.20170915639028 ], [ 760799.804966232506558, 3788250.446030896622688 ] ] ] } },
{ "type": "Feature", "properties": { "Code": 30, "type": "prairie" }, "geometry": { "type": "Polygon", "coordinates": [ [ [ 760846.146746827173047, 3788242.482596326153725 ], [ 760846.403706884942949, 3788233.238273205701262 ], [ 760854.084526097867638, 3788233.4517762074247 ], [ 760853.827558456454426, 3788242.696099574211985 ], [ 760846.146746827173047, 3788242.482596326153725 ] ] ] } },
{ "type": "Feature", "properties": { "Code": 20, "type": "foret_claire" }, "geometry": { "type": "Polygon", "coordinates": [ [ [ 760853.827558456454426, 3788242.696099574211985 ], [ 760854.084526097867638, 3788233.4517762074247 ], [ 760861.765345515566878, 3788233.665285509545356 ], [ 760861.508370290976018, 3788242.909609122667462 ], [ 760853.827558456454426, 3788242.696099574211985 ] ] ] } },
{ "type": "Feature", "properties": { "Code": 30, "type": "prairie" }, "geometry": { "type": "Polygon", "coordinates": [ [ [ 761015.124649920500815, 3788247.18112326413393 ], [ 761015.381776813417673, 3788237.936794728040695 ], [ 761023.062600526260212, 3788238.150436348281801 ], [ 761022.805466050165705, 3788247.394765130709857 ], [ 761015.124649920500815, 3788247.18112326413393 ] ] ] } },
{ "type": "Feature", "properties": { "Code": 50, "type": "urbain" }, "geometry": { "type": "Polygon", "coordinates": [ [ [ 761145.698551947483793, 3788250.813891895581037 ], [ 761145.955807758611627, 3788241.569559171795845 ], [ 761153.636634950060397, 3788241.783307905308902 ], [ 761153.379371555405669, 3788251.027640874497592 ], [ 761145.698551947483793, 3788250.813891895581037 ] ] ] } },
{ "type": "Feature", "properties": { "Code": 20, "type": "foret_claire" }, "geometry": { "type": "Polygon", "coordinates": [ [ [ 759763.154351074364968, 3788212.441714988555759 ], [ 759778.515916998498142, 3788212.866950988769531 ], [ 759778.771822982700542, 3788203.622662003152072 ], [ 759771.091032335418276, 3788203.410041098482907 ], [ 759771.346930186264217, 3788194.165752452332526 ], [ 759763.666132159996778, 3788193.953138092532754 ], [ 759763.922021877486259, 3788184.708849786780775 ], [ 759756.241216471418738, 3788184.496241972781718 ], [ 759755.729451652267016, 3788202.984818189404905 ], [ 759763.410241892328486, 3788203.197426493279636 ], [ 759763.154351074364968, 3788212.441714988555759 ] ] ] } },
{ "type": "Feature", "properties": { "Code": 50, "type": "urbain" }, "geometry": { "type": "Polygon", "coordinates": [ [ [ 759809.494987606885843, 3788204.473208629526198 ], [ 759809.75092337350361, 3788195.228918758686632 ], [ 759825.11252207425423, 3788195.654229385312647 ], [ 759825.368472456815653, 3788186.409939118195325 ], [ 759840.730087137548253, 3788186.835274457000196 ], [ 759840.986052135820501, 3788177.590983795467764 ], [ 759864.028498434810899, 3788178.229033322073519 ], [ 759863.772510687122121, 3788187.473324718419462 ], [ 759848.410894783213735, 3788187.047951576299965 ], [ 759848.154921651468612, 3788196.29224257869646 ], [ 759840.474121588631533, 3788196.079565214458853 ], [ 759840.218155489536002, 3788205.32385606598109 ], [ 759809.494987606885843, 3788204.473208629526198 ] ] ] } },
{ "type": "Feature", "properties": { "Code": 30, "type": "prairie" }, "geometry": { "type": "Polygon", "coordinates": [ [ [ 759840.218155489536002, 3788205.32385606598109 ], [ 759840.474121588631533, 3788196.079565214458853 ], [ 759848.154921651468612, 3788196.29224257869646 ], [ 759847.898947969195433, 3788205.536533676553518 ], [ 759840.218155489536002, 3788205.32385606598109 ] ] ] } },
{ "type": "Feature", "properties": { "Code": 30, "type": "prairie" }, "geometry": { "type": "Polygon", "coordinates": [ [ [ 760324.108479746617377, 3788218.73485066415742 ], [ 760324.364923587068915, 3788209.490544353611767 ], [ 760332.045736494008452, 3788209.70361866010353 ], [ 760331.789285070262849, 3788218.947925214655697 ], [ 760324.108479746617377, 3788218.73485066415742 ] ] ] } },
{ "type": "Feature", "properties": { "Code": 30, "type": "prairie" }, "geometry": { "type": "Polygon", "coordinates": [ [ [ 761145.955807758611627, 3788241.569559171795845 ], [ 761146.727571873227134, 3788213.836561568081379 ], [ 761162.089271961827762, 3788214.264063857961446 ], [ 761161.832002643262967, 3788223.508396790828556 ], [ 761169.512845410848968, 3788223.722157632932067 ], [ 761169.2555679557845, 3788232.966490906663239 ], [ 761153.893897791509517, 3788232.538975030183792 ], [ 761153.636634950060397, 3788241.783307905308902 ], [ 761145.955807758611627, 3788241.569559171795845 ] ] ] } },
{ "type": "Feature", "properties": { "Code": 20, "type": "foret_claire" }, "geometry": { "type": "Polygon", "coordinates": [ [ [ 761245.806577218929306, 3788244.348784174770117 ], [ 761246.578637087251991, 3788216.615776962134987 ], [ 761269.621195511892438, 3788217.257285580039024 ], [ 761268.84906739264261, 3788244.990295012015849 ], [ 761245.806577218929306, 3788244.348784174770117 ] ] ] } },
{ "type": "Feature", "properties": { "Code": 10, "type": "foret" }, "geometry": { "type": "Polygon", "coordinates": [ [ [ 760247.556805741740391, 3788207.360147833358496 ], [ 760247.813173198723234, 3788198.115844073705375 ], [ 760255.493991648661904, 3788198.328855127561837 ], [ 760255.750366137363017, 3788189.084551218431443 ], [ 760263.431192373856902, 3788189.297568327281624 ], [ 760263.174810301978141, 3788198.541872481349856 ], [ 760270.855629159836099, 3788198.754896136466414 ], [ 760270.59923895332031, 3788207.99920063233003 ], [ 760247.556805741740391, 3788207.360147833358496 ] ] ] } },
{ "type": "Feature", "properties": { "Code": 10, "type": "foret" }, "geometry": { "type": "Polygon", "coordinates": [ [ [ 760316.427674627513625, 3788218.521782412659377 ], [ 760324.108479746617377, 3788218.73485066415742 ], [ 760324.364923587068915, 3788209.490544353611767 ], [ 760332.045736494008452, 3788209.70361866010353 ], [ 760332.30218736641109, 3788200.459312197752297 ], [ 760324.62136687617749, 3788200.246238138992339 ], [ 760324.8778096139431, 3788191.001932019833475 ], [ 760309.516154079930857, 3788190.575803291518241 ], [ 760309.003298385883681, 3788209.064414644148201 ], [ 760316.684110884787515, 3788209.277476348914206 ], [ 760316.427674627513625, 3788218.521782412659377 ] ] ] } },
{ "type": "Feature", "properties": { "Code": 30, "type": "prairie" }, "geometry": { "type": "Polygon", "coordinates": [ [ [ 760416.534691936802119, 3788212.047851868439466 ], [ 760416.791226224973798, 3788202.803542704787105 ], [ 760424.472049163654447, 3788203.016692373901606 ], [ 760424.215507292421535, 3788212.261001782957464 ], [ 760416.534691936802119, 3788212.047851868439466 ] ] ] } },
{ "type": "Feature", "properties": { "Code": 50, "type": "urbain" }, "geometry": { "type": "Polygon", "coordinates": [ [ [ 760654.640062914579175, 3788218.65842903777957 ], [ 760654.896832284401171, 3788209.41411225637421 ], [ 760670.258491028565913, 3788209.84080853825435 ], [ 760670.00170649215579, 3788219.085125812329352 ], [ 760654.640062914579175, 3788218.65842903777957 ] ] ] } },
{ "type": "Feature", "properties": { "Code": 20, "type": "foret_claire" }, "geometry": { "type": "Polygon", "coordinates": [ [ [ 759095.692712630960159, 3788166.235540280584246 ], [ 759095.947942075668834, 3788156.991273364517838 ], [ 759111.309533279389143, 3788157.415411115624011 ], [ 759111.054288668907247, 3788166.65967852063477 ], [ 759095.692712630960159, 3788166.235540280584246 ] ] ] } },
{ "type": "Feature", "properties": { "Code": 10, "type": "foret" }, "geometry": { "type": "Polygon", "coordinates": [ [ [ 759556.540347365429625, 3788178.970650311559439 ], [ 759557.051715664449148, 3788160.48208721447736 ], [ 759572.413346428191289, 3788160.906980534084141 ], [ 759572.157647387473844, 3788170.151262525003403 ], [ 759579.838455491815694, 3788170.363718880340457 ], [ 759579.582748318091035, 3788179.608001210261136 ], [ 759556.540347365429625, 3788178.970650311559439 ] ] ] } },
{ "type": "Feature", "properties": { "Code": 20, "type": "foret_claire" }, "geometry": { "type": "Polygon", "coordinates": [ [ [ 759786.964439317584038, 3788185.34671103162691 ], [ 759787.220351234194823, 3788176.102422086521983 ], [ 759794.901165037532337, 3788176.315054857172072 ], [ 759794.645245537860319, 3788185.559344048146158 ], [ 759786.964439317584038, 3788185.34671103162691 ] ] ] } },
{ "type": "Feature", "properties": { "Code": 30, "type": "prairie" }, "geometry": { "type": "Polygon", "coordinates": [ [ [ 760171.004999921424314, 3788195.986080076079816 ], [ 760171.773871489102021, 3788168.253176735714078 ], [ 760179.454710648860782, 3788168.466124045662582 ], [ 760178.942114988458343, 3788186.954726668540388 ], [ 760194.303763586562127, 3788187.380641173105687 ], [ 760194.047449763398618, 3788196.624943118076771 ], [ 760171.004999921424314, 3788195.986080076079816 ] ] ] } },
{ "type": "Feature", "properties": { "Code": 30, "type": "prairie" }, "geometry": { "type": "Polygon", "coordinates": [ [ [ 760432.152872307109646, 3788203.229848343413323 ], [ 760432.665969561319798, 3788184.741229321341962 ], [ 760440.346808074158616, 3788184.954391099512577 ], [ 760439.833695653593168, 3788203.443010613322258 ], [ 760432.152872307109646, 3788203.229848343413323 ] ] ] } },
{ "type": "Feature", "properties": { "Code": 20, "type": "foret_claire" }, "geometry": { "type": "Polygon", "coordinates": [ [ [ 761169.2555679557845, 3788232.966490906663239 ], [ 761176.936403345316648, 3788233.180258296430111 ], [ 761177.193688383791596, 3788223.935924776364118 ], [ 761184.874531561508775, 3788224.149698221124709 ], [ 761185.389115145779215, 3788205.661030972842127 ], [ 761162.346540727186948, 3788205.019731021020561 ], [ 761161.832002643262967, 3788223.508396790828556 ], [ 761169.512845410848968, 3788223.722157632932067 ], [ 761169.2555679557845, 3788232.966490906663239 ] ] ] } },
{ "type": "Feature", "properties": { "Code": 20, "type": "foret_claire" }, "geometry": { "type": "Polygon", "coordinates": [ [ [ 759126.671125295339152, 3788157.83957406738773 ], [ 759126.926384522928856, 3788148.595306268893182 ], [ 759134.607188418274745, 3788148.807396951131523 ], [ 759134.351921607740223, 3788158.051664994563907 ], [ 759126.671125295339152, 3788157.83957406738773 ] ] ] } },
{ "type": "Feature", "properties": { "Code": 60, "type": "bare" }, "geometry": { "type": "Polygon", "coordinates": [ [ [ 759763.922021877486259, 3788184.708849786780775 ], [ 759771.602827486931346, 3788184.921463901177049 ], [ 759771.858724237419665, 3788175.677175445947796 ], [ 759779.539537634002045, 3788175.88979561580345 ], [ 759779.79544141725637, 3788166.645507010165602 ], [ 759756.752979089622386, 3788166.007666137535125 ], [ 759756.49709805555176, 3788175.251954007893801 ], [ 759764.177911044913344, 3788175.464561576023698 ], [ 759763.922021877486259, 3788184.708849786780775 ] ] ] } },
{ "type": "Feature", "properties": { "Code": 30, "type": "prairie" }, "geometry": { "type": "Polygon", "coordinates": [ [ [ 759787.220351234194823, 3788176.102422086521983 ], [ 759787.476262600626796, 3788166.858133235946298 ], [ 759802.837905577616766, 3788167.28340458823368 ], [ 759802.581979045062326, 3788176.527693928685039 ], [ 759787.220351234194823, 3788176.102422086521983 ] ] ] } },
{ "type": "Feature", "properties": { "Code": 20, "type": "foret_claire" }, "geometry": { "type": "Polygon", "coordinates": [ [ [ 759188.372821375960484, 3788150.292208141181618 ], [ 759188.628140718094073, 3788141.047938482370228 ], [ 759196.308953821426257, 3788141.260079322382808 ], [ 759196.564280197490007, 3788132.015809514559805 ], [ 759204.245101087726653, 3788132.22795641142875 ], [ 759203.989767128718086, 3788141.472226465586573 ], [ 759211.670580639271066, 3788141.684379908721894 ], [ 759211.415238548303023, 3788150.928650300484151 ], [ 759188.372821375960484, 3788150.292208141181618 ] ] ] } },
{ "type": "Feature", "properties": { "Code": 30, "type": "prairie" }, "geometry": { "type": "Polygon", "coordinates": [ [ [ 760347.920294445124455, 3788191.641172365285456 ], [ 760378.643610411556438, 3788192.493581035640091 ], [ 760378.900105680222623, 3788183.249273291323334 ], [ 760386.580942764878273, 3788183.462390964850783 ], [ 760386.837445065262727, 3788174.218083071522415 ], [ 760379.156600397429429, 3788174.004965643398464 ], [ 760379.413094563176855, 3788164.760658090934157 ], [ 760371.732242515659891, 3788164.547547209076583 ], [ 760371.475755933206528, 3788173.791854516603053 ], [ 760348.433223765459843, 3788173.1525589376688 ], [ 760348.68968759838026, 3788163.90825236774981 ], [ 760333.327985341427848, 3788163.482087310403585 ], [ 760333.071536674862728, 3788172.726393389515579 ], [ 760310.02900756825693, 3788172.087192320730537 ], [ 760309.772581099765375, 3788181.33149775955826 ], [ 760348.176759380963631, 3788182.396865603514016 ], [ 760347.920294445124455, 3788191.641172365285456 ] ] ] } },
{ "type": "Feature", "properties": { "Code": 60, "type": "bare" }, "geometry": { "type": "Polygon", "coordinates": [ [ [ 760862.793240889091976, 3788196.687992004211992 ], [ 760863.050213351030834, 3788187.443668866530061 ], [ 760870.731070889974944, 3788187.657183239702135 ], [ 760870.474090844625607, 3788196.901506623253226 ], [ 760862.793240889091976, 3788196.687992004211992 ] ] ] } },
{ "type": "Feature", "properties": { "Code": 20, "type": "foret_claire" }, "geometry": { "type": "Polygon", "coordinates": [ [ [ 759088.777588855242357, 3788138.290680881589651 ], [ 759089.032809070544317, 3788129.046414495445788 ], [ 759096.713627116754651, 3788129.25847318675369 ], [ 759096.458399318507873, 3788138.502739816904068 ], [ 759088.777588855242357, 3788138.290680881589651 ] ] ] } },
{ "type": "Feature", "properties": { "Code": 20, "type": "foret_claire" }, "geometry": { "type": "Polygon", "coordinates": [ [ [ 760156.412193782161921, 3788167.827301016077399 ], [ 760156.668468036223203, 3788158.583000583574176 ], [ 760164.349314370658249, 3788158.795935047790408 ], [ 760164.093032533302903, 3788168.040235724765807 ], [ 760156.412193782161921, 3788167.827301016077399 ] ] ] } },
{ "type": "Feature", "properties": { "Code": 60, "type": "bare" }, "geometry": { "type": "Polygon", "coordinates": [ [ [ 760248.582272261730395, 3788170.382933368906379 ], [ 760248.838637513574213, 3788161.138629990629852 ], [ 760271.881184472818859, 3788161.777679106220603 ], [ 760271.624796471674927, 3788171.021983220707625 ], [ 760248.582272261730395, 3788170.382933368906379 ] ] ] } },
{ "type": "Feature", "properties": { "Code": 60, "type": "bare" }, "geometry": { "type": "Polygon", "coordinates": [ [ [ 760302.348164940602146, 3788171.874137900769711 ], [ 760302.604583274573088, 3788162.629832803737372 ], [ 760310.285433485289104, 3788162.842886979226023 ], [ 760310.02900756825693, 3788172.087192320730537 ], [ 760302.348164940602146, 3788171.874137900769711 ] ] ] } },
{ "type": "Feature", "properties": { "Code": 20, "type": "foret_claire" }, "geometry": { "type": "Polygon", "coordinates": [ [ [ 760601.901178662665188, 3788180.187929132021964 ], [ 760602.157892741262913, 3788170.943614451680332 ], [ 760609.838750914437696, 3788171.156914354301989 ], [ 760609.582029252662323, 3788180.401229279581457 ], [ 760601.901178662665188, 3788180.187929132021964 ] ] ] } },
{ "type": "Feature", "properties": { "Code": 10, "type": "foret" }, "geometry": { "type": "Polygon", "coordinates": [ [ [ 759640.261852997587994, 3788209.040734275709838 ], [ 759641.540694937575608, 3788162.819312348496169 ], [ 759649.221512456308119, 3788163.031825164332986 ], [ 759649.733060548664071, 3788144.543256571516395 ], [ 759657.413893436547369, 3788144.755775196943432 ], [ 759657.669674240634777, 3788135.511490798555315 ], [ 759665.350514915771782, 3788135.724015481304377 ], [ 759665.094726528506726, 3788144.968300123699009 ], [ 759672.775559823261574, 3788145.180831350851804 ], [ 759672.519763303222135, 3788154.425116335041821 ], [ 759680.200589219224639, 3788154.637654106598347 ], [ 759678.921560452203266, 3788200.859081682283431 ], [ 759663.559984655003063, 3788200.434009987860918 ], [ 759663.304192417766899, 3788209.678295298479497 ], [ 759640.261852997587994, 3788209.040734275709838 ] ] ] } },
{ "type": "Feature", "properties": { "Code": 20, "type": "foret_claire" }, "geometry": { "type": "Polygon", "coordinates": [ [ [ 761022.805466050165705, 3788247.394765130709857 ], [ 761038.167098921956494, 3788247.822067764122039 ], [ 761038.424248564988375, 3788238.577738489955664 ], [ 761046.105072891688906, 3788238.791399010457098 ], [ 761046.362229565274902, 3788229.547069584485143 ], [ 761069.404726522392593, 3788230.188088216818869 ], [ 761069.661905393237248, 3788220.943758144974709 ], [ 761077.342745705274865, 3788221.157443377189338 ], [ 761078.371485991869122, 3788184.180123059079051 ], [ 761086.052356842206791, 3788184.393813606817275 ], [ 761086.566738834255375, 3788165.905153525527567 ], [ 761071.204967005178332, 3788165.477779715321958 ], [ 761070.947791452286765, 3788174.722109215799719 ], [ 761047.905157994828187, 3788174.081095017492771 ], [ 761047.390850730007514, 3788192.569752825424075 ], [ 761039.709988486371003, 3788192.356093535199761 ], [ 761039.45284160785377, 3788201.600422335788608 ], [ 761031.771987152285874, 3788201.38676909962669 ], [ 761031.514847304322757, 3788210.631097749341279 ], [ 761016.153154174564406, 3788210.203809687402099 ], [ 761015.381776813417673, 3788237.936794728040695 ], [ 761023.062600526260212, 3788238.150436348281801 ], [ 761022.805466050165705, 3788247.394765130709857 ] ] ] } },
{ "type": "Feature", "properties": { "Code": 20, "type": "foret_claire" }, "geometry": { "type": "Polygon", "coordinates": [ [ [ 758850.162593269255012, 3788150.208496785722673 ], [ 758851.692502502235584, 3788094.74294420145452 ], [ 758859.373337003635243, 3788094.95480684703216 ], [ 758859.118345919414423, 3788104.199065617285669 ], [ 758874.480000364826992, 3788104.622810299042612 ], [ 758874.224993566633202, 3788113.867069653235376 ], [ 758912.629095317795873, 3788114.926542835775763 ], [ 758912.374050057027489, 3788124.170803505927324 ], [ 758920.054863433120772, 3788124.382717288099229 ], [ 758919.79981004097499, 3788133.626978297717869 ], [ 758866.034173749387264, 3788132.143712421879172 ], [ 758865.779172888956964, 3788141.38797181751579 ], [ 758858.098376099369489, 3788141.176101649645716 ], [ 758857.84338227356784, 3788150.420360897202045 ], [ 758850.162593269255012, 3788150.208496785722673 ] ] ] } },
{ "type": "Feature", "properties": { "Code": 20, "type": "foret_claire" }, "geometry": { "type": "Polygon", "coordinates": [ [ [ 759382.707857571891509, 3788349.939742497634143 ], [ 759398.069160893326625, 3788350.364368872251362 ], [ 759398.580246750847436, 3788331.875811940059066 ], [ 759406.260913883452304, 3788332.088134089484811 ], [ 759406.516463571344502, 3788322.843855521641672 ], [ 759429.558488937094808, 3788323.480859038420022 ], [ 759429.814060825388879, 3788314.236579833552241 ], [ 759452.856110772234388, 3788314.873639321886003 ], [ 759453.111704860813916, 3788305.629359476733953 ], [ 759483.834471303387545, 3788306.478859357535839 ], [ 759484.090095175430179, 3788297.234578629955649 ], [ 759491.770794877316803, 3788297.446969106327742 ], [ 759492.026425783056766, 3788288.202688227873296 ], [ 759499.707133272080682, 3788288.415084759704769 ], [ 759499.962771211285144, 3788279.170803732704371 ], [ 759515.32420196570456, 3788279.595615210942924 ], [ 759515.579854521551169, 3788270.351333788596094 ], [ 759523.260577787412331, 3788270.563748734071851 ], [ 759523.771896416554227, 3788252.075185688212514 ], [ 759531.4526350509841, 3788252.287606444209814 ], [ 759531.708301124162972, 3788243.043324818369001 ], [ 759547.069794172071852, 3788243.468184742610902 ], [ 759547.325474861660041, 3788234.223902723751962 ], [ 759555.006229273509234, 3788234.436341891530901 ], [ 759554.750541000510566, 3788243.680624155327678 ], [ 759562.431288032908924, 3788243.893069868441671 ], [ 759562.175591627135873, 3788253.137352474033833 ], [ 759569.856331279268488, 3788253.34980473248288 ], [ 759569.600626740488224, 3788262.594087676610798 ], [ 759584.962091490044259, 3788263.019011585973203 ], [ 759585.217811195296235, 3788253.774728151969612 ], [ 759592.898551457910798, 3788253.987199313007295 ], [ 759593.154278196510859, 3788244.742915728595108 ], [ 759585.473530350718647, 3788244.530444812495261 ], [ 759586.240684517892078, 3788216.797595367301255 ], [ 759609.282996914698742, 3788217.435024812351912 ], [ 759610.561689942609519, 3788171.213607307523489 ], [ 759618.242499064304866, 3788171.426095166243613 ], [ 759616.963768120971508, 3788217.64751389529556 ], [ 759640.006082959589548, 3788218.285018947441131 ], [ 759639.750312371645123, 3788227.529303716029972 ], [ 759647.431076808832586, 3788227.741818245965987 ], [ 759647.686854979838245, 3788218.497533232904971 ], [ 759663.048399630468339, 3788218.922580704558641 ], [ 759663.304192417766899, 3788209.678295298479497 ], [ 759670.984972631093115, 3788209.890828239731491 ], [ 759670.729172260733321, 3788219.135113892145455 ], [ 759678.409945095190778, 3788219.347653378732502 ], [ 759678.665753048611805, 3788210.103367482777685 ], [ 759686.346533669857308, 3788210.315913026221097 ], [ 759686.858163093100302, 3788191.827341030817479 ], [ 759694.538959083380178, 3788192.039892383851111 ], [ 759695.05060147261247, 3788173.551320278085768 ], [ 759702.731412833207287, 3788173.763877443503588 ], [ 759703.243068188196048, 3788155.275305228307843 ], [ 759695.562241661478765, 3788155.062748554628342 ], [ 759695.818060930818319, 3788145.818462835624814 ], [ 759688.137227025115862, 3788145.605912706814706 ], [ 759688.393038161331788, 3788136.361627328209579 ], [ 759703.754721342818812, 3788136.786733396351337 ], [ 759704.010547094978392, 3788127.542447623796761 ], [ 759711.69139657379128, 3788127.755009863525629 ], [ 759711.947229358833283, 3788118.510723939631134 ], [ 759750.351517722709104, 3788119.573628420010209 ], [ 759750.607387872412801, 3788110.329341369215399 ], [ 759742.926522209774703, 3788110.116748116910458 ], [ 759743.18238422635477, 3788100.872461404185742 ], [ 759681.735405588056892, 3788099.171944164671004 ], [ 759682.502806346863508, 3788071.439090481959283 ], [ 759674.821912184124812, 3788071.226554914843291 ], [ 759674.566120064118877, 3788080.470839134883136 ], [ 759666.885233688633889, 3788080.258309622760862 ], [ 759666.629448601510376, 3788089.502593694720417 ], [ 759651.26769162598066, 3788089.077553081326187 ], [ 759651.011921154800802, 3788098.321836756542325 ], [ 759643.331050555105321, 3788098.109325656667352 ], [ 759642.563758590258658, 3788125.84217652445659 ], [ 759634.882910942891613, 3788125.629670989234 ], [ 759634.627153437468223, 3788134.873954557348043 ], [ 759611.584634466678835, 3788134.236475020647049 ], [ 759611.840369223034941, 3788124.992192186880857 ], [ 759604.159522390342318, 3788124.779711854178458 ], [ 759604.415249013807625, 3788115.535429359879345 ], [ 759596.734394800965674, 3788115.322955572512001 ], [ 759596.990113291656598, 3788106.078673419542611 ], [ 759566.26666814496275, 3788105.228842252865434 ], [ 759566.010979986167513, 3788114.473123426083475 ], [ 759550.649273799499497, 3788114.048245157115161 ], [ 759550.39360025676433, 3788123.292525936383754 ], [ 759542.712755051325075, 3788123.080096007324755 ], [ 759542.457088541821577, 3788132.324376636650413 ], [ 759527.095413908245973, 3788131.899535190314054 ], [ 759526.584109571878798, 3788150.388095755130053 ], [ 759518.903287725755945, 3788150.175683992914855 ], [ 759517.880702788359486, 3788187.152805290184915 ], [ 759533.242286018677987, 3788187.577637074515224 ], [ 759532.986623243894428, 3788196.821918125264347 ], [ 759525.305839110631496, 3788196.60949883935973 ], [ 759524.538870237302035, 3788224.342341834213585 ], [ 759516.858109055669047, 3788224.129928113427013 ], [ 759516.34680889104493, 3788242.618490097112954 ], [ 759500.985317471204326, 3788242.193680577911437 ], [ 759500.729681730736047, 3788251.437961224466562 ], [ 759493.048943908768706, 3788251.225565670523793 ], [ 759492.537685945164412, 3788269.714126757811755 ], [ 759484.856963493512012, 3788269.501737014856189 ], [ 759484.601341270375997, 3788278.74601745698601 ], [ 759469.239912142627873, 3788278.321256385650486 ], [ 759468.984304536366835, 3788287.565536433365196 ], [ 759415.219362079631537, 3788286.07906943326816 ], [ 759415.474916603416204, 3788276.834791099186987 ], [ 759400.113491136347875, 3788276.410143435467035 ], [ 759400.369029944296926, 3788267.165865685790777 ], [ 759392.688309932360426, 3788266.953551550395787 ], [ 759392.177246933453716, 3788285.442106655798852 ], [ 759376.815837852889672, 3788285.01749630831182 ], [ 759377.071354460553266, 3788275.773219197057188 ], [ 759369.390642642276362, 3788275.560923718381673 ], [ 759368.879624043940566, 3788294.049477547872812 ], [ 759361.198927594698034, 3788293.837187881115824 ], [ 759361.965431918622926, 3788266.10435801371932 ], [ 759354.2847129231086, 3788265.892075380776078 ], [ 759354.540205682395026, 3788256.647799194790423 ], [ 759331.498027166700922, 3788256.010989834554493 ], [ 759331.242557156947441, 3788265.255265286657959 ], [ 759308.200403221300803, 3788264.618511897046119 ], [ 759307.944955411599949, 3788273.862786711193621 ], [ 759315.625665603671223, 3788274.075031786225736 ], [ 759315.370209661545232, 3788283.319306939840317 ], [ 759330.731615489232354, 3788283.743816478643566 ], [ 759330.476143831387162, 3788292.988092218060046 ], [ 759338.156839467468672, 3788293.200356683228165 ], [ 759337.645879337564111, 3788311.688908935524523 ], [ 759345.32656001043506, 3788311.901180190965533 ], [ 759345.071071538259275, 3788321.145456705242395 ], [ 759352.751744830515236, 3788321.357734504621476 ], [ 759352.496248225565068, 3788330.6020113597624 ], [ 759367.857580254552886, 3788331.026586349587888 ], [ 759367.602067933767103, 3788340.270863790996373 ], [ 759382.963385608745739, 3788340.695464473683387 ], [ 759382.707857571891509, 3788349.939742497634143 ] ], [ [ 759391.410648314515129, 3788313.174940031953156 ], [ 759391.666181736974977, 3788303.930662144441158 ], [ 759399.346871416084468, 3788304.142977259121835 ], [ 759399.091330410446972, 3788313.387255391571671 ], [ 759391.410648314515129, 3788313.174940031953156 ] ], [ [ 759555.261916996445507, 3788225.19205972366035 ], [ 759555.517604169785045, 3788215.947777648922056 ], [ 759563.198373951949179, 3788216.160222627688199 ], [ 759562.942679195315577, 3788225.404504946898669 ], [ 759555.261916996445507, 3788225.19205972366035 ] ], [ [ 759640.261852997587994, 3788209.040734275709838 ], [ 759641.540694937575608, 3788162.819312348496169 ], [ 759649.221512456308119, 3788163.031825164332986 ], [ 759649.733060548664071, 3788144.543256571516395 ], [ 759657.413893436547369, 3788144.755775196943432 ], [ 759657.669674240634777, 3788135.511490798555315 ], [ 759665.350514915771782, 3788135.724015481304377 ], [ 759665.094726528506726, 3788144.968300123699009 ], [ 759672.775559823261574, 3788145.180831350851804 ], [ 759672.519763303222135, 3788154.425116335041821 ], [ 759680.200589219224639, 3788154.637654106598347 ], [ 759678.921560452203266, 3788200.859081682283431 ], [ 759663.559984655003063, 3788200.434009987860918 ], [ 759663.304192417766899, 3788209.678295298479497 ], [ 759640.261852997587994, 3788209.040734275709838 ] ], [ [ 759556.540347365429625, 3788178.970650311559439 ], [ 759557.051715664449148, 3788160.48208721447736 ], [ 759572.413346428191289, 3788160.906980534084141 ], [ 759572.157647387473844, 3788170.151262525003403 ], [ 759579.838455491815694, 3788170.363718880340457 ], [ 759579.582748318091035, 3788179.608001210261136 ], [ 759556.540347365429625, 3788178.970650311559439 ] ] ] } },
{ "type": "Feature", "properties": { "Code": 60, "type": "bare" }, "geometry": { "type": "Polygon", "coordinates": [ [ [ 759180.436703749815933, 3788159.324342866428196 ], [ 759195.798299422487617, 3788159.748619226738811 ], [ 759196.053626896464266, 3788150.504349227063358 ], [ 759188.372821375960484, 3788150.292208141181618 ], [ 759188.883459510980174, 3788131.803668918088078 ], [ 759181.202639027265832, 3788131.591534621547908 ], [ 759181.457949688541703, 3788122.34726539766416 ], [ 759173.777121825376526, 3788122.13513764552772 ], [ 759173.011210943805054, 3788149.86794487060979 ], [ 759180.692016057902947, 3788150.080073354765773 ], [ 759180.436703749815933, 3788159.324342866428196 ] ] ] } },
{ "type": "Feature", "properties": { "Code": 50, "type": "urbain" }, "geometry": { "type": "Polygon", "coordinates": [ [ [ 760110.070936248754151, 3788175.794124128296971 ], [ 760110.327165555092506, 3788166.549825072754174 ], [ 760118.008003083523363, 3788166.762721979059279 ], [ 760118.5204752094578, 3788148.274123664479703 ], [ 760133.882181209162809, 3788148.699935395736247 ], [ 760133.62593025539536, 3788157.94423499610275 ], [ 760141.306775978649966, 3788158.157150558661669 ], [ 760140.794257251895033, 3788176.645750535652041 ], [ 760110.070936248754151, 3788175.794124128296971 ] ] ] } },
{ "type": "Feature", "properties": { "Code": 20, "type": "foret_claire" }, "geometry": { "type": "Polygon", "coordinates": [ [ [ 760555.559410282876343, 3788188.15257385885343 ], [ 760555.816079413983971, 3788178.908260558266193 ], [ 760571.177778346580453, 3788179.334791546687484 ], [ 760571.691145286080427, 3788160.846164249349385 ], [ 760579.372010224848054, 3788161.059438702184707 ], [ 760579.628700449946336, 3788151.815124950371683 ], [ 760587.309573176666163, 3788152.028405459132046 ], [ 760586.539478096179664, 3788179.761347737628967 ], [ 760578.858628118992783, 3788179.548066491726786 ], [ 760578.601936238119379, 3788188.792380528990179 ], [ 760555.559410282876343, 3788188.15257385885343 ] ] ] } },
{ "type": "Feature", "properties": { "Code": 10, "type": "foret" }, "geometry": { "type": "Polygon", "coordinates": [ [ [ 760578.601936238119379, 3788188.792380528990179 ], [ 760578.858628118992783, 3788179.548066491726786 ], [ 760586.539478096179664, 3788179.761347737628967 ], [ 760587.052875368390232, 3788161.272719456814229 ], [ 760594.733740716357715, 3788161.486006512306631 ], [ 760594.477034772979096, 3788170.730320849921554 ], [ 760602.157892741262913, 3788170.943614451680332 ], [ 760601.644464031909592, 3788189.432243907358497 ], [ 760578.601936238119379, 3788188.792380528990179 ] ] ] } },
{ "type": "Feature", "properties": { "Code": 30, "type": "prairie" }, "geometry": { "type": "Polygon", "coordinates": [ [ [ 759150.224078246275894, 3788139.987328779418021 ], [ 759150.734639454400167, 3788121.498792193364352 ], [ 759166.096294165006839, 3788121.92301619425416 ], [ 759165.840998669737019, 3788131.167284929193556 ], [ 759173.521818747278303, 3788131.379406625404954 ], [ 759173.266515119932592, 3788140.623675699345767 ], [ 759150.224078246275894, 3788139.987328779418021 ] ] ] } },
{ "type": "Feature", "properties": { "Code": 20, "type": "foret_claire" }, "geometry": { "type": "Polygon", "coordinates": [ [ [ 759772.370516087510623, 3788157.188598820473999 ], [ 759773.905878432095051, 3788101.72287123510614 ], [ 759781.586752492934465, 3788101.935489444993436 ], [ 759781.07495207968168, 3788120.42406541435048 ], [ 759788.755811178241856, 3788120.636690414976329 ], [ 759787.98808368248865, 3788148.369555821176618 ], [ 759780.307247332995757, 3788148.156930086202919 ], [ 759780.051344650331885, 3788157.401218500453979 ], [ 759772.370516087510623, 3788157.188598820473999 ] ] ] } },
{ "type": "Feature", "properties": { "Code": 30, "type": "prairie" }, "geometry": { "type": "Polygon", "coordinates": [ [ [ 760240.901431266916916, 3788170.169929351191968 ], [ 760241.414146053022705, 3788151.681323182303458 ], [ 760264.456715149106458, 3788152.320352660026401 ], [ 760264.969473229022697, 3788133.831745397765189 ], [ 760272.650345169007778, 3788134.044767333194613 ], [ 760272.9067309651291, 3788124.800463599618524 ], [ 760295.949370758025907, 3788125.439566475339234 ], [ 760295.18014346784912, 3788153.172480172477663 ], [ 760287.499286081874743, 3788152.959438843186945 ], [ 760287.755688146804459, 3788143.715134428814054 ], [ 760280.0748233825434, 3788143.502099645789713 ], [ 760279.818428900791332, 3788152.746403814759105 ], [ 760272.137571922969073, 3788152.533375087659806 ], [ 760271.881184472818859, 3788161.777679106220603 ], [ 760248.838637513574213, 3788161.138629990629852 ], [ 760248.582272261730395, 3788170.382933368906379 ], [ 760240.901431266916916, 3788170.169929351191968 ] ] ] } },
{ "type": "Feature", "properties": { "Code": 30, "type": "prairie" }, "geometry": { "type": "Polygon", "coordinates": [ [ [ 759188.628140718094073, 3788141.047938482370228 ], [ 759196.308953821426257, 3788141.260079322382808 ], [ 759196.564280197490007, 3788132.015809514559805 ], [ 759204.245101087726653, 3788132.22795641142875 ], [ 759204.500434497487731, 3788122.983686455059797 ], [ 759196.819606024422683, 3788122.771539801731706 ], [ 759197.074931302340701, 3788113.527270184829831 ], [ 759189.394095450174063, 3788113.315130075905472 ], [ 759189.138777755084448, 3788122.559399450197816 ], [ 759181.457949688541703, 3788122.34726539766416 ], [ 759181.202639027265832, 3788131.591534621547908 ], [ 759188.883459510980174, 3788131.803668918088078 ], [ 759188.628140718094073, 3788141.047938482370228 ] ] ] } },
{ "type": "Feature", "properties": { "Code": 60, "type": "bare" }, "geometry": { "type": "Polygon", "coordinates": [ [ [ 759703.498895040596835, 3788146.031019264366478 ], [ 759703.754721342818812, 3788136.786733396351337 ], [ 759711.435563238570467, 3788136.999295881018043 ], [ 759711.179729353287257, 3788146.24358199397102 ], [ 759703.498895040596835, 3788146.031019264366478 ] ] ] } },
{ "type": "Feature", "properties": { "Code": 60, "type": "bare" }, "geometry": { "type": "Polygon", "coordinates": [ [ [ 759818.711431115516461, 3788149.220121768303216 ], [ 759818.967371163191274, 3788139.975832223426551 ], [ 759834.329061267198995, 3788140.401152510661632 ], [ 759834.073106053518131, 3788149.645442544016987 ], [ 759818.711431115516461, 3788149.220121768303216 ] ] ] } },
{ "type": "Feature", "properties": { "Code": 30, "type": "prairie" }, "geometry": { "type": "Polygon", "coordinates": [ [ [ 760440.859918288188055, 3788166.465771968010813 ], [ 760441.373026295565069, 3788147.977153216954321 ], [ 760449.053895346587524, 3788148.190320313442498 ], [ 760448.797334035509266, 3788157.43462988641113 ], [ 760471.839919663150795, 3788158.074169716797769 ], [ 760471.583335051080212, 3788167.318480122368783 ], [ 760440.859918288188055, 3788166.465771968010813 ] ] ] } },
{ "type": "Feature", "properties": { "Code": 30, "type": "prairie" }, "geometry": { "type": "Polygon", "coordinates": [ [ [ 759719.633266252349131, 3788396.264500704128295 ], [ 759727.3138964275131, 3788396.477088950574398 ], [ 759727.569767916109413, 3788387.232799525838345 ], [ 759750.611682416405529, 3788387.870601335540414 ], [ 759750.355788177577779, 3788397.114891495089978 ], [ 759758.036419168231077, 3788397.327504944521934 ], [ 759759.315922777866945, 3788351.106053879018873 ], [ 759751.635253870044835, 3788350.893441654741764 ], [ 759752.658816520590335, 3788313.916283500380814 ], [ 759744.978117482736707, 3788313.703678556252271 ], [ 759745.233999186544679, 3788304.459389500785619 ], [ 759737.553292769589461, 3788304.246791102923453 ], [ 759737.809166340040974, 3788295.002502387389541 ], [ 759730.128452542703599, 3788294.789910534862429 ], [ 759730.640182866482064, 3788276.30133388005197 ], [ 759722.959454107563943, 3788276.088748820126057 ], [ 759723.471167063922621, 3788257.600173038430512 ], [ 759715.790423340862617, 3788257.387594765983522 ], [ 759716.046271410770714, 3788248.143307262565941 ], [ 759708.365520308027044, 3788247.930735537782311 ], [ 759708.621360244578682, 3788238.686448374763131 ], [ 759731.663636911660433, 3788239.324181717354804 ], [ 759731.919499047566205, 3788230.07989391637966 ], [ 759754.961800297140144, 3788230.717683229595423 ], [ 759755.217684632283635, 3788221.473394786939025 ], [ 759778.2600104638841, 3788222.111240069847554 ], [ 759778.515916998498142, 3788212.866950988769531 ], [ 759763.154351074364968, 3788212.441714988555759 ], [ 759763.410241892328486, 3788203.197426493279636 ], [ 759755.729451652267016, 3788202.984818189404905 ], [ 759755.985334336874075, 3788193.740530034527183 ], [ 759748.304536717361771, 3788193.527928275521845 ], [ 759748.560411268728785, 3788184.283640459179878 ], [ 759725.517996884183958, 3788183.64587372308597 ], [ 759726.541398590663448, 3788146.66872635576874 ], [ 759734.222233513719402, 3788146.881307986564934 ], [ 759734.47809014795348, 3788137.637021138798445 ], [ 759742.158932858728804, 3788137.84960882505402 ], [ 759742.670659642899409, 3788119.361034924164414 ], [ 759711.947229358833283, 3788118.510723939631134 ], [ 759711.69139657379128, 3788127.755009863525629 ], [ 759704.010547094978392, 3788127.542447623796761 ], [ 759703.754721342818812, 3788136.786733396351337 ], [ 759688.393038161331788, 3788136.361627328209579 ], [ 759688.137227025115862, 3788145.605912706814706 ], [ 759695.818060930818319, 3788145.818462835624814 ], [ 759695.562241661478765, 3788155.062748554628342 ], [ 759703.243068188196048, 3788155.275305228307843 ], [ 759702.731412833207287, 3788173.763877443503588 ], [ 759695.05060147261247, 3788173.551320278085768 ], [ 759694.538959083380178, 3788192.039892383851111 ], [ 759686.858163093100302, 3788191.827341030817479 ], [ 759686.346533669857308, 3788210.315913026221097 ], [ 759678.665753048611805, 3788210.103367482777685 ], [ 759678.409945095190778, 3788219.347653378732502 ], [ 759647.686854979838245, 3788218.497533232904971 ], [ 759647.175298087880947, 3788236.986103352624923 ], [ 759685.579085409408435, 3788238.048771736677736 ], [ 759685.323268222622573, 3788247.293058165349066 ], [ 759693.004018713952973, 3788247.505610988941044 ], [ 759692.748193393927068, 3788256.749897756613791 ], [ 759685.067450485657901, 3788256.53734468948096 ], [ 759684.811632198630832, 3788265.781631305813789 ], [ 759669.450162158114836, 3788265.356543579604477 ], [ 759669.194358487497084, 3788274.600829804316163 ], [ 759684.555813361541368, 3788275.02591802040115 ], [ 759684.299993974389508, 3788284.270204829983413 ], [ 759691.980714132892899, 3788284.482758633326739 ], [ 759691.469058541813865, 3788302.97133302828297 ], [ 759699.149763737921603, 3788303.183893622364849 ], [ 759698.893927533878013, 3788312.428181207273155 ], [ 759706.574625349720009, 3788312.64074834715575 ], [ 759706.06293612497393, 3788331.129324292298406 ], [ 759698.382253475952893, 3788330.916756663937122 ], [ 759697.87057721754536, 3788349.405332502443343 ], [ 759720.912580276257358, 3788350.043055764399469 ], [ 759720.656718571670353, 3788359.287344560958445 ], [ 759728.33737908070907, 3788359.499931826721877 ], [ 759727.825638854410499, 3788377.988510198425502 ], [ 759704.783703436376527, 3788377.350765829440206 ], [ 759704.527855248306878, 3788386.595054422970861 ], [ 759719.889130157302134, 3788387.02021152433008 ], [ 759719.633266252349131, 3788396.264500704128295 ] ], [ [ 759693.004018713952973, 3788247.505610988941044 ], [ 759693.259843484149314, 3788238.261324315331876 ], [ 759700.940601762849838, 3788238.473883194848895 ], [ 759700.684769409592263, 3788247.718170112464577 ], [ 759693.004018713952973, 3788247.505610988941044 ] ], [ [ 759703.498895040596835, 3788146.031019264366478 ], [ 759703.754721342818812, 3788136.786733396351337 ], [ 759711.435563238570467, 3788136.999295881018043 ], [ 759711.179729353287257, 3788146.24358199397102 ], [ 759703.498895040596835, 3788146.031019264366478 ] ] ] } },
{ "type": "Feature", "properties": { "Code": 30, "type": "prairie" }, "geometry": { "type": "Polygon", "coordinates": [ [ [ 759842.009906625375152, 3788140.613822103478014 ], [ 759842.265868871822022, 3788131.369531919248402 ], [ 759849.946722015854903, 3788131.582207568455487 ], [ 759849.69075218657963, 3788140.82649799855426 ], [ 759842.009906625375152, 3788140.613822103478014 ] ] ] } },
{ "type": "Feature", "properties": { "Code": 60, "type": "bare" }, "geometry": { "type": "Polygon", "coordinates": [ [ [ 759849.69075218657963, 3788140.82649799855426 ], [ 759849.946722015854903, 3788131.582207568455487 ], [ 759857.627575364429504, 3788131.794889518525451 ], [ 759857.371597951976582, 3788141.039180194027722 ], [ 759849.69075218657963, 3788140.82649799855426 ] ] ] } },
{ "type": "Feature", "properties": { "Code": 60, "type": "bare" }, "geometry": { "type": "Polygon", "coordinates": [ [ [ 760402.712168292608112, 3788156.155720345210284 ], [ 760402.968684104736894, 3788146.911412245593965 ], [ 760410.649552135029808, 3788147.124547839164734 ], [ 760410.393028739839792, 3788156.368856184650213 ], [ 760402.712168292608112, 3788156.155720345210284 ] ] ] } },
{ "type": "Feature", "properties": { "Code": 30, "type": "prairie" }, "geometry": { "type": "Polygon", "coordinates": [ [ [ 760487.201644435874186, 3788158.500561106950045 ], [ 760487.458243662724271, 3788149.256250304635614 ], [ 760495.139113938785158, 3788149.469455203972757 ], [ 760494.882507128641009, 3788158.713766252156347 ], [ 760487.201644435874186, 3788158.500561106950045 ] ] ] } },
{ "type": "Feature", "properties": { "Code": 20, "type": "foret_claire" }, "geometry": { "type": "Polygon", "coordinates": [ [ [ 760617.776337984367274, 3788162.125905480235815 ], [ 760618.54652075143531, 3788134.392960821278393 ], [ 760633.908298784866929, 3788134.819590162020177 ], [ 760633.65155658160802, 3788144.063905444927514 ], [ 760656.694202413316816, 3788144.703897448722273 ], [ 760656.437436908483505, 3788153.948213564231992 ], [ 760641.075687981909141, 3788153.521545435767621 ], [ 760640.81893709115684, 3788162.765861155465245 ], [ 760617.776337984367274, 3788162.125905480235815 ] ] ] } },
{ "type": "Feature", "properties": { "Code": 20, "type": "foret_claire" }, "geometry": { "type": "Polygon", "coordinates": [ [ [ 761269.878570444765501, 3788208.012949293013662 ], [ 761277.559431246481836, 3788208.226797854993492 ], [ 761277.816813209326938, 3788198.98246141616255 ], [ 761293.178550593205728, 3788199.41017694817856 ], [ 761293.693343192222528, 3788180.9215033701621 ], [ 761301.374227358493954, 3788181.13537009479478 ], [ 761301.889032910345122, 3788162.646696403622627 ], [ 761294.208133577485569, 3788162.432830171193928 ], [ 761294.465527939843014, 3788153.188493715599179 ], [ 761263.74190232437104, 3788152.333092784043401 ], [ 761263.227173712686636, 3788170.821763820480555 ], [ 761247.865392467007041, 3788170.394100174307823 ], [ 761247.608042497886345, 3788179.638435341883451 ], [ 761255.288925434579141, 3788179.852264262270182 ], [ 761255.031567328609526, 3788189.096599770244211 ], [ 761262.712442887364887, 3788189.31043523689732 ], [ 761262.455076644779183, 3788198.554771087132394 ], [ 761270.135944824316539, 3788198.768613101448864 ], [ 761269.878570444765501, 3788208.012949293013662 ] ] ] } },
{ "type": "Feature", "properties": { "Code": 30, "type": "prairie" }, "geometry": { "type": "Polygon", "coordinates": [ [ [ 759865.308428916730918, 3788132.00757776806131 ], [ 759866.076380600570701, 3788104.274705579504371 ], [ 759881.43813381367363, 3788104.70009951107204 ], [ 759880.926136242691427, 3788123.188681855797768 ], [ 759888.606997988652438, 3788123.401388762518764 ], [ 759888.350990794482641, 3788132.645680323708802 ], [ 759865.308428916730918, 3788132.00757776806131 ] ] ] } },
{ "type": "Feature", "properties": { "Code": 60, "type": "bare" }, "geometry": { "type": "Polygon", "coordinates": [ [ [ 759919.074409484630451, 3788133.496571937575936 ], [ 759919.33044701081235, 3788124.252279394771904 ], [ 759927.011309774708934, 3788124.465017805807292 ], [ 759926.755264665465802, 3788133.709310592152178 ], [ 759919.074409484630451, 3788133.496571937575936 ] ] ] } },
{ "type": "Feature", "properties": { "Code": 60, "type": "bare" }, "geometry": { "type": "Polygon", "coordinates": [ [ [ 760418.330420369282365, 3788147.337689731270075 ], [ 760418.586950796074234, 3788138.093381235841662 ], [ 760426.267826817114837, 3788138.306529183872044 ], [ 760426.011288807261735, 3788147.55083792610094 ], [ 760418.330420369282365, 3788147.337689731270075 ] ] ] } },
{ "type": "Feature", "properties": { "Code": 50, "type": "urbain" }, "geometry": { "type": "Polygon", "coordinates": [ [ [ 760571.691145286080427, 3788160.846164249349385 ], [ 760579.372010224848054, 3788161.059438702184707 ], [ 760579.628700449946336, 3788151.815124950371683 ], [ 760587.309573176666163, 3788152.028405459132046 ], [ 760587.052875368390232, 3788161.272719456814229 ], [ 760602.414606267819181, 3788161.699299867730588 ], [ 760602.671319242566824, 3788152.454985377844423 ], [ 760610.35219258221332, 3788152.668284788262099 ], [ 760610.865632041706704, 3788134.179655601736158 ], [ 760603.184743535937741, 3788133.966356683056802 ], [ 760603.698165621026419, 3788115.47772837150842 ], [ 760596.017262153560296, 3788115.264436245430261 ], [ 760596.530666864709929, 3788096.775808805134147 ], [ 760565.806994371348992, 3788095.922705273143947 ], [ 760564.266955609666184, 3788151.388582836836576 ], [ 760571.947827928001061, 3788151.601850742474198 ], [ 760571.691145286080427, 3788160.846164249349385 ] ] ] } },
{ "type": "Feature", "properties": { "Code": 50, "type": "urbain" }, "geometry": { "type": "Polygon", "coordinates": [ [ [ 758997.628392729908228, 3788098.769411844667047 ], [ 758997.883519756025635, 3788089.52514877403155 ], [ 759005.564365696278401, 3788089.73713088221848 ], [ 759005.819499756791629, 3788080.492867662571371 ], [ 759028.862061544554308, 3788081.128851058892906 ], [ 759028.606904735788703, 3788090.373115011956543 ], [ 759036.287751488620415, 3788090.585122322198004 ], [ 759036.032586548360996, 3788099.829386615660042 ], [ 758997.628392729908228, 3788098.769411844667047 ] ] ] } },
{ "type": "Feature", "properties": { "Code": 30, "type": "prairie" }, "geometry": { "type": "Polygon", "coordinates": [ [ [ 759120.521830820012838, 3788102.161885546054691 ], [ 759120.7770791715011, 3788092.917618564330041 ], [ 759166.862177357310429, 3788094.190210561268032 ], [ 759166.606883508968167, 3788103.434479009825736 ], [ 759120.521830820012838, 3788102.161885546054691 ] ] ] } },
{ "type": "Feature", "properties": { "Code": 10, "type": "foret" }, "geometry": { "type": "Polygon", "coordinates": [ [ [ 759780.051344650331885, 3788157.401218500453979 ], [ 759803.093831559759565, 3788158.039115342777222 ], [ 759803.349756991723552, 3788148.794826193712652 ], [ 759818.711431115516461, 3788149.220121768303216 ], [ 759818.967371163191274, 3788139.975832223426551 ], [ 759842.009906625375152, 3788140.613822103478014 ], [ 759843.033752308576368, 3788103.636661937460303 ], [ 759835.352876618504524, 3788103.423993323929608 ], [ 759835.60882908036001, 3788094.179703766480088 ], [ 759827.9279460121179, 3788093.96704169921577 ], [ 759828.183890340616927, 3788084.722752481233329 ], [ 759797.460329768713564, 3788083.872168195899576 ], [ 759797.204415771760978, 3788093.116456433199346 ], [ 759789.523533721454442, 3788092.903825868852437 ], [ 759789.267626757267863, 3788102.148113954346627 ], [ 759781.586752492934465, 3788101.935489444993436 ], [ 759781.07495207968168, 3788120.42406541435048 ], [ 759788.755811178241856, 3788120.636690414976329 ], [ 759787.98808368248865, 3788148.369555821176618 ], [ 759780.307247332995757, 3788148.156930086202919 ], [ 759780.051344650331885, 3788157.401218500453979 ] ] ] } },
{ "type": "Feature", "properties": { "Code": 20, "type": "foret_claire" }, "geometry": { "type": "Polygon", "coordinates": [ [ [ 759880.926136242691427, 3788123.188681855797768 ], [ 759881.182135303504765, 3788113.944390636868775 ], [ 759888.863004632177763, 3788114.157097297720611 ], [ 759888.606997988652438, 3788123.401388762518764 ], [ 759880.926136242691427, 3788123.188681855797768 ] ] ] } },
{ "type": "Feature", "properties": { "Code": 30, "type": "prairie" }, "geometry": { "type": "Polygon", "coordinates": [ [ [ 760372.501698954147287, 3788136.814625857397914 ], [ 760372.758183330413885, 3788127.570318931248039 ], [ 760403.481714074150659, 3788128.422796331811696 ], [ 760403.225199365289882, 3788137.667104240506887 ], [ 760372.501698954147287, 3788136.814625857397914 ] ] ] } },
{ "type": "Feature", "properties": { "Code": 30, "type": "prairie" }, "geometry": { "type": "Polygon", "coordinates": [ [ [ 760418.586950796074234, 3788138.093381235841662 ], [ 760418.843480671290308, 3788128.84907283494249 ], [ 760426.52436427550856, 3788129.062220538035035 ], [ 760426.267826817114837, 3788138.306529183872044 ], [ 760418.586950796074234, 3788138.093381235841662 ] ] ] } },
{ "type": "Feature", "properties": { "Code": 30, "type": "prairie" }, "geometry": { "type": "Polygon", "coordinates": [ [ [ 760672.055967323016375, 3788145.130590287502855 ], [ 760672.569527009269223, 3788126.641957357991487 ], [ 760680.250424936646596, 3788126.855312737170607 ], [ 760680.763997580623254, 3788108.366679697297513 ], [ 760696.125824382063001, 3788108.793408371973783 ], [ 760695.098616220289841, 3788145.770676801446825 ], [ 760672.055967323016375, 3788145.130590287502855 ] ] ] } },
{ "type": "Feature", "properties": { "Code": 50, "type": "urbain" }, "geometry": { "type": "Polygon", "coordinates": [ [ [ 758982.521828483673744, 3788089.101203456055373 ], [ 758982.776939795701765, 3788079.856940969824791 ], [ 758990.457792913191952, 3788080.068910233676434 ], [ 758990.202674018335529, 3788089.313172964379191 ], [ 758982.521828483673744, 3788089.101203456055373 ] ] ] } },
{ "type": "Feature", "properties": { "Code": 10, "type": "foret" }, "geometry": { "type": "Polygon", "coordinates": [ [ [ 760050.161307613714598, 3788118.62539262091741 ], [ 760050.417472949833609, 3788109.381096099969 ], [ 760058.098354345653206, 3788109.593941128347069 ], [ 760057.842181426356547, 3788118.838237894233316 ], [ 760050.161307613714598, 3788118.62539262091741 ] ] ] } },
{ "type": "Feature", "properties": { "Code": 50, "type": "urbain" }, "geometry": { "type": "Polygon", "coordinates": [ [ [ 760088.309474912588485, 3788128.93397983815521 ], [ 760111.35207727085799, 3788129.57262980658561 ], [ 760111.864529822953045, 3788111.084032743703574 ], [ 760081.140999755705707, 3788110.232514017261565 ], [ 760080.884804087341763, 3788119.476811518426985 ], [ 760088.56567871500738, 3788119.689681996125728 ], [ 760088.309474912588485, 3788128.93397983815521 ] ] ] } },
{ "type": "Feature", "properties": { "Code": 30, "type": "prairie" }, "geometry": { "type": "Polygon", "coordinates": [ [ [ 760483.095981767750345, 3788306.409546892158687 ], [ 760506.138206459349021, 3788307.049193027429283 ], [ 760506.394837264437228, 3788297.804879963863641 ], [ 760514.075586820370518, 3788298.018107698764652 ], [ 760514.332224657060578, 3788288.773794485721737 ], [ 760529.693739547743462, 3788289.200268365442753 ], [ 760529.950391999445856, 3788279.955954756587744 ], [ 760545.311922872904688, 3788280.382453348021954 ], [ 760545.56858993973583, 3788271.138139341492206 ], [ 760553.249363266862929, 3788271.351397842634469 ], [ 760553.506037365179509, 3788262.107083685696125 ], [ 760568.867599798250012, 3788262.533619098365307 ], [ 760569.124288511229679, 3788253.289304545614868 ], [ 760576.805077617289498, 3788253.502581457141787 ], [ 760576.548381320782937, 3788262.746896256227046 ], [ 760584.229163048090413, 3788262.96017971355468 ], [ 760583.972458616364747, 3788272.204494854435325 ], [ 760591.653232964570634, 3788272.417784859891981 ], [ 760592.423367354320362, 3788244.684838986955583 ], [ 760600.104164656251669, 3788244.898134554270655 ], [ 760599.847446161555126, 3788254.142449996899813 ], [ 760615.209026212571189, 3788254.569060527719557 ], [ 760615.722492983099073, 3788236.080428755376488 ], [ 760623.403298481949605, 3788236.293742979411036 ], [ 760623.660038622445427, 3788227.049426992889494 ], [ 760631.340851908898912, 3788227.262747271452099 ], [ 760631.084104184992611, 3788236.507063505239785 ], [ 760638.764910091180354, 3788236.720390331465751 ], [ 760639.021665398497134, 3788227.476073852274567 ], [ 760654.383292992832139, 3788227.902745914645493 ], [ 760654.126522518927231, 3788237.147062885574996 ], [ 760669.488135763211176, 3788237.573760643135756 ], [ 760670.00170649215579, 3788219.085125812329352 ], [ 760685.36335088708438, 3788219.511847788933665 ], [ 760685.87694974092301, 3788201.023212352301925 ], [ 760701.238625286496244, 3788201.449958548881114 ], [ 760701.495439051650465, 3788192.205640481319278 ], [ 760716.857130581163801, 3788192.632411389611661 ], [ 760717.627614062977955, 3788164.89945628400892 ], [ 760740.670221138978377, 3788165.539657686837018 ], [ 760741.183919531526044, 3788147.051019947975874 ], [ 760733.50303513626568, 3788146.837613672018051 ], [ 760733.75987592106685, 3788137.593295192811638 ], [ 760726.078984145540744, 3788137.37989546218887 ], [ 760725.822150944033638, 3788146.624213695526123 ], [ 760710.460383173427545, 3788146.197432647459209 ], [ 760710.203564586117864, 3788155.441750485450029 ], [ 760671.799186651711352, 3788154.374906895216554 ], [ 760672.055967323016375, 3788145.130590287502855 ], [ 760664.375084765721112, 3788144.917240717448294 ], [ 760664.118311677593738, 3788154.161557078827173 ], [ 760641.075687981909141, 3788153.521545435767621 ], [ 760640.81893709115684, 3788162.765861155465245 ], [ 760617.776337984367274, 3788162.125905480235815 ], [ 760618.54652075143531, 3788134.392960821278393 ], [ 760626.227409666054882, 3788134.606272341217846 ], [ 760626.740877250093035, 3788116.117642553988844 ], [ 760603.698165621026419, 3788115.47772837150842 ], [ 760603.184743535937741, 3788133.966356683056802 ], [ 760610.865632041706704, 3788134.179655601736158 ], [ 760610.35219258221332, 3788152.668284788262099 ], [ 760602.671319242566824, 3788152.454985377844423 ], [ 760602.414606267819181, 3788161.699299867730588 ], [ 760594.733740716357715, 3788161.486006512306631 ], [ 760594.477034772979096, 3788170.730320849921554 ], [ 760609.838750914437696, 3788171.156914354301989 ], [ 760609.582029252662323, 3788180.401229279581457 ], [ 760601.901178662665188, 3788180.187929132021964 ], [ 760601.644464031909592, 3788189.432243907358497 ], [ 760547.878568706102669, 3788187.939317570067942 ], [ 760547.621906606247649, 3788197.183630719780922 ], [ 760539.941072816727683, 3788196.970380485989153 ], [ 760539.684417748358101, 3788206.214693484362215 ], [ 760524.322765949647874, 3788205.788211426697671 ], [ 760524.066125496057793, 3788215.032524030189961 ], [ 760516.385307486285456, 3788214.819292207248509 ], [ 760515.102134856628254, 3788261.040855416562408 ], [ 760499.740575281903148, 3788260.614408214576542 ], [ 760499.997195744886994, 3788251.370095874648541 ], [ 760484.63562182080932, 3788250.943674366921186 ], [ 760484.892226565163583, 3788241.699362611863762 ], [ 760477.211432325770147, 3788241.48616155423224 ], [ 760476.954835164709948, 3788250.730473063886166 ], [ 760461.593262465670705, 3788250.304089361336082 ], [ 760461.849844460142776, 3788241.059778342489153 ], [ 760454.169050833792426, 3788240.846596188377589 ], [ 760452.886173261678778, 3788287.068150998093188 ], [ 760468.247684885398485, 3788287.494524064939469 ], [ 760467.991092549054883, 3788296.73883580416441 ], [ 760483.352589822607115, 3788297.165234565734863 ], [ 760483.095981767750345, 3788306.409546892158687 ] ], [ [ 760546.081922417622991, 3788252.649511615280062 ], [ 760546.595252688159235, 3788234.160884268116206 ], [ 760554.276056348579004, 3788234.374141785316169 ], [ 760553.762710911454633, 3788252.862769624684006 ], [ 760546.081922417622991, 3788252.649511615280062 ] ], [ [ 760654.640062914579175, 3788218.65842903777957 ], [ 760654.896832284401171, 3788209.41411225637421 ], [ 760670.258491028565913, 3788209.84080853825435 ], [ 760670.00170649215579, 3788219.085125812329352 ], [ 760654.640062914579175, 3788218.65842903777957 ] ] ] } },
{ "type": "Feature", "properties": { "Code": 50, "type": "urbain" }, "geometry": { "type": "Polygon", "coordinates": [ [ [ 760626.227409666054882, 3788134.606272341217846 ], [ 760626.484143734094687, 3788125.361957399640232 ], [ 760634.165040436200798, 3788125.575274974573404 ], [ 760633.908298784866929, 3788134.819590162020177 ], [ 760626.227409666054882, 3788134.606272341217846 ] ] ] } },
{ "type": "Feature", "properties": { "Code": 50, "type": "urbain" }, "geometry": { "type": "Polygon", "coordinates": [ [ [ 758975.09608688193839, 3788079.644978006836027 ], [ 758975.351190062472597, 3788070.400715861003846 ], [ 758983.032050559180789, 3788070.612678579520434 ], [ 758982.776939795701765, 3788079.856940969824791 ], [ 758975.09608688193839, 3788079.644978006836027 ] ] ] } },
{ "type": "Feature", "properties": { "Code": 60, "type": "bare" }, "geometry": { "type": "Polygon", "coordinates": [ [ [ 758990.202674018335529, 3788089.313172964379191 ], [ 759005.564365696278401, 3788089.73713088221848 ], [ 759005.819499756791629, 3788080.492867662571371 ], [ 759013.50035348336678, 3788080.704855827614665 ], [ 759014.010635123820975, 3788062.216329186689109 ], [ 758983.287160774110816, 3788061.36841628421098 ], [ 758982.776939795701765, 3788079.856940969824791 ], [ 758990.457792913191952, 3788080.068910233676434 ], [ 758990.202674018335529, 3788089.313172964379191 ] ] ] } },
{ "type": "Feature", "properties": { "Code": 50, "type": "urbain" }, "geometry": { "type": "Polygon", "coordinates": [ [ [ 759643.331050555105321, 3788098.109325656667352 ], [ 759643.586813443340361, 3788088.865042225923389 ], [ 759651.26769162598066, 3788089.077553081326187 ], [ 759651.011921154800802, 3788098.321836756542325 ], [ 759643.331050555105321, 3788098.109325656667352 ] ] ] } },
{ "type": "Feature", "properties": { "Code": 20, "type": "foret_claire" }, "geometry": { "type": "Polygon", "coordinates": [ [ [ 759750.863257472054102, 3788101.085054411552846 ], [ 759751.119126521400176, 3788091.84076755028218 ], [ 759758.800007554353215, 3788092.053366613108665 ], [ 759758.544130921945907, 3788101.297653718851507 ], [ 759750.863257472054102, 3788101.085054411552846 ] ] ] } },
{ "type": "Feature", "properties": { "Code": 30, "type": "prairie" }, "geometry": { "type": "Polygon", "coordinates": [ [ [ 759781.586752492934465, 3788101.935489444993436 ], [ 759781.842651874059811, 3788092.691201604437083 ], [ 759789.523533721454442, 3788092.903825868852437 ], [ 759789.267626757267863, 3788102.148113954346627 ], [ 759781.586752492934465, 3788101.935489444993436 ] ] ] } },
{ "type": "Feature", "properties": { "Code": 30, "type": "prairie" }, "geometry": { "type": "Polygon", "coordinates": [ [ [ 760096.502764381584711, 3788110.658260778989643 ], [ 760096.758974665193819, 3788101.413962883874774 ], [ 760104.439864867250435, 3788101.626845470163971 ], [ 760104.696082182927057, 3788092.382547421846539 ], [ 760120.057878364343196, 3788092.808331006672233 ], [ 760119.801645882660523, 3788102.05262954486534 ], [ 760112.120755272684619, 3788101.839734356850386 ], [ 760111.864529822953045, 3788111.084032743703574 ], [ 760096.502764381584711, 3788110.658260778989643 ] ] ] } },
{ "type": "Feature", "properties": { "Code": 50, "type": "urbain", "texture": "grass_terrace.jpg", "model3D": "stone_house.glb" }, "geometry": { "type": "Polygon", "coordinates": [ [ [ 760511.490067276521586, 3788668.00395815866068 ], [ 760534.531407729373313, 3788668.643727557267994 ], [ 760535.044787667924538, 3788650.155091644264758 ], [ 760542.725250062299892, 3788650.36836022278294 ], [ 760543.238642961485311, 3788631.879724198952317 ], [ 760550.91912072757259, 3788632.092998586129397 ], [ 760551.689228689414449, 3788604.360044525936246 ], [ 760559.369729412137531, 3788604.573324476834387 ], [ 760559.113019726122729, 3788613.817642647307366 ], [ 760566.793513068580069, 3788614.030929144937545 ], [ 760567.050230338587426, 3788604.786610728595406 ], [ 760605.452738035470247, 3788605.853136500809342 ], [ 760605.96624675928615, 3788587.364497499074787 ], [ 760613.64676407945808, 3788587.577821064740419 ], [ 760614.160285763209686, 3788569.089181949384511 ], [ 760629.521351350820623, 3788569.515847001224756 ], [ 760630.034901162143797, 3788551.027207284234464 ], [ 760637.715449430630542, 3788551.240548769477755 ], [ 760637.972231092047878, 3788541.996228808071464 ], [ 760645.652787148719653, 3788542.209576350171119 ], [ 760645.909575842088088, 3788532.965256236493587 ], [ 760661.270703735295683, 3788533.391969729680568 ], [ 760661.527507044258527, 3788524.147649221587926 ], [ 760669.208078880794346, 3788524.361015173606575 ], [ 760669.464889221359044, 3788515.116694514639676 ], [ 760677.145468846778385, 3788515.330066521652043 ], [ 760677.402286219061352, 3788506.085745710879564 ], [ 760708.124637097353116, 3788506.939295766875148 ], [ 760708.381484252749942, 3788497.694974069017917 ], [ 760723.742676086025313, 3788498.121786411851645 ], [ 760724.256399075384252, 3788479.633142315782607 ], [ 760731.937010464956984, 3788479.846557446755469 ], [ 760732.193878715042956, 3788470.602235295809805 ], [ 760739.874497893732041, 3788470.815656482242048 ], [ 760740.388247904600576, 3788452.327011973131448 ], [ 760755.749517209711485, 3788452.753872264176607 ], [ 760756.006406554253772, 3788443.50954965967685 ], [ 760763.687049097381532, 3788443.722989009693265 ], [ 760764.971525453380309, 3788397.5013761902228 ], [ 760772.652206118684262, 3788397.714820611756295 ], [ 760772.39530436845962, 3788406.959143231157213 ], [ 760780.075977655127645, 3788407.172594200354069 ], [ 760780.84670399944298, 3788379.439625889528543 ], [ 760788.527400240767747, 3788379.653082421049476 ], [ 760790.582706856075674, 3788305.698502473067492 ], [ 760805.944221290177666, 3788306.125430502928793 ], [ 760806.201147298328578, 3788296.881107946392149 ], [ 760821.562677716487087, 3788297.308060687035322 ], [ 760821.819618338951841, 3788288.063737732823938 ], [ 760837.181164741166867, 3788288.490715186111629 ], [ 760837.438119978294708, 3788279.246391833294183 ], [ 760845.118901070090942, 3788279.459889764897525 ], [ 760846.146746827173047, 3788242.482596326153725 ], [ 760815.423502353020012, 3788241.628646343480796 ], [ 760815.166572076035663, 3788250.872968576382846 ], [ 760799.804966232506558, 3788250.446030896622688 ], [ 760800.061881342553534, 3788241.20170915639028 ], [ 760792.381071143783629, 3788240.988250013440847 ], [ 760792.637978118029423, 3788231.743928615935147 ], [ 760784.957160540856421, 3788231.530476020183414 ], [ 760784.700261149904691, 3788240.774797172751278 ], [ 760777.019451359752566, 3788240.561350631993264 ], [ 760776.505666087497957, 3788259.049992732703686 ], [ 760768.824871669290587, 3788258.83655200060457 ], [ 760768.311099354410544, 3788277.325193989556283 ], [ 760775.991878605796956, 3788277.538635212928057 ], [ 760774.964297013822943, 3788314.515921316575259 ], [ 760759.602799382526428, 3788314.089043201878667 ], [ 760759.345917770639062, 3788323.333364472724497 ], [ 760751.66517684480641, 3788323.119934620335698 ], [ 760751.408302264055237, 3788332.364255740772933 ], [ 760743.727569126756862, 3788332.150831944774836 ], [ 760742.95696482155472, 3788359.883795137982816 ], [ 760735.276254638563842, 3788359.670376903843135 ], [ 760735.019393015885726, 3788368.91469791252166 ], [ 760727.3386906220112, 3788368.701285732910037 ], [ 760727.081836030469276, 3788377.945606592576951 ], [ 760719.401141423499212, 3788377.732200467493385 ], [ 760718.887445750995539, 3788396.220841977745295 ], [ 760726.568125190911815, 3788396.434248595964164 ], [ 760726.311268942663446, 3788405.678569738287479 ], [ 760733.991941001964733, 3788405.891982901841402 ], [ 760733.478211681358516, 3788424.380625967402011 ], [ 760741.158868778846227, 3788424.594045924022794 ], [ 760740.901995706488378, 3788433.838367844931781 ], [ 760748.582645423943177, 3788434.051794346887618 ], [ 760748.325764215551317, 3788443.296116609126329 ], [ 760717.603196905693039, 3788442.442447419743985 ], [ 760718.116898100473918, 3788423.953804958146065 ], [ 760710.436241616145708, 3788423.740403905510902 ], [ 760710.693083801423199, 3788414.496083061676472 ], [ 760703.012419938342646, 3788414.282688555307686 ], [ 760703.526087485137396, 3788395.794047648552805 ], [ 760688.164730036398396, 3788395.367278521414846 ], [ 760688.421547814039513, 3788386.12295870250091 ], [ 760680.740861812373623, 3788385.909583836328238 ], [ 760680.997671454329975, 3788376.665264359209687 ], [ 760673.316978073213249, 3788376.451896039303392 ], [ 760673.573779579601251, 3788367.207576901186258 ], [ 760665.893078819732182, 3788366.994215128477663 ], [ 760666.149872190319002, 3788357.749896332621574 ], [ 760696.872706790920347, 3788358.603380245156586 ], [ 760697.129529943456873, 3788349.359060560818762 ], [ 760689.448813403607346, 3788349.145680377725512 ], [ 760689.962442885269411, 3788330.657041786704212 ], [ 760682.281711381976493, 3788330.443668395746499 ], [ 760682.538517711102031, 3788321.199349488131702 ], [ 760674.857778828707524, 3788320.985982643906027 ], [ 760675.628171752439812, 3788293.253027230501175 ], [ 760667.947410324355587, 3788293.03966742567718 ], [ 760668.204199277795851, 3788283.795349391642958 ], [ 760660.523430470144376, 3788283.581996132619679 ], [ 760661.036991553963162, 3788265.093360839877278 ], [ 760653.35620778426528, 3788264.880014373920858 ], [ 760653.612979914527386, 3788255.635697116609663 ], [ 760668.974562825402245, 3788256.0623958571814 ], [ 760669.488135763211176, 3788237.573760643135756 ], [ 760654.126522518927231, 3788237.147062885574996 ], [ 760654.383292992832139, 3788227.902745914645493 ], [ 760639.021665398497134, 3788227.476073852274567 ], [ 760638.764910091180354, 3788236.720390331465751 ], [ 760646.44571620284114, 3788236.933723457157612 ], [ 760645.932188765378669, 3788255.422357196453959 ], [ 760599.847446161555126, 3788254.142449996899813 ], [ 760600.104164656251669, 3788244.898134554270655 ], [ 760592.423367354320362, 3788244.684838986955583 ], [ 760591.653232964570634, 3788272.417784859891981 ], [ 760583.972458616364747, 3788272.204494854435325 ], [ 760584.229163048090413, 3788262.96017971355468 ], [ 760576.548381320782937, 3788262.746896256227046 ], [ 760576.805077617289498, 3788253.502581457141787 ], [ 760569.124288511229679, 3788253.289304545614868 ], [ 760568.867599798250012, 3788262.533619098365307 ], [ 760553.506037365179509, 3788262.107083685696125 ], [ 760553.249363266862929, 3788271.351397842634469 ], [ 760545.56858993973583, 3788271.138139341492206 ], [ 760545.311922872904688, 3788280.382453348021954 ], [ 760529.950391999445856, 3788279.955954756587744 ], [ 760529.693739547743462, 3788289.200268365442753 ], [ 760514.332224657060578, 3788288.773794485721737 ], [ 760514.075586820370518, 3788298.018107698764652 ], [ 760506.394837264437228, 3788297.804879963863641 ], [ 760506.138206459349021, 3788307.049193027429283 ], [ 760483.095981767750345, 3788306.409546892158687 ], [ 760483.352589822607115, 3788297.165234565734863 ], [ 760467.991092549054883, 3788296.73883580416441 ], [ 760468.247684885398485, 3788287.494524064939469 ], [ 760452.886173261678778, 3788287.068150998093188 ], [ 760453.912476422730833, 3788250.090906960424036 ], [ 760423.189334291033447, 3788249.238240365870297 ], [ 760423.958964869379997, 3788221.505311284679919 ], [ 760416.278157097287476, 3788221.292161125224084 ], [ 760416.791226224973798, 3788202.803542704787105 ], [ 760432.152872307109646, 3788203.229848343413323 ], [ 760432.665969561319798, 3788184.741229321341962 ], [ 760440.346808074158616, 3788184.954391099512577 ], [ 760440.090252139605582, 3788194.198700808919966 ], [ 760478.494409854989499, 3788195.264605440199375 ], [ 760479.007597004645504, 3788176.77598366048187 ], [ 760486.688444326864555, 3788176.989182996563613 ], [ 760486.945044657215476, 3788167.744872003793716 ], [ 760494.625899766921066, 3788167.958077396266162 ], [ 760494.882507128641009, 3788158.713766252156347 ], [ 760479.520781947299838, 3788158.28736226214096 ], [ 760479.264189751818776, 3788167.531672913115472 ], [ 760440.859918288188055, 3788166.465771968010813 ], [ 760441.886132096289657, 3788129.488534845411777 ], [ 760434.205248084501363, 3788129.275374541524798 ], [ 760433.948703042929992, 3788138.519683432765305 ], [ 760426.267826817114837, 3788138.306529183872044 ], [ 760426.011288807261735, 3788147.55083792610094 ], [ 760418.330420369282365, 3788147.337689731270075 ], [ 760418.586950796074234, 3788138.093381235841662 ], [ 760372.501698954147287, 3788136.814625857397914 ], [ 760372.758183330413885, 3788127.570318931248039 ], [ 760365.077301154611632, 3788127.35721533279866 ], [ 760365.333777396474034, 3788118.112908746581525 ], [ 760349.971998491324484, 3788117.686720944009721 ], [ 760349.715537415584549, 3788126.931027037557214 ], [ 760334.35377449367661, 3788126.504863944835961 ], [ 760334.610220403177664, 3788117.260558341629803 ], [ 760319.248443130636588, 3788116.834420943632722 ], [ 760319.504873322555795, 3788107.590115927625448 ], [ 760304.143081699497998, 3788107.164004222955555 ], [ 760304.39949617406819, 3788097.919699791818857 ], [ 760296.718593086116016, 3788097.706653635948896 ], [ 760296.462186194723472, 3788106.950957820750773 ], [ 760288.781290893442929, 3788106.737917719874531 ], [ 760288.524891033768654, 3788115.982221752405167 ], [ 760296.205778751987964, 3788116.19526209961623 ], [ 760295.18014346784912, 3788153.172480172477663 ], [ 760287.499286081874743, 3788152.959438843186945 ], [ 760287.755688146804459, 3788143.715134428814054 ], [ 760280.0748233825434, 3788143.502099645789713 ], [ 760279.818428900791332, 3788152.746403814759105 ], [ 760272.137571922969073, 3788152.533375087659806 ], [ 760271.624796471674927, 3788171.021983220707625 ], [ 760240.901431266916916, 3788170.169929351191968 ], [ 760241.157788935583085, 3788160.925626219715923 ], [ 760233.476940560969524, 3788160.712628750596195 ], [ 760233.989639078499749, 3788142.224023262504488 ], [ 760226.308775742072612, 3788142.011032583191991 ], [ 760226.565116590936668, 3788132.76673022704199 ], [ 760211.203375363489613, 3788132.340768263209611 ], [ 760211.459700495004654, 3788123.096466493792832 ], [ 760196.097944917390123, 3788122.670530223287642 ], [ 760196.354254331556149, 3788113.426229040138423 ], [ 760180.992484403541312, 3788113.000318462960422 ], [ 760180.223600006196648, 3788140.733220826368779 ], [ 760149.500153594068252, 3788139.881472333334386 ], [ 760149.756418612087145, 3788130.637172430753708 ], [ 760142.075549936387688, 3788130.424251305405051 ], [ 760141.306775978649966, 3788158.157150558661669 ], [ 760164.349314370658249, 3788158.795935047790408 ], [ 760164.093032533302903, 3788168.040235724765807 ], [ 760179.454710648860782, 3788168.466124045662582 ], [ 760178.942114988458343, 3788186.954726668540388 ], [ 760194.303763586562127, 3788187.380641173105687 ], [ 760194.047449763398618, 3788196.624943118076771 ], [ 760201.728266784688458, 3788196.837910066824406 ], [ 760201.984588191146031, 3788187.593607876915485 ], [ 760209.665413000388071, 3788187.8065808811225 ], [ 760209.921741438796744, 3788178.562278538942337 ], [ 760225.283406834932975, 3788178.988242958672345 ], [ 760225.027063230169006, 3788188.232545791193843 ], [ 760232.707888650707901, 3788188.445537697058171 ], [ 760232.451536911423318, 3788197.689840869046748 ], [ 760240.132354953326285, 3788197.902839321177453 ], [ 760239.619634654955007, 3788216.39144644420594 ], [ 760247.300437733763829, 3788216.60445168800652 ], [ 760245.762218108982779, 3788272.070276814047247 ], [ 760230.400703154038638, 3788271.64426968107 ], [ 760230.144346453947946, 3788280.888573711272329 ], [ 760237.82509624643717, 3788281.101574372500181 ], [ 760237.56873141170945, 3788290.345878743100911 ], [ 760268.291702286573127, 3788291.19794537872076 ], [ 760268.035306567093357, 3788300.442250827327371 ], [ 760275.716042212676257, 3788300.655283484142274 ], [ 760275.203233952983283, 3788319.14389515761286 ], [ 760267.522513474337757, 3788318.930862009059638 ], [ 760267.266116101061925, 3788328.175167743582278 ], [ 760259.585403409670107, 3788327.962140650488436 ], [ 760259.072622176026925, 3788346.450751912780106 ], [ 760251.391924856230617, 3788346.237730631139129 ], [ 760251.135540995979682, 3788355.482036158908159 ], [ 760228.093473009532318, 3788354.843009380623698 ], [ 760227.837111348402686, 3788364.087314268108457 ], [ 760197.114387222798541, 3788363.235365792177618 ], [ 760197.370718549820594, 3788353.991061885841191 ], [ 760189.690030445111915, 3788353.778090763837099 ], [ 760189.177382406778634, 3788372.266698180232197 ], [ 760181.496709672384895, 3788372.05373286921531 ], [ 760181.240392409963533, 3788381.298036473803222 ], [ 760165.879062720574439, 3788380.872124262619764 ], [ 760165.366456876625307, 3788399.360730776097625 ], [ 760142.324509372469038, 3788398.721908241976053 ], [ 760142.580789819359779, 3788389.477605673018843 ], [ 760134.900133475894108, 3788389.264677675440907 ], [ 760135.156405788031407, 3788380.02037544734776 ], [ 760089.072426505852491, 3788378.74294124962762 ], [ 760088.816199694643728, 3788387.987242005765438 ], [ 760073.454890065127984, 3788387.561480522155762 ], [ 760073.967312802560627, 3788369.072880087420344 ], [ 760066.286643126280978, 3788368.86000928748399 ], [ 760066.030439616413787, 3788378.104309211485088 ], [ 760050.669116042787209, 3788377.678586024325341 ], [ 760049.9005477091996, 3788405.411484897136688 ], [ 760057.581186643219553, 3788405.62434407742694 ], [ 760057.32498851348646, 3788414.868644136935472 ], [ 760065.005620068404824, 3788415.081509862560779 ], [ 760064.749413804267533, 3788424.325810264796019 ], [ 760141.555664725834504, 3788426.454816520214081 ], [ 760141.8119468257064, 3788417.210513665340841 ], [ 760149.492580623016693, 3788417.42344869999215 ], [ 760149.236290939501487, 3788426.667751799803227 ], [ 760156.916917356429622, 3788426.880693381186575 ], [ 760157.173214623471722, 3788417.636390035971999 ], [ 760172.534483237424865, 3788418.06229160958901 ], [ 760172.278170803212561, 3788427.306595445610583 ], [ 760164.597543977899477, 3788427.093641262967139 ], [ 760164.341238576103933, 3788436.337944950442761 ], [ 760195.063716765260324, 3788437.189800467342138 ], [ 760195.57638768653851, 3788418.701191226020455 ], [ 760226.298929807031527, 3788419.553145593032241 ], [ 760226.555294775404036, 3788410.308840134646744 ], [ 760234.235938399215229, 3788410.521844233386219 ], [ 760234.492310399771668, 3788401.277538623195142 ], [ 760249.853613425977528, 3788401.703565231990069 ], [ 760249.597226258250885, 3788410.94787133205682 ], [ 760272.639159576734528, 3788411.586959236301482 ], [ 760272.895569495274685, 3788402.342652400489897 ], [ 760280.576221925904974, 3788402.555694058071822 ], [ 760280.063386370427907, 3788421.044308317359537 ], [ 760295.424661510041915, 3788421.47041151765734 ], [ 760295.681094730622135, 3788412.226103850640357 ], [ 760288.000449475483038, 3788412.013049344532192 ], [ 760288.513299095444381, 3788393.524434783495963 ], [ 760303.87462014448829, 3788393.950549112632871 ], [ 760304.131059294566512, 3788384.706241484265774 ], [ 760319.492396326852031, 3788385.132380525581539 ], [ 760319.748850092641078, 3788375.888072501402348 ], [ 760335.1102031073533, 3788376.314236254896969 ], [ 760335.366671488853171, 3788367.069927834440023 ], [ 760350.728040487854742, 3788367.496116300113499 ], [ 760350.471556939417496, 3788376.740425210911781 ], [ 760365.832911587087438, 3788377.166639370843768 ], [ 760366.089410302694887, 3788367.922329968772829 ], [ 760373.770095516461879, 3788368.13544625416398 ], [ 760373.513589217327535, 3788377.379755901172757 ], [ 760381.1942670509452, 3788377.592878733295947 ], [ 760380.681237631011754, 3788396.081498805433512 ], [ 760388.361900502350181, 3788396.294628429692239 ], [ 760387.33580470958259, 3788433.271870700642467 ], [ 760402.697070394875482, 3788433.698150815907866 ], [ 760402.953610337572172, 3788424.453839615453035 ], [ 760395.272969809011556, 3788424.240696652326733 ], [ 760395.786032872507349, 3788405.752075025811791 ], [ 760403.466688568354584, 3788405.965217496734113 ], [ 760403.210149728693068, 3788415.209528509061784 ], [ 760410.890798044973053, 3788415.422677527181804 ], [ 760410.634251070208848, 3788424.666988878510892 ], [ 760418.31489200622309, 3788424.880144443362951 ], [ 760417.801781234447844, 3788443.368767925072461 ], [ 760425.482407207950018, 3788443.581930281128734 ], [ 760424.712714162189513, 3788471.314866953995079 ], [ 760432.393317587557249, 3788471.528036347590387 ], [ 760432.136744551942684, 3788480.772349008359015 ], [ 760455.178533304366283, 3788481.411895732861012 ], [ 760455.691724326228723, 3788462.923269034828991 ], [ 760463.372336152824573, 3788463.136463386937976 ], [ 760463.115733333979733, 3788472.380776935257018 ], [ 760470.796337780426256, 3788472.593977833166718 ], [ 760471.052948182914406, 3788463.349664040375501 ], [ 760501.775398346828297, 3788464.202529661823064 ], [ 760501.518757609417662, 3788473.446844437159598 ], [ 760509.199363077059388, 3788473.660076840780675 ], [ 760509.456011398229748, 3788464.415761819574982 ], [ 760517.136624653358012, 3788464.62900027865544 ], [ 760516.623312291689217, 3788483.117630907334387 ], [ 760524.303910584072582, 3788483.330876158550382 ], [ 760523.790580847649835, 3788501.819507661275566 ], [ 760531.471164175309241, 3788502.032759705092758 ], [ 760531.214490895625204, 3788511.277075845282525 ], [ 760523.533915151609108, 3788511.063823555596173 ], [ 760523.020582104218192, 3788529.552455629222095 ], [ 760515.340021730982699, 3788529.339209150057286 ], [ 760515.08336196327582, 3788538.583525085356086 ], [ 760530.444467745255679, 3788539.010024836752564 ], [ 760530.701142680598423, 3788529.765708410181105 ], [ 760538.381703462218866, 3788529.978967491537333 ], [ 760538.638385429512709, 3788520.734650916419923 ], [ 760546.318953999085352, 3788520.947916053235531 ], [ 760546.832331445766613, 3788502.459282694850117 ], [ 760569.874083881499246, 3788503.099114435724914 ], [ 760570.387504623271525, 3788484.610479984432459 ], [ 760585.748704270692542, 3788485.037064999807626 ], [ 760586.518876746296883, 3788457.3041125619784 ], [ 760578.838254069210961, 3788457.090817641001195 ], [ 760579.094969540135935, 3788447.846500596962869 ], [ 760571.414339483482763, 3788447.633212223183364 ], [ 760571.15763159643393, 3788456.877529019955546 ], [ 760555.796387264039367, 3788456.45097068278119 ], [ 760555.539693992119282, 3788465.695287085138261 ], [ 760540.178465644014068, 3788465.2687534596771 ], [ 760541.205174749717116, 3788428.291490389965475 ], [ 760518.163242754642852, 3788427.651740157511085 ], [ 760518.419895900529809, 3788418.407425365876406 ], [ 760510.739244726952165, 3788418.194188136607409 ], [ 760510.995889737387188, 3788408.949873684905469 ], [ 760495.634572834474966, 3788408.523418619297445 ], [ 760495.377942991442978, 3788417.767732578329742 ], [ 760503.058593757101335, 3788417.980957207269967 ], [ 760502.545317248441279, 3788436.469585902988911 ], [ 760464.142141299089417, 3788435.403523312881589 ], [ 760464.398741911049001, 3788426.159210146870464 ], [ 760425.995533147128299, 3788425.093306308146566 ], [ 760426.252095289062709, 3788415.848994464147836 ], [ 760418.571446564747021, 3788415.635832845233381 ], [ 760419.597659282502718, 3788378.658587405458093 ], [ 760473.362416978110559, 3788380.150844181422144 ], [ 760472.849205552367494, 3788398.639470149297267 ], [ 760488.210536397527903, 3788399.065886918921024 ], [ 760488.723778157611378, 3788380.577259968034923 ], [ 760481.043097465881146, 3788380.364048924762756 ], [ 760481.812933217152022, 3788352.6311099473387 ], [ 760520.216452469932847, 3788353.697224487550557 ], [ 760520.473101201234385, 3788344.452910458669066 ], [ 760528.153813248034567, 3788344.66615202371031 ], [ 760528.410469010937959, 3788335.421837842557579 ], [ 760566.81407022383064, 3788336.488138949964195 ], [ 760566.557376543409191, 3788345.732454359997064 ], [ 760574.238089815014973, 3788345.945733729749918 ], [ 760573.981387999025173, 3788355.190049479715526 ], [ 760604.704212795011699, 3788356.043230950832367 ], [ 760604.447480093222111, 3788365.287547779269516 ], [ 760612.128179218620062, 3788365.500859145075083 ], [ 760611.871438381029293, 3788374.745176315773278 ], [ 760619.552130127907731, 3788374.958494229242206 ], [ 760619.295381154632196, 3788384.202811739873141 ], [ 760642.33743486891035, 3788384.842804019339383 ], [ 760642.594206592999399, 3788375.598485770635307 ], [ 760634.913514233194292, 3788375.385148955509067 ], [ 760635.17027782171499, 3788366.140831047669053 ], [ 760650.531677912338637, 3788366.567510486580431 ], [ 760650.274899156880565, 3788375.811828886624426 ], [ 760657.955591924488544, 3788376.025178303476423 ], [ 760657.442017589928582, 3788394.513815879356116 ], [ 760665.122695395257324, 3788394.72717208834365 ], [ 760664.865899816039018, 3788403.97149126464501 ], [ 760634.143220155732706, 3788403.118103248998523 ], [ 760633.886454359162599, 3788412.362421537749469 ], [ 760641.567116384394467, 3788412.575759335886687 ], [ 760641.310342451906763, 3788421.820077966433018 ], [ 760648.990997097687796, 3788422.033422311767936 ], [ 760647.707081236178055, 3788468.255018115974963 ], [ 760640.026464508846402, 3788468.041672541294247 ], [ 760639.769687264109962, 3788477.285991740878671 ], [ 760632.089078324963339, 3788477.072652221657336 ], [ 760631.318766029318795, 3788504.805609654635191 ], [ 760646.679938609246165, 3788505.232296470087022 ], [ 760646.166363983182237, 3788523.720936219673604 ], [ 760638.48579275875818, 3788523.50758916977793 ], [ 760638.229012201540172, 3788532.751908940263093 ], [ 760630.54844876518473, 3788532.538567947223783 ], [ 760630.805221738526598, 3788523.294248421210796 ], [ 760623.124650923884474, 3788523.080913974437863 ], [ 760623.38141576142516, 3788513.836594789754599 ], [ 760615.700837565818802, 3788513.623266888782382 ], [ 760615.957594267558306, 3788504.378948044031858 ], [ 760600.596423322102055, 3788503.952311637345701 ], [ 760599.826197064016014, 3788531.685266979504377 ], [ 760615.187322506448254, 3788532.111904860939831 ], [ 760614.673805238911882, 3788550.600543215405196 ], [ 760599.312710131984204, 3788550.173904350493103 ], [ 760599.055965837906115, 3788559.418223178945482 ], [ 760583.694886715849862, 3788558.991609026212245 ], [ 760583.438157037599012, 3788568.235927456058562 ], [ 760575.757625366328284, 3788568.022629586048424 ], [ 760575.500902720261365, 3788577.266947867814451 ], [ 760498.695673079928383, 3788575.134313260670751 ], [ 760499.722256997367367, 3788538.157050537876785 ], [ 760492.041704820469022, 3788537.943822714965791 ], [ 760492.298341836547479, 3788528.699507517274469 ], [ 760476.937222927808762, 3788528.273071266710758 ], [ 760476.68060107936617, 3788537.517385973129421 ], [ 760469.000049514579587, 3788537.304177053272724 ], [ 760468.743434698320925, 3788546.548491609282792 ], [ 760445.701803981792182, 3788545.908901918213814 ], [ 760445.445211365469731, 3788555.153215833008289 ], [ 760430.084140408434905, 3788554.726853719446808 ], [ 760429.827562408172525, 3788563.971167236566544 ], [ 760406.785980256740004, 3788563.331670586951077 ], [ 760406.272868104628287, 3788581.82029643561691 ], [ 760421.633892333135009, 3788582.246622216422111 ], [ 760421.37732026190497, 3788591.490935773588717 ], [ 760459.779846484656446, 3788592.556861720513552 ], [ 760459.523235942004248, 3788601.801176600158215 ], [ 760474.884232692071237, 3788602.227591578382999 ], [ 760474.627606429858133, 3788611.471907046623528 ], [ 760482.308097527245991, 3788611.685124232433736 ], [ 760482.56473137345165, 3788602.440808518789709 ], [ 760490.245230258442461, 3788602.654031758662313 ], [ 760489.988588828360662, 3788611.898347718641162 ], [ 760497.669080333900638, 3788612.111577506642789 ], [ 760497.412430768017657, 3788621.355893805623055 ], [ 760489.731946846353821, 3788621.142663772217929 ], [ 760489.475304312654771, 3788630.386979921720922 ], [ 760497.155780650209635, 3788630.600210201926529 ], [ 760496.899129980825819, 3788639.844526690430939 ], [ 760519.940537465969101, 3788640.484256071038544 ], [ 760519.683863492682576, 3788649.728573394007981 ], [ 760512.003401710651815, 3788649.515323720406741 ], [ 760511.490067276521586, 3788668.00395815866068 ] ], [ [ 760686.110167935257778, 3788469.321840501390398 ], [ 760686.366990130511113, 3788460.077519920188934 ], [ 760701.728241407545283, 3788460.504292490426451 ], [ 760702.241914476500824, 3788442.015650630928576 ], [ 760709.922555588651448, 3788442.229045873973519 ], [ 760709.665711746434681, 3788451.473367003258318 ], [ 760717.346345479832962, 3788451.686768794897944 ], [ 760716.832640971406363, 3788470.175411827396601 ], [ 760686.110167935257778, 3788469.321840501390398 ] ], [ [ 760420.11076233163476, 3788360.169965256471187 ], [ 760420.367313028778881, 3788350.925654325634241 ], [ 760428.048014838248491, 3788351.138814225327224 ], [ 760428.304572567343712, 3788341.894503144081682 ], [ 760435.985282163019292, 3788342.107669099234045 ], [ 760435.472150986315683, 3788360.596291848924011 ], [ 760420.11076233163476, 3788360.169965256471187 ] ], [ [ 760397.325208825874142, 3788350.286212431266904 ], [ 760397.581736220861785, 3788341.041902331635356 ], [ 760405.262445001397282, 3788341.255043083801866 ], [ 760405.00591002299916, 3788350.499353427905589 ], [ 760397.325208825874142, 3788350.286212431266904 ] ], [ [ 760389.901027644984424, 3788340.828767880797386 ], [ 760390.157546904985793, 3788331.584458122961223 ], [ 760397.838263064390048, 3788331.797592328395694 ], [ 760397.581736220861785, 3788341.041902331635356 ], [ 760389.901027644984424, 3788340.828767880797386 ] ], [ [ 760597.28023085615132, 3788346.585609644185752 ], [ 760597.793678333167918, 3788328.096976954024285 ], [ 760590.112949281930923, 3788327.883679172955453 ], [ 760590.369664608850144, 3788318.639363215304911 ], [ 760582.688928177813068, 3788318.426071981433779 ], [ 760582.945635369513184, 3788309.181756366044283 ], [ 760575.264891559258103, 3788308.968471678905189 ], [ 760575.521590615389869, 3788299.724156402982771 ], [ 760560.160088441101834, 3788299.297606422100216 ], [ 760559.903404551907443, 3788308.541921206749976 ], [ 760529.180432988563552, 3788307.688895870931447 ], [ 760529.437086543999612, 3788298.444582070689648 ], [ 760544.798587083932944, 3788298.871081645134836 ], [ 760545.055255254497752, 3788289.626767448615283 ], [ 760552.736013414687477, 3788289.840026441495866 ], [ 760552.992688616621308, 3788280.595712094567716 ], [ 760560.673454564064741, 3788280.808977142442018 ], [ 760560.930136797600426, 3788271.56466264417395 ], [ 760583.972458616364747, 3788272.204494854435325 ], [ 760583.715753632597625, 3788281.44881008984521 ], [ 760606.758054539212026, 3788282.088699744548649 ], [ 760606.501326253288426, 3788291.333015811629593 ], [ 760614.182086046901532, 3788291.546325210481882 ], [ 760613.411875126417726, 3788319.27927472256124 ], [ 760621.092612374573946, 3788319.492591159418225 ], [ 760620.322373735485598, 3788347.225542266853154 ], [ 760597.28023085615132, 3788346.585609644185752 ] ], [ [ 760651.045233767013997, 3788348.078873973339796 ], [ 760651.3020108663477, 3788338.834555859677494 ], [ 760643.621287968242541, 3788338.621213727630675 ], [ 760644.905127265257761, 3788292.399625814054161 ], [ 760652.585888080880977, 3788292.612966717220843 ], [ 760651.815563408425078, 3788320.345919916871935 ], [ 760659.496301677310839, 3788320.559267858043313 ], [ 760659.239518098882399, 3788329.803586028050631 ], [ 760666.920248989132233, 3788330.016940516419709 ], [ 760666.663457275019027, 3788339.261259026825428 ], [ 760658.982733968179673, 3788339.047904293052852 ], [ 760658.72594928543549, 3788348.292222653049976 ], [ 760651.045233767013997, 3788348.078873973339796 ] ], [ [ 760443.922564308624715, 3788333.07652987819165 ], [ 760444.179136101389304, 3788323.832218495197594 ], [ 760436.498411133186892, 3788323.619046730455011 ], [ 760436.754974790848792, 3788314.374735688325018 ], [ 760421.39351030124817, 3788313.948411553166807 ], [ 760421.906605627853423, 3788295.459790737368166 ], [ 760467.991092549054883, 3788296.73883580416441 ], [ 760467.734499661019072, 3788305.983147638849914 ], [ 760475.415240611881018, 3788306.196344115305692 ], [ 760475.158639588858932, 3788315.440656289923936 ], [ 760452.116440098034218, 3788314.801085026469082 ], [ 760451.603281897376291, 3788333.289708188734949 ], [ 760443.922564308624715, 3788333.07652987819165 ] ], [ [ 760383.246362669509836, 3788303.638402251992375 ], [ 760383.502872139913961, 3788294.39409311953932 ], [ 760375.822126055019908, 3788294.1809724974446 ], [ 760376.078627390437759, 3788284.936663707252592 ], [ 760368.397873925510794, 3788284.723549632821232 ], [ 760368.654367126175202, 3788275.479241183027625 ], [ 760322.569805123959668, 3788274.200690522324294 ], [ 760322.826252272818238, 3788264.956383640412241 ], [ 760345.868555105524138, 3788265.595629880670458 ], [ 760346.381493249093182, 3788247.107014929875731 ], [ 760369.42384341894649, 3788247.74631640361622 ], [ 760369.680334413424134, 3788238.502008332870901 ], [ 760385.041917380061932, 3788238.928240327630192 ], [ 760384.785411218879744, 3788248.172548889648169 ], [ 760400.146979835350066, 3788248.59880657820031 ], [ 760399.890457956003956, 3788257.843115724623203 ], [ 760407.571234987350181, 3788258.056254264898598 ], [ 760407.058174406993203, 3788276.544873337261379 ], [ 760399.377412542467937, 3788276.331734304782003 ], [ 760399.120889008394442, 3788285.576043736655265 ], [ 760391.440134931821376, 3788285.362910759169608 ], [ 760390.927101375767961, 3788303.851529418956488 ], [ 760383.246362669509836, 3788303.638402251992375 ] ], [ [ 760398.864364922628738, 3788294.820353263989091 ], [ 760399.120889008394442, 3788285.576043736655265 ], [ 760406.801643289625645, 3788285.789183014538139 ], [ 760406.545111620565876, 3788295.033492787741125 ], [ 760398.864364922628738, 3788294.820353263989091 ] ], [ [ 760400.146979835350066, 3788248.59880657820031 ], [ 760400.403501163236797, 3788239.354497525375336 ], [ 760392.722709169844165, 3788239.141365775838494 ], [ 760392.979222362861037, 3788229.897057065274566 ], [ 760408.340821720659733, 3788230.323326372541487 ], [ 760408.084293361054733, 3788239.567635575309396 ], [ 760415.765085763065144, 3788239.780779925640672 ], [ 760415.508549268823117, 3788249.025089468341321 ], [ 760400.146979835350066, 3788248.59880657820031 ] ], [ [ 760316.427674627513625, 3788218.521782412659377 ], [ 760316.684110884787515, 3788209.277476348914206 ], [ 760309.003298385883681, 3788209.064414644148201 ], [ 760309.516154079930857, 3788190.575803291518241 ], [ 760324.8778096139431, 3788191.001932019833475 ], [ 760324.62136687617749, 3788200.246238138992339 ], [ 760332.30218736641109, 3788200.459312197752297 ], [ 760331.789285070262849, 3788218.947925214655697 ], [ 760316.427674627513625, 3788218.521782412659377 ] ], [ [ 760247.556805741740391, 3788207.360147833358496 ], [ 760247.813173198723234, 3788198.115844073705375 ], [ 760255.493991648661904, 3788198.328855127561837 ], [ 760255.750366137363017, 3788189.084551218431443 ], [ 760263.431192373856902, 3788189.297568327281624 ], [ 760263.174810301978141, 3788198.541872481349856 ], [ 760270.855629159836099, 3788198.754896136466414 ], [ 760270.59923895332031, 3788207.99920063233003 ], [ 760247.556805741740391, 3788207.360147833358496 ] ], [ [ 760347.920294445124455, 3788191.641172365285456 ], [ 760348.176759380963631, 3788182.396865603514016 ], [ 760309.772581099765375, 3788181.33149775955826 ], [ 760310.02900756825693, 3788172.087192320730537 ], [ 760333.071536674862728, 3788172.726393389515579 ], [ 760333.327985341427848, 3788163.482087310403585 ], [ 760348.68968759838026, 3788163.90825236774981 ], [ 760348.433223765459843, 3788173.1525589376688 ], [ 760371.475755933206528, 3788173.791854516603053 ], [ 760371.732242515659891, 3788164.547547209076583 ], [ 760379.413094563176855, 3788164.760658090934157 ], [ 760379.156600397429429, 3788174.004965643398464 ], [ 760386.837445065262727, 3788174.218083071522415 ], [ 760386.580942764878273, 3788183.462390964850783 ], [ 760378.900105680222623, 3788183.249273291323334 ], [ 760378.643610411556438, 3788192.493581035640091 ], [ 760347.920294445124455, 3788191.641172365285456 ] ], [ [ 760302.348164940602146, 3788171.874137900769711 ], [ 760302.604583274573088, 3788162.629832803737372 ], [ 760310.285433485289104, 3788162.842886979226023 ], [ 760310.02900756825693, 3788172.087192320730537 ], [ 760302.348164940602146, 3788171.874137900769711 ] ], [ [ 760402.712168292608112, 3788156.155720345210284 ], [ 760402.968684104736894, 3788146.911412245593965 ], [ 760410.649552135029808, 3788147.124547839164734 ], [ 760410.393028739839792, 3788156.368856184650213 ], [ 760402.712168292608112, 3788156.155720345210284 ] ] ] } },
{ "type": "Feature", "properties": { "Code": 50, "type": "urbain" }, "geometry": { "type": "Polygon", "coordinates": [ [ [ 759651.26769162598066, 3788089.077553081326187 ], [ 759651.523461547447369, 3788079.833269500173628 ], [ 759666.885233688633889, 3788080.258309622760862 ], [ 759666.629448601510376, 3788089.502593694720417 ], [ 759651.26769162598066, 3788089.077553081326187 ] ] ] } },
{ "type": "Feature", "properties": { "Code": 60, "type": "bare" }, "geometry": { "type": "Polygon", "coordinates": [ [ [ 759981.545646101934835, 3788098.221480151638389 ], [ 759981.801742089679465, 3788088.977186030242592 ], [ 759989.482636816333979, 3788089.189973863307387 ], [ 759989.226533245644532, 3788098.434268230572343 ], [ 759981.545646101934835, 3788098.221480151638389 ] ] ] } },
{ "type": "Feature", "properties": { "Code": 30, "type": "prairie" }, "geometry": { "type": "Polygon", "coordinates": [ [ [ 760011.756941609201021, 3788117.561260759364814 ], [ 760050.161307613714598, 3788118.62539262091741 ], [ 760050.417472949833609, 3788109.381096099969 ], [ 760058.098354345653206, 3788109.593941128347069 ], [ 760057.842181426356547, 3788118.838237894233316 ], [ 760080.884804087341763, 3788119.476811518426985 ], [ 760081.140999755705707, 3788110.232514017261565 ], [ 760073.460117748356424, 3788110.019650087226182 ], [ 760073.716305282898247, 3788100.775352926924825 ], [ 760042.992748961085454, 3788099.923961193766445 ], [ 760043.248905612737872, 3788090.679665109142661 ], [ 759997.16353174764663, 3788089.402767996769398 ], [ 759996.907420593895949, 3788098.647062608972192 ], [ 760004.588308145757765, 3788098.859863288234919 ], [ 760004.332188858417794, 3788108.104158240370452 ], [ 760012.013069030479528, 3788108.316965465433896 ], [ 760011.756941609201021, 3788117.561260759364814 ] ] ] } },
{ "type": "Feature", "properties": { "Code": 20, "type": "foret_claire" }, "geometry": { "type": "Polygon", "coordinates": [ [ [ 759021.691504218615592, 3788062.428323164116591 ], [ 759021.946651798440143, 3788053.184059741906822 ], [ 759037.308405763003975, 3788053.608066107612103 ], [ 759037.053243017406203, 3788062.852330018300563 ], [ 759021.691504218615592, 3788062.428323164116591 ] ] ] } },
{ "type": "Feature", "properties": { "Code": 20, "type": "foret_claire" }, "geometry": { "type": "Polygon", "coordinates": [ [ [ 760027.887113508419134, 3788090.25400753505528 ], [ 760028.143254443304613, 3788081.009712037630379 ], [ 760043.505061713629402, 3788081.435369119979441 ], [ 760043.248905612737872, 3788090.679665109142661 ], [ 760027.887113508419134, 3788090.25400753505528 ] ] ] } },
{ "type": "Feature", "properties": { "Code": 30, "type": "prairie" }, "geometry": { "type": "Polygon", "coordinates": [ [ [ 760458.017600797233172, 3788102.181946040131152 ], [ 760458.274166381219402, 3788092.93763679265976 ], [ 760473.635996500728652, 3788093.363999539986253 ], [ 760473.37941575050354, 3788102.608309279661626 ], [ 760458.017600797233172, 3788102.181946040131152 ] ] ] } },
{ "type": "Feature", "properties": { "Code": 50, "type": "urbain" }, "geometry": { "type": "Polygon", "coordinates": [ [ [ 759142.798539656680077, 3788130.530957644339651 ], [ 759150.479359124903567, 3788130.743060438893735 ], [ 759150.734639454400167, 3788121.498792193364352 ], [ 759166.096294165006839, 3788121.92301619425416 ], [ 759165.840998669737019, 3788131.167284929193556 ], [ 759173.521818747278303, 3788131.379406625404954 ], [ 759173.777121825376526, 3788122.13513764552772 ], [ 759189.138777755084448, 3788122.559399450197816 ], [ 759189.394095450174063, 3788113.315130075905472 ], [ 759197.074931302340701, 3788113.527270184829831 ], [ 759196.819606024422683, 3788122.771539801731706 ], [ 759204.500434497487731, 3788122.983686455059797 ], [ 759204.755767358350568, 3788113.739416593220085 ], [ 759212.43660361750517, 3788113.951569301541895 ], [ 759212.691943512065336, 3788104.707299289293587 ], [ 759220.372787556843832, 3788104.919458055403084 ], [ 759220.628134485101327, 3788095.675187894143164 ], [ 759235.989838350331411, 3788096.099523835815489 ], [ 759236.500560891348869, 3788077.610982824116945 ], [ 759244.181428294163197, 3788077.823159757070243 ], [ 759243.92605971544981, 3788087.067430458497256 ], [ 759251.606919739162549, 3788087.279613935388625 ], [ 759252.117671513231471, 3788068.791072136256844 ], [ 759267.479422501288354, 3788069.215457013808191 ], [ 759267.734812730224803, 3788059.971185768488795 ], [ 759298.458347476436757, 3788060.820030149072409 ], [ 759298.969186949077994, 3788042.331485986709595 ], [ 759275.926490088109858, 3788041.69484471809119 ], [ 759275.671093374723569, 3788050.939116018358618 ], [ 759252.628421090892516, 3788050.30253071943298 ], [ 759252.373046576743945, 3788059.546801380347461 ], [ 759244.692163804429583, 3788059.334618636872619 ], [ 759244.436796323861927, 3788068.578889148309827 ], [ 759221.394171976018697, 3788067.942377987317741 ], [ 759221.138826694805175, 3788077.186647861730307 ], [ 759213.457959901657887, 3788076.974489829968661 ], [ 759213.20262165425811, 3788086.21875955350697 ], [ 759190.160045241238549, 3788085.582322529051453 ], [ 759189.904729193309322, 3788094.826591616030782 ], [ 759174.543027766398154, 3788094.402331279125065 ], [ 759174.287726334994659, 3788103.646599971689284 ], [ 759105.160148215596564, 3788101.737738126888871 ], [ 759105.415381401311606, 3788092.493471634574234 ], [ 759051.649445603135973, 3788091.0091558448039 ], [ 759051.394265497219749, 3788100.253420626278967 ], [ 759082.117625831859186, 3788101.101564253680408 ], [ 759081.862414845731109, 3788110.345830108504742 ], [ 759143.309084601234645, 3788112.042421737220138 ], [ 759142.798539656680077, 3788130.530957644339651 ] ] ] } },
{ "type": "Feature", "properties": { "Code": 30, "type": "prairie" }, "geometry": { "type": "Polygon", "coordinates": [ [ [ 759611.584634466678835, 3788134.236475020647049 ], [ 759634.627153437468223, 3788134.873954557348043 ], [ 759634.882910942891613, 3788125.629670989234 ], [ 759642.563758590258658, 3788125.84217652445659 ], [ 759643.586813443340361, 3788088.865042225923389 ], [ 759651.26769162598066, 3788089.077553081326187 ], [ 759651.523461547447369, 3788079.833269500173628 ], [ 759666.885233688633889, 3788080.258309622760862 ], [ 759667.396802212693729, 3788061.769741767086089 ], [ 759675.077703753951937, 3788061.982270789798349 ], [ 759675.589285243768245, 3788043.493702824227512 ], [ 759683.270202155108564, 3788043.706237656064332 ], [ 759683.525999657809734, 3788034.461953572928905 ], [ 759706.568774361046962, 3788035.099595138803124 ], [ 759707.336231813998893, 3788007.366741253994405 ], [ 759699.655283960630186, 3788007.154188499320298 ], [ 759699.399472942575812, 3788016.398472788278013 ], [ 759676.356653353082947, 3788015.760851593222469 ], [ 759675.845075163641013, 3788034.249418986029923 ], [ 759668.164150873781182, 3788034.036890698131174 ], [ 759667.652585649630055, 3788052.525457981973886 ], [ 759644.609859497053549, 3788051.887909453827888 ], [ 759644.354098808486015, 3788061.132192504126579 ], [ 759636.673198080738075, 3788060.91968868393451 ], [ 759636.161690219654702, 3788079.408254578709602 ], [ 759620.799919707351364, 3788078.983264859765768 ], [ 759620.544180117663927, 3788088.227547461632639 ], [ 759589.820671865716577, 3788087.377642649225891 ], [ 759589.309251700062305, 3788105.866206178441644 ], [ 759596.990113291656598, 3788106.078673419542611 ], [ 759596.734394800965674, 3788115.322955572512001 ], [ 759604.415249013807625, 3788115.535429359879345 ], [ 759604.159522390342318, 3788124.779711854178458 ], [ 759611.840369223034941, 3788124.992192186880857 ], [ 759611.584634466678835, 3788134.236475020647049 ] ] ] } },
{ "type": "Feature", "properties": { "Code": 50, "type": "urbain" }, "geometry": { "type": "Polygon", "coordinates": [ [ [ 759748.304536717361771, 3788193.527928275521845 ], [ 759755.985334336874075, 3788193.740530034527183 ], [ 759756.241216471418738, 3788184.496241972781718 ], [ 759763.922021877486259, 3788184.708849786780775 ], [ 759764.177911044913344, 3788175.464561576023698 ], [ 759756.49709805555176, 3788175.251954007893801 ], [ 759756.752979089622386, 3788166.007666137535125 ], [ 759779.79544141725637, 3788166.645507010165602 ], [ 759779.539537634002045, 3788175.88979561580345 ], [ 759787.220351234194823, 3788176.102422086521983 ], [ 759787.476262600626796, 3788166.858133235946298 ], [ 759802.837905577616766, 3788167.28340458823368 ], [ 759802.581979045062326, 3788176.527693928685039 ], [ 759810.262793255620636, 3788176.740339301992208 ], [ 759810.518727371236309, 3788167.496049715671688 ], [ 759818.199549369164743, 3788167.708701143041253 ], [ 759818.455490517662838, 3788158.464411407709122 ], [ 759856.8596414757194, 3788159.527761829551309 ], [ 759857.11561998911202, 3788150.283470964059234 ], [ 759880.158135758014396, 3788150.921556087676436 ], [ 759880.414136470062658, 3788141.67726458190009 ], [ 759903.456676821690053, 3788142.315405676141381 ], [ 759903.712699732277542, 3788133.071113529149443 ], [ 759911.393554506241344, 3788133.283839583862573 ], [ 759911.137524012476206, 3788142.528131975326687 ], [ 759934.180066808359697, 3788143.166348674800247 ], [ 759934.43612005119212, 3788133.922055547591299 ], [ 759942.116975640761666, 3788134.134806803893298 ], [ 759942.373035916127264, 3788124.890513526275754 ], [ 759965.415626655914821, 3788125.528804361820221 ], [ 759965.671709129819646, 3788116.28451044484973 ], [ 760004.076069020084105, 3788117.348453288897872 ], [ 760003.81994863122236, 3788126.592748432420194 ], [ 760011.500813637278043, 3788126.805556148756295 ], [ 760010.988556041149423, 3788145.294147212989628 ], [ 760041.711957440478727, 3788146.145443045068532 ], [ 760041.968116846401244, 3788136.901146482676268 ], [ 760049.648975288495421, 3788137.113985946867615 ], [ 760049.905141726485454, 3788127.869689235463738 ], [ 760057.586007956182584, 3788128.082534754648805 ], [ 760057.842181426356547, 3788118.838237894233316 ], [ 760011.756941609201021, 3788117.561260759364814 ], [ 760012.013069030479528, 3788108.316965465433896 ], [ 760004.332188858417794, 3788108.104158240370452 ], [ 760004.588308145757765, 3788098.859863288234919 ], [ 759996.907420593895949, 3788098.647062608972192 ], [ 759997.16353174764663, 3788089.402767996769398 ], [ 760004.844426882453263, 3788089.615568430162966 ], [ 760005.100545068504289, 3788080.371273667551577 ], [ 759997.419642350636423, 3788080.158473480027169 ], [ 759997.931861904449761, 3788061.669884731993079 ], [ 759990.250944224535488, 3788061.45709133381024 ], [ 759990.507045592414215, 3788052.212797347456217 ], [ 759975.145195678807795, 3788051.78722994402051 ], [ 759974.120847566286102, 3788088.764404497575015 ], [ 759966.439953247085214, 3788088.551629266235977 ], [ 759966.183872425346635, 3788097.7959228977561 ], [ 759950.822099563316442, 3788097.370390844997019 ], [ 759950.566033356823027, 3788106.614684079308063 ], [ 759935.20427647640463, 3788106.189176738727838 ], [ 759934.948224885156378, 3788115.433469578623772 ], [ 759911.905613842187449, 3788114.795255086384714 ], [ 759911.64958444959484, 3788124.039547285996377 ], [ 759888.606997988652438, 3788123.401388762518764 ], [ 759888.350990794482641, 3788132.645680323708802 ], [ 759865.308428916730918, 3788132.00757776806131 ], [ 759866.332363394321874, 3788095.030415042769164 ], [ 759858.651479510124773, 3788094.817727772984654 ], [ 759858.907454170519486, 3788085.573437574319541 ], [ 759851.226562906987965, 3788085.360756850335747 ], [ 759850.202691294951364, 3788122.337917233817279 ], [ 759842.521830567857251, 3788122.125241829548031 ], [ 759842.265868871822022, 3788131.369531919248402 ], [ 759857.627575364429504, 3788131.794889518525451 ], [ 759857.371597951976582, 3788141.039180194027722 ], [ 759834.329061267198995, 3788140.401152510661632 ], [ 759834.073106053518131, 3788149.645442544016987 ], [ 759803.349756991723552, 3788148.794826193712652 ], [ 759803.093831559759565, 3788158.039115342777222 ], [ 759772.370516087510623, 3788157.188598820473999 ], [ 759773.905878432095051, 3788101.72287123510614 ], [ 759781.586752492934465, 3788101.935489444993436 ], [ 759781.842651874059811, 3788092.691201604437083 ], [ 759797.204415771760978, 3788093.116456433199346 ], [ 759797.460329768713564, 3788083.872168195899576 ], [ 759789.779440135345794, 3788083.659537876490504 ], [ 759790.035345998825505, 3788074.415249980054796 ], [ 759774.673552175983787, 3788073.990008730906993 ], [ 759774.417661478277296, 3788083.234296138398349 ], [ 759766.736772455857135, 3788083.021684719249606 ], [ 759766.480888790683821, 3788092.265971975866705 ], [ 759758.800007554353215, 3788092.053366613108665 ], [ 759758.544130921945907, 3788101.297653718851507 ], [ 759743.18238422635477, 3788100.872461404185742 ], [ 759742.926522209774703, 3788110.116748116910458 ], [ 759750.607387872412801, 3788110.329341369215399 ], [ 759750.351517722709104, 3788119.573628420010209 ], [ 759742.670659642899409, 3788119.361034924164414 ], [ 759742.158932858728804, 3788137.84960882505402 ], [ 759734.47809014795348, 3788137.637021138798445 ], [ 759734.222233513719402, 3788146.881307986564934 ], [ 759726.541398590663448, 3788146.66872635576874 ], [ 759725.517996884183958, 3788183.64587372308597 ], [ 759748.560411268728785, 3788184.283640459179878 ], [ 759748.304536717361771, 3788193.527928275521845 ] ], [ [ 759919.074409484630451, 3788133.496571937575936 ], [ 759919.33044701081235, 3788124.252279394771904 ], [ 759927.011309774708934, 3788124.465017805807292 ], [ 759926.755264665465802, 3788133.709310592152178 ], [ 759919.074409484630451, 3788133.496571937575936 ] ], [ [ 759981.545646101934835, 3788098.221480151638389 ], [ 759981.801742089679465, 3788088.977186030242592 ], [ 759989.482636816333979, 3788089.189973863307387 ], [ 759989.226533245644532, 3788098.434268230572343 ], [ 759981.545646101934835, 3788098.221480151638389 ] ] ] } },
{ "type": "Feature", "properties": { "Code": 20, "type": "foret_claire" }, "geometry": { "type": "Polygon", "coordinates": [ [ [ 760955.220517312409356, 3788190.00625719036907 ], [ 760978.263097905088216, 3788190.647046038415283 ], [ 760978.520183564047329, 3788181.402719303034246 ], [ 761001.56278874783311, 3788182.043564119376242 ], [ 761001.819896603934467, 3788172.799236740451306 ], [ 761009.500772991217673, 3788173.01286403555423 ], [ 761011.557676603086293, 3788099.058246454689652 ], [ 761003.876739549916238, 3788098.844621130730957 ], [ 761003.105427591479383, 3788126.577601272147149 ], [ 760995.424513492616825, 3788126.363981509115547 ], [ 760995.167415983974934, 3788135.608308165334165 ], [ 760979.805603567045182, 3788135.1810870510526 ], [ 760979.548520671902224, 3788144.425413310993463 ], [ 760987.22941919520963, 3788144.639020964037627 ], [ 760986.972328164265491, 3788153.883347565773875 ], [ 760971.61054648924619, 3788153.456138067413121 ], [ 760971.353470072033815, 3788162.700464272871614 ], [ 760963.672587124397978, 3788162.486868728417903 ], [ 760963.415517737506889, 3788171.731194781605154 ], [ 760932.692018326255493, 3788170.876874627545476 ], [ 760933.720171224791557, 3788133.899574923329055 ], [ 760918.358362081460655, 3788133.472454620990902 ], [ 760918.615383757976815, 3788124.22813042672351 ], [ 760910.934471909888089, 3788124.01457997225225 ], [ 760910.163427972001955, 3788151.747552104759961 ], [ 760917.844317070441321, 3788151.961103297770023 ], [ 760917.33026984881144, 3788170.449752355460078 ], [ 760909.649395916843787, 3788170.236200670711696 ], [ 760909.392379060271196, 3788179.480525095481426 ], [ 760955.477580221486278, 3788180.761931193526834 ], [ 760955.220517312409356, 3788190.00625719036907 ] ] ] } },
{ "type": "Feature", "properties": { "Code": 10, "type": "foret" }, "geometry": { "type": "Polygon", "coordinates": [ [ [ 759681.735405588056892, 3788099.171944164671004 ], [ 759682.502806346863508, 3788071.439090481959283 ], [ 759713.226385032292455, 3788072.289295758586377 ], [ 759713.482214516610838, 3788063.045010407455266 ], [ 759751.886730368481949, 3788064.107907537836581 ], [ 759752.142597216879949, 3788054.863621056545526 ], [ 759775.18533192074392, 3788055.501434204168618 ], [ 759774.417661478277296, 3788083.234296138398349 ], [ 759766.736772455857135, 3788083.021684719249606 ], [ 759766.480888790683821, 3788092.265971975866705 ], [ 759751.119126521400176, 3788091.84076755028218 ], [ 759750.863257472054102, 3788101.085054411552846 ], [ 759681.735405588056892, 3788099.171944164671004 ] ] ] } },
{ "type": "Feature", "properties": { "Code": 10, "type": "foret" }, "geometry": { "type": "Polygon", "coordinates": [ [ [ 759888.606997988652438, 3788123.401388762518764 ], [ 759911.64958444959484, 3788124.039547285996377 ], [ 759911.905613842187449, 3788114.795255086384714 ], [ 759934.948224885156378, 3788115.433469578623772 ], [ 759935.20427647640463, 3788106.189176738727838 ], [ 759950.566033356823027, 3788106.614684079308063 ], [ 759950.822099563316442, 3788097.370390844997019 ], [ 759966.183872425346635, 3788097.7959228977561 ], [ 759966.439953247085214, 3788088.551629266235977 ], [ 759974.120847566286102, 3788088.764404497575015 ], [ 759975.145195678807795, 3788051.78722994402051 ], [ 759959.783346580341458, 3788051.361687743104994 ], [ 759959.527275544009171, 3788060.605980748776346 ], [ 759951.84635888307821, 3788060.393218853510916 ], [ 759951.078165219165385, 3788088.126097703352571 ], [ 759943.397271511377767, 3788087.913341372739524 ], [ 759943.90938600548543, 3788069.424755868501961 ], [ 759928.547568868147209, 3788068.999263090547174 ], [ 759928.291527062421665, 3788078.243555304594338 ], [ 759897.567925566807389, 3788077.392644374165684 ], [ 759897.311913542216644, 3788086.636935702059418 ], [ 759881.95012918242719, 3788086.211517549585551 ], [ 759881.694131773198023, 3788095.455808483995497 ], [ 759874.013247481547296, 3788095.243108612950891 ], [ 759873.757257104967721, 3788104.487399395555258 ], [ 759881.43813381367363, 3788104.70009951107204 ], [ 759881.182135303504765, 3788113.944390636868775 ], [ 759888.863004632177763, 3788114.157097297720611 ], [ 759888.606997988652438, 3788123.401388762518764 ] ] ] } },
{ "type": "Feature", "properties": { "Code": 50, "type": "urbain" }, "geometry": { "type": "Polygon", "coordinates": [ [ [ 760449.823575969552621, 3788120.457392162643373 ], [ 760450.336693626595661, 3788101.968773872591555 ], [ 760473.37941575050354, 3788102.608309279661626 ], [ 760474.149156345752999, 3788074.875380345154554 ], [ 760497.191948555293493, 3788075.514970246236771 ], [ 760496.935346159269102, 3788084.759280533529818 ], [ 760504.616269720718265, 3788084.972490013111383 ], [ 760504.359659190056846, 3788094.216800641734153 ], [ 760512.040575373219326, 3788094.430016667116433 ], [ 760511.783956707688048, 3788103.674327635671943 ], [ 760496.422139712260105, 3788103.247901391703635 ], [ 760496.165535661159083, 3788112.492211963515729 ], [ 760473.122834448702633, 3788111.85261911386624 ], [ 760472.866252594976686, 3788121.096929043531418 ], [ 760449.823575969552621, 3788120.457392162643373 ] ] ] } },
{ "type": "Feature", "properties": { "Code": 20, "type": "foret_claire" }, "geometry": { "type": "Polygon", "coordinates": [ [ [ 759866.076380600570701, 3788104.274705579504371 ], [ 759873.757257104967721, 3788104.487399395555258 ], [ 759874.013247481547296, 3788095.243108612950891 ], [ 759881.694131773198023, 3788095.455808483995497 ], [ 759881.95012918242719, 3788086.211517549585551 ], [ 759897.311913542216644, 3788086.636935702059418 ], [ 759897.567925566807389, 3788077.392644374165684 ], [ 759920.610626383684576, 3788078.030818121507764 ], [ 759920.866660606465302, 3788068.786526152398437 ], [ 759874.781215309049003, 3788067.510236834641546 ], [ 759874.525226583704352, 3788076.754527331329882 ], [ 759866.844327330472879, 3788076.54183425148949 ], [ 759866.58834563754499, 3788085.786124599166214 ], [ 759858.907454170519486, 3788085.573437574319541 ], [ 759858.651479510124773, 3788094.817727772984654 ], [ 759866.332363394321874, 3788095.030415042769164 ], [ 759866.076380600570701, 3788104.274705579504371 ] ] ] } },
{ "type": "Feature", "properties": { "Code": 50, "type": "urbain" }, "geometry": { "type": "Polygon", "coordinates": [ [ [ 760250.376817448297516, 3788105.672811724245548 ], [ 760250.889539683237672, 3788087.184206396341324 ], [ 760258.570449130609632, 3788087.39721450349316 ], [ 760259.083184326300398, 3788068.908609065227211 ], [ 760266.764109143172391, 3788069.121622981969267 ], [ 760266.507734237820841, 3788078.36592589924112 ], [ 760274.188651676056907, 3788078.578946362249553 ], [ 760273.675885045551695, 3788097.067552971187979 ], [ 760265.994982773321681, 3788096.854532017372549 ], [ 760265.738606214290485, 3788106.098835219629109 ], [ 760250.376817448297516, 3788105.672811724245548 ] ] ] } },
{ "type": "Feature", "properties": { "Code": 50, "type": "urbain" }, "geometry": { "type": "Polygon", "coordinates": [ [ [ 759666.885233688633889, 3788080.258309622760862 ], [ 759667.396802212693729, 3788061.769741767086089 ], [ 759675.077703753951937, 3788061.982270789798349 ], [ 759675.589285243768245, 3788043.493702824227512 ], [ 759683.270202155108564, 3788043.706237656064332 ], [ 759683.525999657809734, 3788034.461953572928905 ], [ 759706.568774361046962, 3788035.099595138803124 ], [ 759706.05713330861181, 3788053.58816487248987 ], [ 759698.376223369501531, 3788053.3756108940579 ], [ 759698.120409601018764, 3788062.61989565892145 ], [ 759682.758605499635451, 3788062.194806112442166 ], [ 759682.502806346863508, 3788071.439090481959283 ], [ 759674.821912184124812, 3788071.226554914843291 ], [ 759674.566120064118877, 3788080.470839134883136 ], [ 759666.885233688633889, 3788080.258309622760862 ] ] ] } },
{ "type": "Feature", "properties": { "Code": 30, "type": "prairie" }, "geometry": { "type": "Polygon", "coordinates": [ [ [ 759842.521830567857251, 3788122.125241829548031 ], [ 759850.202691294951364, 3788122.337917233817279 ], [ 759851.226562906987965, 3788085.360756850335747 ], [ 759866.58834563754499, 3788085.786124599166214 ], [ 759866.844327330472879, 3788076.54183425148949 ], [ 759874.525226583704352, 3788076.754527331329882 ], [ 759874.781215309049003, 3788067.510236834641546 ], [ 759859.419401839841157, 3788067.084857464767992 ], [ 759859.675374849000946, 3788057.840567552018911 ], [ 759828.951720024109818, 3788056.98988540051505 ], [ 759828.695777346729301, 3788066.234174333512783 ], [ 759813.333966321428306, 3788065.808870570734143 ], [ 759812.822109647095203, 3788084.297447738237679 ], [ 759828.183890340616927, 3788084.722752481233329 ], [ 759827.9279460121179, 3788093.96704169921577 ], [ 759835.60882908036001, 3788094.179703766480088 ], [ 759835.352876618504524, 3788103.423993323929608 ], [ 759843.033752308576368, 3788103.636661937460303 ], [ 759842.521830567857251, 3788122.125241829548031 ] ] ] } },
{ "type": "Feature", "properties": { "Code": 60, "type": "bare" }, "geometry": { "type": "Polygon", "coordinates": [ [ [ 759943.397271511377767, 3788087.913341372739524 ], [ 759943.90938600548543, 3788069.424755868501961 ], [ 759951.590294878929853, 3788069.637511708308011 ], [ 759951.078165219165385, 3788088.126097703352571 ], [ 759943.397271511377767, 3788087.913341372739524 ] ] ] } },
{ "type": "Feature", "properties": { "Code": 10, "type": "foret" }, "geometry": { "type": "Polygon", "coordinates": [ [ [ 760711.487652000505477, 3788109.220162251032889 ], [ 760712.001283100806177, 3788090.731527623254806 ], [ 760735.044071560027078, 3788091.371704219840467 ], [ 760734.787233536830172, 3788100.616022224072367 ], [ 760750.149078364716843, 3788101.042838618159294 ], [ 760749.892224623006769, 3788110.287157209124416 ], [ 760711.487652000505477, 3788109.220162251032889 ] ] ] } },
{ "type": "Feature", "properties": { "Code": 50, "type": "urbain" }, "geometry": { "type": "Polygon", "coordinates": [ [ [ 758967.670329768327065, 3788070.188759442418814 ], [ 758975.351190062472597, 3788070.400715861003846 ], [ 758976.116496313363314, 3788042.66792999394238 ], [ 758968.435613270848989, 3788042.455974308308214 ], [ 758969.200891836546361, 3788014.723190033808351 ], [ 758961.519986249506474, 3788014.511241380125284 ], [ 758961.775070425122976, 3788005.26698039053008 ], [ 758954.094157457933761, 3788005.05503828311339 ], [ 758952.818769008619711, 3788051.276342964265496 ], [ 758960.499644062365405, 3788051.488286293111742 ], [ 758960.244557144353166, 3788060.732547759078443 ], [ 758967.925424817716703, 3788060.944497634191066 ], [ 758967.670329768327065, 3788070.188759442418814 ] ] ] } },
{ "type": "Feature", "properties": { "Code": 20, "type": "foret_claire" }, "geometry": { "type": "Polygon", "coordinates": [ [ [ 759037.308405763003975, 3788053.608066107612103 ], [ 759038.073890707688406, 3788025.875274947378784 ], [ 759045.754790742299519, 3788026.087286848109215 ], [ 759045.499622060102411, 3788035.331550717819482 ], [ 759053.180514715844765, 3788035.543569162487984 ], [ 759052.925337902153842, 3788044.787833371199667 ], [ 759045.244452829123475, 3788044.57581468205899 ], [ 759044.989283049479127, 3788053.820078741293401 ], [ 759037.308405763003975, 3788053.608066107612103 ] ] ] } },
{ "type": "Feature", "properties": { "Code": 50, "type": "urbain" }, "geometry": { "type": "Polygon", "coordinates": [ [ [ 760219.909573426353745, 3788095.576538606546819 ], [ 760235.271375725627877, 3788096.002511208411306 ], [ 760235.784066525986418, 3788077.513907054904848 ], [ 760212.741317884530872, 3788076.874959076754749 ], [ 760212.48499550903216, 3788086.11926036933437 ], [ 760220.165903936140239, 3788086.332236974034458 ], [ 760219.909573426353745, 3788095.576538606546819 ] ] ] } },
{ "type": "Feature", "properties": { "Code": 20, "type": "foret_claire" }, "geometry": { "type": "Polygon", "coordinates": [ [ [ 760596.017262153560296, 3788115.264436245430261 ], [ 760634.421781535260379, 3788116.330959882121533 ], [ 760634.678522082511336, 3788107.086644885130227 ], [ 760626.997610214166343, 3788106.873327802866697 ], [ 760628.024536549579352, 3788069.896069747395813 ], [ 760620.343594553298317, 3788069.682759949471802 ], [ 760620.600317173986696, 3788060.438445920590311 ], [ 760612.919367799535394, 3788060.225142668001354 ], [ 760613.176082285237499, 3788050.980828979052603 ], [ 760597.814168982557021, 3788050.554241868201643 ], [ 760597.557469662977383, 3788059.798555065877736 ], [ 760589.876520900754258, 3788059.585270715411752 ], [ 760589.619828612310812, 3788068.829583761282265 ], [ 760566.577006301376969, 3788068.189767775125802 ], [ 760566.320336209842935, 3788077.434080179780722 ], [ 760558.639403431676328, 3788077.220820540562272 ], [ 760558.126076759072021, 3788095.709445141721517 ], [ 760596.530666864709929, 3788096.775808805134147 ], [ 760596.017262153560296, 3788115.264436245430261 ] ] ] } },
{ "type": "Feature", "properties": { "Code": 20, "type": "foret_claire" }, "geometry": { "type": "Polygon", "coordinates": [ [ [ 761164.919197955285199, 3788112.576407879590988 ], [ 761165.433722762623802, 3788094.087744391988963 ], [ 761188.476570179569535, 3788094.729035473428667 ], [ 761188.733854503021576, 3788085.484703132417053 ], [ 761196.414811634225771, 3788085.698479180689901 ], [ 761196.672102987533435, 3788076.454146689735353 ], [ 761212.034033031319268, 3788076.881717195734382 ], [ 761211.776726511539891, 3788086.126050180289894 ], [ 761204.095768970786594, 3788085.912261529825628 ], [ 761203.838469480979256, 3788095.156594364438206 ], [ 761196.157519727596082, 3788094.942811768501997 ], [ 761195.900227267760783, 3788104.187144451308995 ], [ 761172.857401986257173, 3788103.545833728276193 ], [ 761172.600131722749211, 3788112.79016576660797 ], [ 761164.919197955285199, 3788112.576407879590988 ] ] ] } },
{ "type": "Feature", "properties": { "Code": 50, "type": "urbain" }, "geometry": { "type": "Polygon", "coordinates": [ [ [ 759943.90938600548543, 3788069.424755868501961 ], [ 759944.165442426572554, 3788060.180463258177042 ], [ 759951.84635888307821, 3788060.393218853510916 ], [ 759951.590294878929853, 3788069.637511708308011 ], [ 759943.90938600548543, 3788069.424755868501961 ] ] ] } },
{ "type": "Feature", "properties": { "Code": 60, "type": "bare" }, "geometry": { "type": "Polygon", "coordinates": [ [ [ 759997.675752402865328, 3788070.914179058745503 ], [ 759997.931861904449761, 3788061.669884731993079 ], [ 760005.612779788207263, 3788061.88268442871049 ], [ 760005.356662703678012, 3788071.126979001332074 ], [ 759997.675752402865328, 3788070.914179058745503 ] ] ] } },
{ "type": "Feature", "properties": { "Code": 20, "type": "foret_claire" }, "geometry": { "type": "Polygon", "coordinates": [ [ [ 760496.935346159269102, 3788084.759280533529818 ], [ 760497.705151691567153, 3788057.026349958498031 ], [ 760505.3860980020836, 3788057.2395587018691 ], [ 760505.642706325626932, 3788047.995248453691602 ], [ 760521.004614726407453, 3788048.421684350818396 ], [ 760520.74799123685807, 3788057.66599508933723 ], [ 760513.067044517374597, 3788057.452773744706064 ], [ 760512.553811048856005, 3788075.941395015455782 ], [ 760504.872879699687473, 3788075.728179480414838 ], [ 760504.616269720718265, 3788084.972490013111383 ], [ 760496.935346159269102, 3788084.759280533529818 ] ] ] } },
{ "type": "Feature", "properties": { "Code": 50, "type": "urbain" }, "geometry": { "type": "Polygon", "coordinates": [ [ [ 760543.020890592364594, 3788086.038631925359368 ], [ 760543.277538486523554, 3788076.794320163317025 ], [ 760558.639403431676328, 3788077.220820540562272 ], [ 760558.382740371278487, 3788086.465132794808596 ], [ 760543.020890592364594, 3788086.038631925359368 ] ] ] } },
{ "type": "Feature", "properties": { "Code": 20, "type": "foret_claire" }, "geometry": { "type": "Polygon", "coordinates": [ [ [ 761011.557676603086293, 3788099.058246454689652 ], [ 761011.814787066658027, 3788089.813919684849679 ], [ 761019.495731906965375, 3788090.027551062870771 ], [ 761020.267082729958929, 3788062.294570584315807 ], [ 761027.948050524806604, 3788062.508207525126636 ], [ 761026.919551322469488, 3788099.485516004730016 ], [ 761011.557676603086293, 3788099.058246454689652 ] ] ] } },
{ "type": "Feature", "properties": { "Code": 30, "type": "prairie" }, "geometry": { "type": "Polygon", "coordinates": [ [ [ 761157.495519489049911, 3788103.118324750103056 ], [ 761158.267281461274251, 3788075.385330684483051 ], [ 761165.948245357256383, 3788075.599081283900887 ], [ 761166.205505824880674, 3788066.354749872349203 ], [ 761173.886477508232929, 3788066.568506525829434 ], [ 761174.143745005596429, 3788057.324174963403493 ], [ 761204.867664120509289, 3788058.179263600613922 ], [ 761204.353067907388322, 3788076.66792879300192 ], [ 761196.672102987533435, 3788076.454146689735353 ], [ 761196.414811634225771, 3788085.698479180689901 ], [ 761188.733854503021576, 3788085.484703132417053 ], [ 761188.476570179569535, 3788094.729035473428667 ], [ 761165.433722762623802, 3788094.087744391988963 ], [ 761165.176460635615513, 3788103.332076088525355 ], [ 761157.495519489049911, 3788103.118324750103056 ] ] ] } },
{ "type": "Feature", "properties": { "Code": 20, "type": "foret_claire" }, "geometry": { "type": "Polygon", "coordinates": [ [ [ 761341.838163516134955, 3788108.250095883850008 ], [ 761342.095600057276897, 3788099.005758518353105 ], [ 761349.776553701609373, 3788099.2196608283557 ], [ 761349.519109577289782, 3788108.463998440653086 ], [ 761341.838163516134955, 3788108.250095883850008 ] ] ] } },
{ "type": "Feature", "properties": { "Code": 20, "type": "foret_claire" }, "geometry": { "type": "Polygon", "coordinates": [ [ [ 759053.180514715844765, 3788035.543569162487984 ], [ 759053.690866696764715, 3788017.05504103237763 ], [ 759069.05268294760026, 3788017.479095845483243 ], [ 759069.307873280602507, 3788008.2348314342089 ], [ 759076.988789293565787, 3788008.446868046652526 ], [ 759076.733591377967969, 3788017.691132702399045 ], [ 759084.414500010898337, 3788017.903175859246403 ], [ 759084.159293963923119, 3788027.14744085399434 ], [ 759076.478392913704738, 3788026.935397451743484 ], [ 759076.22319390065968, 3788036.179662298411131 ], [ 759053.180514715844765, 3788035.543569162487984 ] ] ] } },
{ "type": "Feature", "properties": { "Code": 50, "type": "urbain" }, "geometry": { "type": "Polygon", "coordinates": [ [ [ 759306.650086309760809, 3788042.543712344020605 ], [ 759306.905512804863974, 3788033.299440159462392 ], [ 759314.586419951519929, 3788033.511672572698444 ], [ 759314.841853480204009, 3788024.267400241922587 ], [ 759330.203683548257686, 3788024.691883479245007 ], [ 759330.459131693234667, 3788015.447610752657056 ], [ 759345.820977739291266, 3788015.872118702158332 ], [ 759346.076440500444733, 3788006.627845582552254 ], [ 759361.438302525901236, 3788007.052378243766725 ], [ 759361.693779902998358, 3787997.80810473067686 ], [ 759377.05565790773835, 3787998.232662103604525 ], [ 759377.311149901011959, 3787988.988388196565211 ], [ 759392.673043883871287, 3787989.412970282137394 ], [ 759392.41753672529012, 3787998.657244678586721 ], [ 759384.736597214592621, 3787998.444950240198523 ], [ 759384.481097089359537, 3788007.689224488567561 ], [ 759369.119233843870461, 3788007.264654025901109 ], [ 759368.863748334813863, 3788016.508927879389375 ], [ 759361.18282459944021, 3788016.296651852782816 ], [ 759360.92734612361528, 3788025.54092555725947 ], [ 759337.884598886361346, 3788024.904134548269212 ], [ 759337.629142609424889, 3788034.148407612927258 ], [ 759329.948234854149632, 3788033.936156299430877 ], [ 759329.692785610561259, 3788043.180429216474295 ], [ 759306.650086309760809, 3788042.543712344020605 ] ] ] } },
{ "type": "Feature", "properties": { "Code": 50, "type": "urbain" }, "geometry": { "type": "Polygon", "coordinates": [ [ [ 759859.419401839841157, 3788067.084857464767992 ], [ 759874.781215309049003, 3788067.510236834641546 ], [ 759875.549178182263859, 3788039.777365912217647 ], [ 759844.825461064232513, 3788038.926635317970067 ], [ 759844.569504321785644, 3788048.170924548059702 ], [ 759836.888583134161308, 3788047.958257406018674 ], [ 759836.632633424014784, 3788057.20254648802802 ], [ 759859.675374849000946, 3788057.840567552018911 ], [ 759859.419401839841157, 3788067.084857464767992 ] ] ] } },
{ "type": "Feature", "properties": { "Code": 50, "type": "urbain" }, "geometry": { "type": "Polygon", "coordinates": [ [ [ 759997.931861904449761, 3788061.669884731993079 ], [ 759998.700187104986981, 3788033.937002324033529 ], [ 760014.062068573082797, 3788034.362606547772884 ], [ 760014.318191037513316, 3788025.11831211252138 ], [ 760021.999139660503715, 3788025.331123430747539 ], [ 760021.74300961336121, 3788034.57541811093688 ], [ 760029.423950856202282, 3788034.788235974498093 ], [ 760029.16781267512124, 3788044.032530997414142 ], [ 760013.805945558007807, 3788043.606901080347598 ], [ 760013.549821991939098, 3788052.851195706054568 ], [ 760005.868896321975626, 3788052.638389952015132 ], [ 760005.612779788207263, 3788061.88268442871049 ], [ 759997.931861904449761, 3788061.669884731993079 ] ] ] } },
{ "type": "Feature", "properties": { "Code": 20, "type": "foret_claire" }, "geometry": { "type": "Polygon", "coordinates": [ [ [ 758976.626697737723589, 3788024.179406559560448 ], [ 758977.136896967887878, 3788005.690883508417755 ], [ 758992.498724322766066, 3788006.114811825565994 ], [ 758992.243609816534445, 3788015.359073793515563 ], [ 758999.924516216269694, 3788015.571047646924853 ], [ 758999.66939357877709, 3788024.815309953410178 ], [ 758976.626697737723589, 3788024.179406559560448 ] ] ] } },
{ "type": "Feature", "properties": { "Code": 10, "type": "foret" }, "geometry": { "type": "Polygon", "coordinates": [ [ [ 759975.145195678807795, 3788051.78722994402051 ], [ 759975.40128133026883, 3788042.542936545796692 ], [ 759983.082213768386282, 3788042.755716851446778 ], [ 759982.826120533980429, 3788052.000010494608432 ], [ 759975.145195678807795, 3788051.78722994402051 ] ] ] } },
{ "type": "Feature", "properties": { "Code": 60, "type": "bare" }, "geometry": { "type": "Polygon", "coordinates": [ [ [ 759990.250944224535488, 3788061.45709133381024 ], [ 759997.931861904449761, 3788061.669884731993079 ], [ 759998.444079255568795, 3788043.181296364869922 ], [ 759983.082213768386282, 3788042.755716851446778 ], [ 759982.826120533980429, 3788052.000010494608432 ], [ 759990.507045592414215, 3788052.212797347456217 ], [ 759990.250944224535488, 3788061.45709133381024 ] ] ] } },
{ "type": "Feature", "properties": { "Code": 20, "type": "foret_claire" }, "geometry": { "type": "Polygon", "coordinates": [ [ [ 760543.534185828757472, 3788067.550008496735245 ], [ 760543.790832619182765, 3788058.305696926545352 ], [ 760551.471780155668966, 3788058.518943473231047 ], [ 760551.21512578218244, 3788067.7632552892901 ], [ 760543.534185828757472, 3788067.550008496735245 ] ] ] } },
{ "type": "Feature", "properties": { "Code": 50, "type": "urbain" }, "geometry": { "type": "Polygon", "coordinates": [ [ [ 759706.568774361046962, 3788035.099595138803124 ], [ 759707.080413212999701, 3788016.611025786027312 ], [ 759722.442294364213012, 3788017.036150685511529 ], [ 759722.186460047611035, 3788026.280435803346336 ], [ 759714.505526952794753, 3788026.067869958467782 ], [ 759714.249699668958783, 3788035.312154927756637 ], [ 759706.568774361046962, 3788035.099595138803124 ] ] ] } },
{ "type": "Feature", "properties": { "Code": 20, "type": "foret_claire" }, "geometry": { "type": "Polygon", "coordinates": [ [ [ 760044.273526711389422, 3788053.702481723856181 ], [ 760067.316307391040027, 3788054.341012393124402 ], [ 760068.341010670992546, 3788017.36382758943364 ], [ 760045.298138996702619, 3788016.725299865007401 ], [ 760045.041986751602963, 3788025.969595186877996 ], [ 760037.361037517082877, 3788025.756764967925847 ], [ 760036.848746540024877, 3788044.245355406310409 ], [ 760044.529680609004572, 3788044.458186116535217 ], [ 760044.273526711389422, 3788053.702481723856181 ] ] ] } },
{ "type": "Feature", "properties": { "Code": 20, "type": "foret_claire" }, "geometry": { "type": "Polygon", "coordinates": [ [ [ 760313.36250148282852, 3788051.911230298690498 ], [ 760313.618920231936499, 3788042.666926193516701 ], [ 760321.299869226524606, 3788042.879983477294445 ], [ 760321.043442894471809, 3788052.124287827406079 ], [ 760313.36250148282852, 3788051.911230298690498 ] ] ] } },
{ "type": "Feature", "properties": { "Code": 20, "type": "foret_claire" }, "geometry": { "type": "Polygon", "coordinates": [ [ [ 759338.140054614050314, 3788015.659861576743424 ], [ 759338.650964421336539, 3787997.171315923333168 ], [ 759346.331902712117881, 3787997.383572557009757 ], [ 759346.587364374427125, 3787988.139299629721791 ], [ 759369.630203214124776, 3787988.776106604374945 ], [ 759369.374718803795986, 3787998.020380266942084 ], [ 759361.693779902998358, 3787997.80810473067686 ], [ 759361.438302525901236, 3788007.052378243766725 ], [ 759346.076440500444733, 3788006.627845582552254 ], [ 759345.820977739291266, 3788015.872118702158332 ], [ 759338.140054614050314, 3788015.659861576743424 ] ] ] } },
{ "type": "Feature", "properties": { "Code": 30, "type": "prairie" }, "geometry": { "type": "Polygon", "coordinates": [ [ [ 760334.35377449367661, 3788126.504863944835961 ], [ 760349.715537415584549, 3788126.931027037557214 ], [ 760349.971998491324484, 3788117.686720944009721 ], [ 760365.333777396474034, 3788118.112908746581525 ], [ 760365.077301154611632, 3788127.35721533279866 ], [ 760372.758183330413885, 3788127.570318931248039 ], [ 760373.271150428801775, 3788109.081705364398658 ], [ 760365.59025308676064, 3788108.868602257687598 ], [ 760365.846728225704283, 3788099.624295862391591 ], [ 760358.165823505143635, 3788099.411199301481247 ], [ 760358.422290509450249, 3788090.166893247980624 ], [ 760350.741378409438767, 3788089.953803231939673 ], [ 760350.997837279224768, 3788080.709497519303113 ], [ 760335.635998526588082, 3788080.28333688294515 ], [ 760336.148884279769845, 3788061.79472672380507 ], [ 760328.467950043035671, 3788061.581656348425895 ], [ 760328.724384509492666, 3788052.337351657450199 ], [ 760313.36250148282852, 3788051.911230298690498 ], [ 760313.618920231936499, 3788042.666926193516701 ], [ 760298.25702285580337, 3788042.240830528084189 ], [ 760298.513425887562335, 3788032.996527011040598 ], [ 760290.832469922257587, 3788032.783488873858005 ], [ 760291.088864819845185, 3788023.539185697212815 ], [ 760245.003087817458436, 3788022.26109066279605 ], [ 760244.49038846604526, 3788040.74969416577369 ], [ 760252.171335623599589, 3788040.962694743648171 ], [ 760251.914977538050152, 3788050.206996884662658 ], [ 760259.595917317084968, 3788050.420004009269178 ], [ 760259.083184326300398, 3788068.908609065227211 ], [ 760266.764109143172391, 3788069.121622981969267 ], [ 760266.507734237820841, 3788078.36592589924112 ], [ 760274.188651676056907, 3788078.578946362249553 ], [ 760273.419500903459266, 3788106.311856420245022 ], [ 760296.462186194723472, 3788106.950957820750773 ], [ 760296.718593086116016, 3788097.706653635948896 ], [ 760304.39949617406819, 3788097.919699791818857 ], [ 760304.143081699497998, 3788107.164004222955555 ], [ 760319.504873322555795, 3788107.590115927625448 ], [ 760319.248443130636588, 3788116.834420943632722 ], [ 760334.610220403177664, 3788117.260558341629803 ], [ 760334.35377449367661, 3788126.504863944835961 ] ] ] } },
{ "type": "Feature", "properties": { "Code": 20, "type": "foret_claire" }, "geometry": { "type": "Polygon", "coordinates": [ [ [ 760298.25702285580337, 3788042.240830528084189 ], [ 760298.513425887562335, 3788032.996527011040598 ], [ 760313.875338429585099, 3788033.42262218426913 ], [ 760313.618920231936499, 3788042.666926193516701 ], [ 760298.25702285580337, 3788042.240830528084189 ] ] ] } },
{ "type": "Feature", "properties": { "Code": 60, "type": "bare" }, "geometry": { "type": "Polygon", "coordinates": [ [ [ 760858.9668063018471, 3788057.809650289826095 ], [ 760859.223762892419472, 3788048.565328824799508 ], [ 760866.904733974486589, 3788048.778833204414696 ], [ 760866.647769800852984, 3788058.023154914844781 ], [ 760858.9668063018471, 3788057.809650289826095 ] ] ] } },
{ "type": "Feature", "properties": { "Code": 60, "type": "bare" }, "geometry": { "type": "Polygon", "coordinates": [ [ [ 760851.542792015476152, 3788048.351830744184554 ], [ 760851.799740470480174, 3788039.107509620022029 ], [ 760859.480718930484727, 3788039.321007453370839 ], [ 760859.223762892419472, 3788048.565328824799508 ], [ 760851.542792015476152, 3788048.351830744184554 ] ] ] } },
{ "type": "Feature", "properties": { "Code": 20, "type": "foret_claire" }, "geometry": { "type": "Polygon", "coordinates": [ [ [ 760865.619907580548897, 3788095.000442714896053 ], [ 760873.300840951735154, 3788095.213954626582563 ], [ 760873.557814918691292, 3788085.969632287044078 ], [ 760888.919697440112941, 3788086.396674520801753 ], [ 760889.176686020800844, 3788077.152351784519851 ], [ 760896.857635171152651, 3788077.365882105659693 ], [ 760897.114630782278255, 3788068.12155922036618 ], [ 760889.433674048865214, 3788067.908029145095497 ], [ 760889.947648447239771, 3788049.419384148903191 ], [ 760882.266676751663908, 3788049.205860868096352 ], [ 760882.523655538796447, 3788039.961538757197559 ], [ 760874.842676465283148, 3788039.748022021725774 ], [ 760875.099647116963752, 3788030.503700254950672 ], [ 760867.418660664116032, 3788030.290190065745264 ], [ 760867.161697595729493, 3788039.53451158804819 ], [ 760859.480718930484727, 3788039.321007453370839 ], [ 760859.223762892419472, 3788048.565328824799508 ], [ 760866.904733974486589, 3788048.778833204414696 ], [ 760866.647769800852984, 3788058.023154914844781 ], [ 760858.9668063018471, 3788057.809650289826095 ], [ 760858.709849158767611, 3788067.053971850778908 ], [ 760866.390805074595846, 3788067.267476723063737 ], [ 760865.619907580548897, 3788095.000442714896053 ] ] ] } },
{ "type": "Feature", "properties": { "Code": 20, "type": "foret_claire" }, "geometry": { "type": "Polygon", "coordinates": [ [ [ 759131.265707412152551, 3787991.442768297158182 ], [ 759131.520956759806722, 3787982.198502217885107 ], [ 759139.201897145365365, 3787982.410588499624282 ], [ 759138.946640215115622, 3787991.654854824300855 ], [ 759131.265707412152551, 3787991.442768297158182 ] ] ] } },
{ "type": "Feature", "properties": { "Code": 50, "type": "urbain" }, "geometry": { "type": "Polygon", "coordinates": [ [ [ 759907.040947473724373, 3788012.895324307028204 ], [ 759907.296962677151896, 3788003.65103349648416 ], [ 759914.977923612110317, 3788003.863756116945297 ], [ 759914.721900825854391, 3788013.108047172892839 ], [ 759907.040947473724373, 3788012.895324307028204 ] ] ] } },
{ "type": "Feature", "properties": { "Code": 50, "type": "urbain" }, "geometry": { "type": "Polygon", "coordinates": [ [ [ 760659.775345407542773, 3788033.772111483383924 ], [ 760660.032103735022247, 3788024.527796605136245 ], [ 760667.713084667455405, 3788024.741136677097529 ], [ 760667.456318757031113, 3788033.985451801680028 ], [ 760659.775345407542773, 3788033.772111483383924 ] ] ] } },
{ "type": "Feature", "properties": { "Code": 50, "type": "urbain" }, "geometry": { "type": "Polygon", "coordinates": [ [ [ 760675.137292311526835, 3788034.198798420839012 ], [ 760675.394065804895945, 3788024.954483049921691 ], [ 760683.075047146063298, 3788025.167835723608732 ], [ 760682.818266069632955, 3788034.412151338998228 ], [ 760675.137292311526835, 3788034.198798420839012 ] ] ] } },
{ "type": "Feature", "properties": { "Code": 60, "type": "bare" }, "geometry": { "type": "Polygon", "coordinates": [ [ [ 760958.819347738637589, 3788060.585701884701848 ], [ 760960.36167047044728, 3788005.11975531745702 ], [ 760968.042682126746513, 3788005.333340375684202 ], [ 760968.299741563852876, 3787996.089016034267843 ], [ 760975.980761007638648, 3787996.30260714655742 ], [ 760975.723693987587467, 3788005.546931733377278 ], [ 760983.40470605250448, 3788005.760529392398894 ], [ 760983.147630896884948, 3788015.004854320548475 ], [ 760967.785622137016617, 3788014.577664810698479 ], [ 760966.500313896685839, 3788060.799288420472294 ], [ 760958.819347738637589, 3788060.585701884701848 ] ] ] } },
{ "type": "Feature", "properties": { "Code": 60, "type": "bare" }, "geometry": { "type": "Polygon", "coordinates": [ [ [ 760997.48127365950495, 3788052.409371670335531 ], [ 760997.738366192672402, 3788043.165045867674053 ], [ 761005.419348539784551, 3788043.378663414157927 ], [ 761005.676448103156872, 3788034.134337462019175 ], [ 761021.038428576895967, 3788034.561590962577611 ], [ 761021.295542753417976, 3788025.317264611832798 ], [ 761028.976540880743414, 3788025.530900567770004 ], [ 761029.233662087353878, 3788016.286574066150934 ], [ 761036.914668001001701, 3788016.500216075684875 ], [ 761037.171796237817034, 3788007.255889423191547 ], [ 761060.214837958686985, 3788007.89685251750052 ], [ 761059.957686972804368, 3788017.141179908532649 ], [ 761067.638693706248887, 3788017.354847121052444 ], [ 761067.381534584332258, 3788026.59917485434562 ], [ 761059.700535433948971, 3788026.385507395491004 ], [ 761059.443383342237212, 3788035.6298349769786 ], [ 761051.762391980038956, 3788035.416173573583364 ], [ 761051.505246918415651, 3788044.660501003731042 ], [ 761036.143279973068275, 3788044.23319660499692 ], [ 761035.886149524478242, 3788053.477523638401181 ], [ 760997.48127365950495, 3788052.409371670335531 ] ] ] } },
{ "type": "Feature", "properties": { "Code": 60, "type": "bare" }, "geometry": { "type": "Polygon", "coordinates": [ [ [ 760160.512515721376985, 3788019.918505533598363 ], [ 760161.025046044727787, 3788001.429907812736928 ], [ 760168.706021289923228, 3788001.642838104162365 ], [ 760168.193475800915621, 3788020.131436314899474 ], [ 760160.512515721376985, 3788019.918505533598363 ] ] ] } },
{ "type": "Feature", "properties": { "Code": 50, "type": "urbain" }, "geometry": { "type": "Polygon", "coordinates": [ [ [ 759400.353991180192679, 3787989.625270774587989 ], [ 759400.609505372005515, 3787980.380996228195727 ], [ 759408.290460454882123, 3787980.593302777502686 ], [ 759408.545981679810211, 3787971.349028081633151 ], [ 759423.907907620538026, 3787971.773659590631723 ], [ 759423.652371230185963, 3787981.017934775911272 ], [ 759415.971415741136298, 3787980.805615626741201 ], [ 759415.715886383899488, 3787990.049890662077814 ], [ 759400.353991180192679, 3787989.625270774587989 ] ] ] } },
{ "type": "Feature", "properties": { "Code": 20, "type": "foret_claire" }, "geometry": { "type": "Polygon", "coordinates": [ [ [ 760913.504582446883433, 3788031.571345708332956 ], [ 760913.761590461013839, 3788022.327022804878652 ], [ 760921.442585723241791, 3788022.540570551529527 ], [ 760921.699600767693482, 3788013.296247496735305 ], [ 760952.423614195547998, 3788014.150500503834337 ], [ 760952.93770329025574, 3787995.661852711346 ], [ 760960.618722324375995, 3787995.875431222375482 ], [ 760959.84756510425359, 3788023.608403791673481 ], [ 760936.804576861439273, 3788022.967684945557266 ], [ 760936.547546098241583, 3788032.212008587084711 ], [ 760913.504582446883433, 3788031.571345708332956 ] ] ] } },
{ "type": "Feature", "properties": { "Code": 20, "type": "foret_claire" }, "geometry": { "type": "Polygon", "coordinates": [ [ [ 761328.278210005955771, 3788043.111953559331596 ], [ 761329.050460844533518, 3788015.378945223521441 ], [ 761367.455570309306495, 3788016.448445678222924 ], [ 761367.970477264723741, 3787997.959771461319178 ], [ 761406.375667683314532, 3787999.029426966793835 ], [ 761406.118176567135379, 3788008.273765261285007 ], [ 761413.799207682255656, 3788008.487715511117131 ], [ 761413.28420862252824, 3788026.97639287635684 ], [ 761390.241161389974877, 3788026.334559549577534 ], [ 761389.983683779020794, 3788035.578897633589804 ], [ 761382.302676027291454, 3788035.364965546876192 ], [ 761382.045205445727333, 3788044.609303480014205 ], [ 761328.278210005955771, 3788043.111953559331596 ] ] ] } },
{ "type": "Feature", "properties": { "Code": 50, "type": "urbain" }, "geometry": { "type": "Polygon", "coordinates": [ [ [ 758970.476345141767524, 3787968.501884820405394 ], [ 758970.731434157234617, 3787959.257624065969139 ], [ 758978.412385443458334, 3787959.469577551819384 ], [ 758978.667481492972001, 3787950.225316648837179 ], [ 758986.34844056412112, 3787950.437276191543788 ], [ 758986.093336932128295, 3787959.681537338532507 ], [ 758993.77428862452507, 3787959.893503426108509 ], [ 758993.519176861271262, 3787969.137764914892614 ], [ 758970.476345141767524, 3787968.501884820405394 ] ] ] } },
{ "type": "Feature", "properties": { "Code": 20, "type": "foret_claire" }, "geometry": { "type": "Polygon", "coordinates": [ [ [ 759293.076155566610396, 3787977.409366081468761 ], [ 759294.353187499567866, 3787931.188011912163347 ], [ 759317.396158557152376, 3787931.824682175181806 ], [ 759317.14073052117601, 3787941.068953551817685 ], [ 759324.821713697398081, 3787941.28118981840089 ], [ 759324.566277529462241, 3787950.525461535900831 ], [ 759332.247253326815553, 3787950.737704346887767 ], [ 759331.736364178126678, 3787969.226248556748033 ], [ 759316.374443117761984, 3787968.801768256351352 ], [ 759316.11901288467925, 3787978.046040014829487 ], [ 759293.076155566610396, 3787977.409366081468761 ] ] ] } },
{ "type": "Feature", "properties": { "Code": 50, "type": "urbain" }, "geometry": { "type": "Polygon", "coordinates": [ [ [ 759938.276852623908781, 3787995.257670084014535 ], [ 759938.532897057360969, 3787986.013378482777625 ], [ 759946.213873973465525, 3787986.226125814486295 ], [ 759945.957821957184933, 3787995.470417660661042 ], [ 759938.276852623908781, 3787995.257670084014535 ] ] ] } },
{ "type": "Feature", "properties": { "Code": 20, "type": "foret_claire" }, "geometry": { "type": "Polygon", "coordinates": [ [ [ 760068.853359005996026, 3787998.875235759653151 ], [ 760069.365705137257464, 3787980.386644311714917 ], [ 760092.408669641241431, 3787981.025225796736777 ], [ 760092.664864628808573, 3787971.780929478351027 ], [ 760100.345860787667334, 3787971.993802328594029 ], [ 760100.602062807185575, 3787962.749505860265344 ], [ 760123.645075254724361, 3787963.388161477632821 ], [ 760123.388850486837327, 3787972.632458683103323 ], [ 760131.069847460719757, 3787972.845356734935194 ], [ 760130.55738110630773, 3787991.333951918408275 ], [ 760076.790512728504837, 3787989.843794427346438 ], [ 760076.534331804607064, 3787999.088090444449335 ], [ 760068.853359005996026, 3787998.875235759653151 ] ] ] } },
{ "type": "Feature", "properties": { "Code": 30, "type": "prairie" }, "geometry": { "type": "Polygon", "coordinates": [ [ [ 760906.08059540274553, 3788022.113481359090656 ], [ 760906.337595281074755, 3788012.869158797431737 ], [ 760914.018597922287881, 3788013.082699996884912 ], [ 760913.761590461013839, 3788022.327022804878652 ], [ 760906.08059540274553, 3788022.113481359090656 ] ] ] } },
{ "type": "Feature", "properties": { "Code": 20, "type": "foret_claire" }, "geometry": { "type": "Polygon", "coordinates": [ [ [ 759423.907907620538026, 3787971.773659590631723 ], [ 759424.418978752684779, 3787953.285109507851303 ], [ 759439.780935836723074, 3787953.709765239618719 ], [ 759439.525385380140506, 3787962.954040721990168 ], [ 759431.844414319610223, 3787962.741709462366998 ], [ 759431.588870896142907, 3787971.985984795726836 ], [ 759423.907907620538026, 3787971.773659590631723 ] ] ] } },
{ "type": "Feature", "properties": { "Code": 50, "type": "urbain" }, "geometry": { "type": "Polygon", "coordinates": [ [ [ 759431.588870896142907, 3787971.985984795726836 ], [ 759431.844414319610223, 3787962.741709462366998 ], [ 759439.525385380140506, 3787962.954040721990168 ], [ 759439.780935836723074, 3787953.709765239618719 ], [ 759462.823872989742085, 3787954.346796088386327 ], [ 759462.568299785256386, 3787963.591072306968272 ], [ 759447.206356645328924, 3787963.166378282941878 ], [ 759446.950798056554049, 3787972.410654107108712 ], [ 759431.588870896142907, 3787971.985984795726836 ] ] ] } },
{ "type": "Feature", "properties": { "Code": 20, "type": "foret_claire" }, "geometry": { "type": "Polygon", "coordinates": [ [ [ 759936.996622197795659, 3788041.479129522107542 ], [ 759960.039417065912858, 3788042.11739483429119 ], [ 759960.295487001072615, 3788032.873102019075304 ], [ 759967.976426614448428, 3788033.08586947992444 ], [ 759968.232503581675701, 3788023.841576516162604 ], [ 759975.913450981257483, 3788024.054350031539798 ], [ 759976.169534980668686, 3788014.810056916903704 ], [ 759968.488579998258501, 3788014.59728364739567 ], [ 759968.744655864313245, 3788005.352990874554962 ], [ 759961.063693502219394, 3788005.140224150381982 ], [ 759961.575828416622244, 3787986.651639379095286 ], [ 759969.256805944023654, 3787986.864405613392591 ], [ 759969.512880158144981, 3787977.620113126933575 ], [ 759961.831895047682337, 3787977.40734713897109 ], [ 759962.087961128214374, 3787968.163054991513491 ], [ 759954.406968638999388, 3787967.950295549351722 ], [ 759954.150910141179338, 3787977.194587451405823 ], [ 759938.788940940168686, 3787976.769086976535618 ], [ 759938.532897057360969, 3787986.013378482777625 ], [ 759930.851920344983228, 3787985.800637451000512 ], [ 759930.339846093091182, 3788004.289220259059221 ], [ 759938.020807639928535, 3788004.501961781643331 ], [ 759936.996622197795659, 3788041.479129522107542 ] ], [ [ 759938.276852623908781, 3787995.257670084014535 ], [ 759938.532897057360969, 3787986.013378482777625 ], [ 759946.213873973465525, 3787986.226125814486295 ], [ 759945.957821957184933, 3787995.470417660661042 ], [ 759938.276852623908781, 3787995.257670084014535 ] ] ] } },
{ "type": "Feature", "properties": { "Code": 20, "type": "foret_claire" }, "geometry": { "type": "Polygon", "coordinates": [ [ [ 760176.643276240443811, 3787992.611475487239659 ], [ 760176.899555190000683, 3787983.367176374886185 ], [ 760184.580546009470709, 3787983.580118776299059 ], [ 760184.324259476852603, 3787992.82441813359037 ], [ 760176.643276240443811, 3787992.611475487239659 ] ] ] } },
{ "type": "Feature", "properties": { "Code": 60, "type": "bare" }, "geometry": { "type": "Polygon", "coordinates": [ [ [ 760927.067380274180323, 3788096.708714427426457 ], [ 760934.748315280303359, 3788096.922276744619012 ], [ 760935.00534991233144, 3788087.677952436730266 ], [ 760942.686292707454413, 3788087.891520807985216 ], [ 760942.943334370036609, 3788078.64719634829089 ], [ 760950.624284952646121, 3788078.86077077453956 ], [ 760950.881333645666018, 3788069.616446165833622 ], [ 760927.838459762977436, 3788068.975742528215051 ], [ 760928.352509992197156, 3788050.487095070071518 ], [ 760920.671537273912691, 3788050.273540284950286 ], [ 760920.928553976351395, 3788041.029216944240034 ], [ 760905.566593987867236, 3788040.602126767858863 ], [ 760905.823594971559942, 3788031.357804016210139 ], [ 760913.504582446883433, 3788031.571345708332956 ], [ 760913.761590461013839, 3788022.327022804878652 ], [ 760906.08059540274553, 3788022.113481359090656 ], [ 760906.337595281074755, 3788012.869158797431737 ], [ 760890.975590612622909, 3788012.442095299717039 ], [ 760891.489558379515074, 3787993.953451446257532 ], [ 760883.808541186037473, 3787993.739929642062634 ], [ 760884.065516657661647, 3787984.49560810206458 ], [ 760868.703467718558386, 3787984.068583885207772 ], [ 760867.932585143600591, 3788011.801547308452427 ], [ 760883.294588584918529, 3788012.228573001455516 ], [ 760883.037611455540173, 3788021.472894825972617 ], [ 760890.71860590018332, 3788021.686417369171977 ], [ 760890.204634817433544, 3788040.175061794463545 ], [ 760897.885614300146699, 3788040.388591130729765 ], [ 760897.628620346775278, 3788049.632913732435554 ], [ 760912.990564760635607, 3788050.059991800226271 ], [ 760912.733555088634603, 3788059.304314988199621 ], [ 760920.414520018734038, 3788059.517863719724119 ], [ 760919.643464937107638, 3788087.250834594480693 ], [ 760927.32440732314717, 3788087.464390365406871 ], [ 760927.067380274180323, 3788096.708714427426457 ] ] ] } },
{ "type": "Feature", "properties": { "Code": 30, "type": "prairie" }, "geometry": { "type": "Polygon", "coordinates": [ [ [ 760890.975590612622909, 3788012.442095299717039 ], [ 760891.489558379515074, 3787993.953451446257532 ], [ 760899.170575777185149, 3787994.166979553177953 ], [ 760898.913584587047808, 3788003.411301678512245 ], [ 760906.594594606896862, 3788003.624836331233382 ], [ 760906.337595281074755, 3788012.869158797431737 ], [ 760890.975590612622909, 3788012.442095299717039 ] ] ] } },
{ "type": "Feature", "properties": { "Code": 20, "type": "foret_claire" }, "geometry": { "type": "Polygon", "coordinates": [ [ [ 761065.581405247678049, 3788091.309471649117768 ], [ 761080.943297998281196, 3788091.736828917637467 ], [ 761081.200476157478988, 3788082.492500025313348 ], [ 761073.519522096263245, 3788082.278818487655371 ], [ 761073.776692119194195, 3788073.034489938057959 ], [ 761066.09573068015743, 3788072.820814947597682 ], [ 761066.867214681697078, 3788045.08783060638234 ], [ 761082.229183263727464, 3788045.515185410622507 ], [ 761083.000707786530256, 3788017.782200447749346 ], [ 761090.681715134065598, 3788017.995886561460793 ], [ 761090.938896452076733, 3788008.751558185555041 ], [ 761083.257881521480158, 3788008.537872318178415 ], [ 761083.515054703457281, 3787999.293544282205403 ], [ 761068.153010291047394, 3787998.866191941313446 ], [ 761067.895852275192738, 3788008.110519483685493 ], [ 761060.214837958686985, 3788007.89685251750052 ], [ 761059.957686972804368, 3788017.141179908532649 ], [ 761067.638693706248887, 3788017.354847121052444 ], [ 761067.381534584332258, 3788026.59917485434562 ], [ 761059.700535433948971, 3788026.385507395491004 ], [ 761059.443383342237212, 3788035.6298349769786 ], [ 761051.762391980038956, 3788035.416173573583364 ], [ 761051.505246918415651, 3788044.660501003731042 ], [ 761036.143279973068275, 3788044.23319660499692 ], [ 761035.886149524478242, 3788053.477523638401181 ], [ 761028.205173943075351, 3788053.263880643062294 ], [ 761027.948050524806604, 3788062.508207525126636 ], [ 761043.309986727312207, 3788062.935500307939947 ], [ 761042.795707899378613, 3788081.424155342392623 ], [ 761065.838568240404129, 3788082.065143249928951 ], [ 761065.581405247678049, 3788091.309471649117768 ] ] ] } },
{ "type": "Feature", "properties": { "Code": 50, "type": "urbain" }, "geometry": { "type": "Polygon", "coordinates": [ [ [ 759938.788940940168686, 3787976.769086976535618 ], [ 759939.044984272331931, 3787967.524795567151159 ], [ 759946.725976354209706, 3787967.737542407587171 ], [ 759946.469925439101644, 3787976.981834063772112 ], [ 759938.788940940168686, 3787976.769086976535618 ] ] ] } },
{ "type": "Feature", "properties": { "Code": 50, "type": "urbain" }, "geometry": { "type": "Polygon", "coordinates": [ [ [ 759001.96547756541986, 3787941.616952634882182 ], [ 759002.475712416693568, 3787923.12842983705923 ], [ 759010.156694844714366, 3787923.340407547540963 ], [ 759009.646444828365929, 3787941.828930834308267 ], [ 759001.96547756541986, 3787941.616952634882182 ] ] ] } },
{ "type": "Feature", "properties": { "Code": 30, "type": "prairie" }, "geometry": { "type": "Polygon", "coordinates": [ [ [ 759416.48247280693613, 3787962.317065841052681 ], [ 759424.163443461293355, 3787962.529384501744062 ], [ 759424.418978752684779, 3787953.285109507851303 ], [ 759432.099957193713635, 3787953.497434223070741 ], [ 759432.355499518103898, 3787944.253159078769386 ], [ 759409.312542058061808, 3787943.61620456725359 ], [ 759409.057022481458262, 3787952.860478977207094 ], [ 759416.738000515615568, 3787953.072791093029082 ], [ 759416.48247280693613, 3787962.317065841052681 ] ] ] } },
{ "type": "Feature", "properties": { "Code": 50, "type": "urbain" }, "geometry": { "type": "Polygon", "coordinates": [ [ [ 759470.76043268549256, 3787945.314875937998295 ], [ 759471.016012373496778, 3787936.070599666330963 ], [ 759494.058997463318519, 3787936.707704650238156 ], [ 759493.803395027527586, 3787945.951981656718999 ], [ 759470.76043268549256, 3787945.314875937998295 ] ] ] } },
{ "type": "Feature", "properties": { "Code": 20, "type": "foret_claire" }, "geometry": { "type": "Polygon", "coordinates": [ [ [ 759605.182425584760495, 3788087.802582454867661 ], [ 759620.544180117663927, 3788088.227547461632639 ], [ 759620.799919707351364, 3788078.983264859765768 ], [ 759636.161690219654702, 3788079.408254578709602 ], [ 759636.673198080738075, 3788060.91968868393451 ], [ 759644.354098808486015, 3788061.132192504126579 ], [ 759644.609859497053549, 3788051.887909453827888 ], [ 759667.652585649630055, 3788052.525457981973886 ], [ 759668.164150873781182, 3788034.036890698131174 ], [ 759675.845075163641013, 3788034.249418986029923 ], [ 759676.356653353082947, 3788015.760851593222469 ], [ 759699.399472942575812, 3788016.398472788278013 ], [ 759699.655283960630186, 3788007.154188499320298 ], [ 759707.336231813998893, 3788007.366741253994405 ], [ 759707.080413212999701, 3788016.611025786027312 ], [ 759722.442294364213012, 3788017.036150685511529 ], [ 759722.186460047611035, 3788026.280435803346336 ], [ 759714.505526952794753, 3788026.067869958467782 ], [ 759714.249699668958783, 3788035.312154927756637 ], [ 759706.568774361046962, 3788035.099595138803124 ], [ 759706.05713330861181, 3788053.58816487248987 ], [ 759698.376223369501531, 3788053.3756108940579 ], [ 759698.120409601018764, 3788062.61989565892145 ], [ 759682.758605499635451, 3788062.194806112442166 ], [ 759682.502806346863508, 3788071.439090481959283 ], [ 759713.226385032292455, 3788072.289295758586377 ], [ 759713.482214516610838, 3788063.045010407455266 ], [ 759751.886730368481949, 3788064.107907537836581 ], [ 759752.142597216879949, 3788054.863621056545526 ], [ 759775.18533192074392, 3788055.501434204168618 ], [ 759774.673552175983787, 3788073.990008730906993 ], [ 759790.035345998825505, 3788074.415249980054796 ], [ 759789.779440135345794, 3788083.659537876490504 ], [ 759812.822109647095203, 3788084.297447738237679 ], [ 759813.333966321428306, 3788065.808870570734143 ], [ 759828.695777346729301, 3788066.234174333512783 ], [ 759828.951720024109818, 3788056.98988540051505 ], [ 759836.632633424014784, 3788057.20254648802802 ], [ 759836.888583134161308, 3788047.958257406018674 ], [ 759844.569504321785644, 3788048.170924548059702 ], [ 759844.825461064232513, 3788038.926635317970067 ], [ 759867.868248597485945, 3788039.564673812594265 ], [ 759868.124227538122796, 3788030.320383941289037 ], [ 759875.805164705845527, 3788030.53307579504326 ], [ 759876.061150678782724, 3788021.288785774726421 ], [ 759891.423040791531093, 3788021.71418789261952 ], [ 759891.679041379829869, 3788012.469897476490587 ], [ 759899.359994324855506, 3788012.682607742026448 ], [ 759899.616001945454627, 3788003.438317175488919 ], [ 759884.254081093939021, 3788003.012903437484056 ], [ 759884.51007299835328, 3787993.768613455817103 ], [ 759876.829105295240879, 3787993.555916283745319 ], [ 759876.573120973538607, 3788002.800206017680466 ], [ 759868.892161057330668, 3788002.587514899671078 ], [ 759868.636183768045157, 3788011.831804484128952 ], [ 759853.274279711418785, 3788011.406440658960491 ], [ 759853.530241835163906, 3788002.162151564378291 ], [ 759845.849282530136406, 3788001.949479347560555 ], [ 759845.593327989336103, 3788011.193768196273595 ], [ 759837.912376470281743, 3788010.981102034915239 ], [ 759837.656428961781785, 3788020.225390735082328 ], [ 759822.294541701558046, 3788019.800076823215932 ], [ 759822.550474044401199, 3788010.555788612924516 ], [ 759814.869523136527278, 3788010.343141353223473 ], [ 759815.125447346246801, 3788001.098853484261781 ], [ 759738.315873643150553, 3787998.972729854751378 ], [ 759739.339261668734252, 3787961.995589138008654 ], [ 759731.658275088528171, 3787961.783012408297509 ], [ 759732.169950634939596, 3787943.294443111866713 ], [ 759709.126946616685018, 3787942.656752193812281 ], [ 759708.871131866704673, 3787951.901036057155579 ], [ 759716.552125419490039, 3787952.113593642134219 ], [ 759716.296302536502481, 3787961.357877848669887 ], [ 759723.977288710651919, 3787961.570441977586597 ], [ 759723.721457694889978, 3787970.814726524055004 ], [ 759731.402436490054242, 3787971.02729719877243 ], [ 759730.890757642686367, 3787989.515867067035288 ], [ 759723.209794013062492, 3787989.303295901510864 ], [ 759722.953961346880533, 3787998.547580734360963 ], [ 759661.506320303305984, 3787996.847236268222332 ], [ 759661.250547749223188, 3788006.091519236564636 ], [ 759630.526762445108034, 3788005.241497233044356 ], [ 759630.271019672043622, 3788014.485779317561537 ], [ 759607.228205578867346, 3788013.848328234627843 ], [ 759607.483925603562966, 3788004.604046885855496 ], [ 759592.122035393724218, 3788004.179111489560455 ], [ 759591.866330534336157, 3788013.423392347525805 ], [ 759584.185393317253329, 3788013.210933855269104 ], [ 759583.929695490980521, 3788022.455214563757181 ], [ 759606.97248500410933, 3788023.092609676998109 ], [ 759606.46104220522102, 3788041.581172850914299 ], [ 759614.141957283951342, 3788041.793650980107486 ], [ 759613.63049711973872, 3788060.282215024810284 ], [ 759605.949597206548788, 3788060.069736406207085 ], [ 759605.182425584760495, 3788087.802582454867661 ] ] ] } },
{ "type": "Feature", "properties": { "Code": 20, "type": "foret_claire" }, "geometry": { "type": "Polygon", "coordinates": [ [ [ 761414.056706381496042, 3787999.243376970756799 ], [ 761414.829199156956747, 3787971.51036191964522 ], [ 761422.510260809678584, 3787971.724317484069616 ], [ 761422.252756188623607, 3787980.968655986711383 ], [ 761437.614864942501299, 3787981.396586509421468 ], [ 761437.357344601419754, 3787990.640925600659102 ], [ 761421.995251013780944, 3787990.21299458341673 ], [ 761421.737745285150595, 3787999.457333274651319 ], [ 761414.056706381496042, 3787999.243376970756799 ] ] ] } },
{ "type": "Feature", "properties": { "Code": 50, "type": "urbain" }, "geometry": { "type": "Polygon", "coordinates": [ [ [ 759494.058997463318519, 3787936.707704650238156 ], [ 759494.314599349629134, 3787927.463427739217877 ], [ 759501.99560236860998, 3787927.67580842319876 ], [ 759502.251211287803017, 3787918.431531362701207 ], [ 759517.613233102718368, 3787918.856311141513288 ], [ 759517.357609018217772, 3787928.100588691886514 ], [ 759509.6766055917833, 3787927.888195407576859 ], [ 759509.420988540281542, 3787937.132472809404135 ], [ 759494.058997463318519, 3787936.707704650238156 ] ] ] } },
{ "type": "Feature", "properties": { "Code": 30, "type": "prairie" }, "geometry": { "type": "Polygon", "coordinates": [ [ [ 759739.850952380453236, 3787943.5070193503052 ], [ 759740.10679691110272, 3787934.262734600808471 ], [ 759747.787806444219314, 3787934.475316894706339 ], [ 759747.531954330857843, 3787943.719601891934872 ], [ 759739.850952380453236, 3787943.5070193503052 ] ] ] } },
{ "type": "Feature", "properties": { "Code": 60, "type": "bare" }, "geometry": { "type": "Polygon", "coordinates": [ [ [ 760161.537574163870886, 3787982.941310474649072 ], [ 760184.580546009470709, 3787983.580118776299059 ], [ 760184.836831990629435, 3787974.335819513071328 ], [ 760192.51783059630543, 3787974.548767969477922 ], [ 760193.030416071182117, 3787956.060169237665832 ], [ 760200.711430046940222, 3787956.273123503196985 ], [ 760200.967729540541768, 3787947.028824034612626 ], [ 760162.562623789068311, 3787945.964116939809173 ], [ 760162.306362209375948, 3787955.208415180444717 ], [ 760169.987375368596986, 3787955.421344244387001 ], [ 760169.731105654966086, 3787964.665642824489623 ], [ 760162.05010007857345, 3787964.452713516075164 ], [ 760161.537574163870886, 3787982.941310474649072 ] ] ] } },
{ "type": "Feature", "properties": { "Code": 50, "type": "urbain" }, "geometry": { "type": "Polygon", "coordinates": [ [ [ 758879.835016458528116, 3787910.493385958950967 ], [ 758880.090011193184182, 3787901.24912870908156 ], [ 758895.452000085962936, 3787901.672887844033539 ], [ 758895.196990186581388, 3787910.917145583312958 ], [ 758879.835016458528116, 3787910.493385958950967 ] ] ] } },
{ "type": "Feature", "properties": { "Code": 20, "type": "foret_claire" }, "geometry": { "type": "Polygon", "coordinates": [ [ [ 760736.817412777221762, 3788304.204452846199274 ], [ 760744.498168461257592, 3788304.417869604192674 ], [ 760744.755033801542595, 3788295.173549015074968 ], [ 760775.478088914533146, 3788296.027278074063361 ], [ 760775.991878605796956, 3788277.538635212928057 ], [ 760768.311099354410544, 3788277.325193989556283 ], [ 760768.824871669290587, 3788258.83655200060457 ], [ 760776.505666087497957, 3788259.049992732703686 ], [ 760777.019451359752566, 3788240.561350631993264 ], [ 760784.700261149904691, 3788240.774797172751278 ], [ 760785.7278553993674, 3788203.797513130586594 ], [ 760778.047015275922604, 3788203.584067574236542 ], [ 760778.303904874133877, 3788194.339747047051787 ], [ 760762.942210074514151, 3788193.912875327747315 ], [ 760763.969702277216129, 3788156.935596140567213 ], [ 760771.650579908047803, 3788157.149027865380049 ], [ 760771.907459161244333, 3788147.904708059504628 ], [ 760794.950116029009223, 3788148.545040300581604 ], [ 760795.207017479231581, 3788139.30071985302493 ], [ 760818.24969893717207, 3788139.94110806286335 ], [ 760817.992774737183936, 3788149.185429248493165 ], [ 760825.673661382403225, 3788149.398904832545668 ], [ 760826.444455074379221, 3788121.665940822102129 ], [ 760834.12536467355676, 3788121.879421968944371 ], [ 760834.382302382495254, 3788112.63510057516396 ], [ 760795.977718515670858, 3788111.567759080789983 ], [ 760795.720818722620606, 3788120.81207924336195 ], [ 760764.997185642365366, 3788119.958318475168198 ], [ 760765.25405510282144, 3788110.71399929607287 ], [ 760772.934970649657771, 3788110.927429791539907 ], [ 760773.705598466331139, 3788083.194472088478506 ], [ 760766.024660170078278, 3788082.98104233155027 ], [ 760766.538394119823352, 3788064.492404830176383 ], [ 760758.857440861873329, 3788064.278981865849346 ], [ 760759.884871801361442, 3788027.30170898931101 ], [ 760752.203888416290283, 3788027.088293310720474 ], [ 760752.974433072260581, 3787999.355340391397476 ], [ 760760.655439206399024, 3787999.568755332380533 ], [ 760761.169148048036732, 3787981.08012003544718 ], [ 760776.531191262067296, 3787981.506967835593969 ], [ 760776.788060020306148, 3787972.262649838346988 ], [ 760769.10703072801698, 3787972.049223034642637 ], [ 760769.363891350920312, 3787962.804905377328396 ], [ 760777.044928226037882, 3787963.018331935629249 ], [ 760777.558662980562076, 3787944.529696415644139 ], [ 760785.239715225296095, 3787944.743128782138228 ], [ 760785.496589356684126, 3787935.49881091946736 ], [ 760800.858709625783376, 3787935.925694062374532 ], [ 760801.115598370553926, 3787926.681375802494586 ], [ 760816.477734623709694, 3787927.108283654786646 ], [ 760816.734637981746346, 3787917.86396499723196 ], [ 760809.053562170127407, 3787917.650508166756481 ], [ 760809.824246181175113, 3787889.917553503066301 ], [ 760802.143147825612687, 3787889.70410371106118 ], [ 760802.40003380831331, 3787880.459785927087069 ], [ 760794.718928075046279, 3787880.246342682745308 ], [ 760794.462049675174057, 3787889.490660220384598 ], [ 760786.780951728578657, 3787889.277223029639572 ], [ 760786.524080358911306, 3787898.521540417801589 ], [ 760778.842990200268105, 3787898.30810928158462 ], [ 760778.586125860922039, 3787907.552426517009735 ], [ 760763.223961321287788, 3787907.125582654029131 ], [ 760762.967111595207825, 3787916.369899494107813 ], [ 760755.286037215264514, 3787916.156486767809838 ], [ 760754.772351272171363, 3787934.645120239350945 ], [ 760747.091292261844501, 3787934.431713321246207 ], [ 760746.063944078749046, 3787971.408980424981564 ], [ 760730.701887335279025, 3787970.982183520682156 ], [ 760730.188240261515602, 3787989.470816659741104 ], [ 760722.507227361784317, 3787989.257427165750414 ], [ 760722.250410579377785, 3787998.501743631437421 ], [ 760706.888400559546426, 3787998.074983056169003 ], [ 760706.631598390755244, 3788007.319299123715609 ], [ 760691.269604354165494, 3788006.892563258297741 ], [ 760690.499240032630041, 3788034.625510559417307 ], [ 760698.180214200168848, 3788034.838876080233604 ], [ 760697.409822159912437, 3788062.571824977174401 ], [ 760705.090773782110773, 3788062.785197535529733 ], [ 760704.320354022784159, 3788090.518148025963455 ], [ 760696.639425149769522, 3788090.304774729069322 ], [ 760695.098616220289841, 3788145.770676801446825 ], [ 760672.055967323016375, 3788145.130590287502855 ], [ 760671.799186651711352, 3788154.374906895216554 ], [ 760710.203564586117864, 3788155.441750485450029 ], [ 760710.460383173427545, 3788146.197432647459209 ], [ 760725.822150944033638, 3788146.624213695526123 ], [ 760726.078984145540744, 3788137.37989546218887 ], [ 760733.75987592106685, 3788137.593295192811638 ], [ 760733.50303513626568, 3788146.837613672018051 ], [ 760741.183919531526044, 3788147.051019947975874 ], [ 760740.670221138978377, 3788165.539657686837018 ], [ 760717.627614062977955, 3788164.89945628400892 ], [ 760716.857130581163801, 3788192.632411389611661 ], [ 760709.176284714601934, 3788192.419022784568369 ], [ 760708.662641465431079, 3788210.907659505493939 ], [ 760700.981810969067737, 3788210.694276710040867 ], [ 760700.468180677620694, 3788229.182913321536034 ], [ 760692.787365552969277, 3788228.969536335207522 ], [ 760692.530557162244804, 3788238.213854535482824 ], [ 760715.572980399942026, 3788238.854005133733153 ], [ 760714.288816412677988, 3788285.075601259246469 ], [ 760737.331127738580108, 3788285.715812254697084 ], [ 760736.817412777221762, 3788304.204452846199274 ] ], [ [ 760711.487652000505477, 3788109.220162251032889 ], [ 760712.001283100806177, 3788090.731527623254806 ], [ 760735.044071560027078, 3788091.371704219840467 ], [ 760734.787233536830172, 3788100.616022224072367 ], [ 760750.149078364716843, 3788101.042838618159294 ], [ 760749.892224623006769, 3788110.287157209124416 ], [ 760711.487652000505477, 3788109.220162251032889 ] ] ] } },
{ "type": "Feature", "properties": { "Code": 20, "type": "foret_claire" }, "geometry": { "type": "Polygon", "coordinates": [ [ [ 759486.378002229845151, 3787936.495330022647977 ], [ 759487.144783491734415, 3787908.762500307988375 ], [ 759494.825801473110914, 3787908.974874202162027 ], [ 759494.570200686110184, 3787918.219150923192501 ], [ 759502.251211287803017, 3787918.431531362701207 ], [ 759501.99560236860998, 3787927.67580842319876 ], [ 759494.314599349629134, 3787927.463427739217877 ], [ 759494.058997463318519, 3787936.707704650238156 ], [ 759486.378002229845151, 3787936.495330022647977 ] ] ] } },
{ "type": "Feature", "properties": { "Code": 50, "type": "urbain" }, "geometry": { "type": "Polygon", "coordinates": [ [ [ 759739.083415487548336, 3787971.239874174352735 ], [ 759754.445374095346779, 3787971.665047026704997 ], [ 759754.957096238387749, 3787953.176476067863405 ], [ 759747.276101667433977, 3787952.963886981830001 ], [ 759747.531954330857843, 3787943.719601891934872 ], [ 759739.850952380453236, 3787943.5070193503052 ], [ 759740.10679691110272, 3787934.262734600808471 ], [ 759732.425787582877092, 3787934.050158605910838 ], [ 759732.937459828332067, 3787915.56158988038078 ], [ 759725.256435537245125, 3787915.349020675756037 ], [ 759724.48894909163937, 3787943.081873171031475 ], [ 759732.169950634939596, 3787943.294443111866713 ], [ 759731.658275088528171, 3787961.783012408297509 ], [ 759739.339261668734252, 3787961.995589138008654 ], [ 759739.083415487548336, 3787971.239874174352735 ] ] ] } },
{ "type": "Feature", "properties": { "Code": 10, "type": "foret" }, "geometry": { "type": "Polygon", "coordinates": [ [ [ 760913.761590461013839, 3788022.327022804878652 ], [ 760921.442585723241791, 3788022.540570551529527 ], [ 760921.699600767693482, 3788013.296247496735305 ], [ 760952.423614195547998, 3788014.150500503834337 ], [ 760953.451790174120106, 3787977.173205298837274 ], [ 760945.77075617806986, 3787976.959633581340313 ], [ 760946.02779120800551, 3787967.715310263447464 ], [ 760938.346749833552167, 3787967.501745090819895 ], [ 760938.603776727803051, 3787958.257422115653753 ], [ 760915.560631085187197, 3787957.616765144746751 ], [ 760915.817634677980095, 3787948.37244300218299 ], [ 760892.774468126473948, 3787947.731843474321067 ], [ 760892.517487282282673, 3787956.976164878811687 ], [ 760869.474345320370048, 3787956.335621318314224 ], [ 760868.960427471669391, 3787974.82426293566823 ], [ 760876.641459422186017, 3787975.037771646864712 ], [ 760876.384492086130194, 3787984.282092844136059 ], [ 760884.065516657661647, 3787984.49560810206458 ], [ 760883.808541186037473, 3787993.739929642062634 ], [ 760899.170575777185149, 3787994.166979553177953 ], [ 760898.913584587047808, 3788003.411301678512245 ], [ 760906.594594606896862, 3788003.624836331233382 ], [ 760906.337595281074755, 3788012.869158797431737 ], [ 760914.018597922287881, 3788013.082699996884912 ], [ 760913.761590461013839, 3788022.327022804878652 ] ] ] } },
{ "type": "Feature", "properties": { "Code": 60, "type": "bare" }, "geometry": { "type": "Polygon", "coordinates": [ [ [ 760216.073458609753288, 3787956.69905093498528 ], [ 760262.159549194620922, 3787957.976984444074333 ], [ 760262.928628007997759, 3787930.244080430828035 ], [ 760255.247589651844464, 3787930.031076496932656 ], [ 760255.503940570983104, 3787920.786775596439838 ], [ 760247.822894836775959, 3787920.57377821020782 ], [ 760247.566551500349306, 3787929.818078865297139 ], [ 760232.204475808888674, 3787929.392102503217757 ], [ 760231.948147086659446, 3787938.636402763426304 ], [ 760201.224028482916765, 3787937.784524661488831 ], [ 760200.967729540541768, 3787947.028824034612626 ], [ 760216.329773268895224, 3787947.454750976525247 ], [ 760216.073458609753288, 3787956.69905093498528 ] ] ] } },
{ "type": "Feature", "properties": { "Code": 60, "type": "bare" }, "geometry": { "type": "Polygon", "coordinates": [ [ [ 760983.91885470575653, 3787987.271879819221795 ], [ 760991.599882141686976, 3787987.485483286902308 ], [ 760992.371123724151403, 3787959.752508901525289 ], [ 760984.690073539270088, 3787959.538906173314899 ], [ 760984.947145378217101, 3787950.294581814669073 ], [ 760977.266087815631181, 3787950.080985633190721 ], [ 760976.751958750770427, 3787968.569633951876312 ], [ 760984.433001147466712, 3787968.783230626489967 ], [ 760983.91885470575653, 3787987.271879819221795 ] ] ] } },
{ "type": "Feature", "properties": { "Code": 50, "type": "urbain" }, "geometry": { "type": "Polygon", "coordinates": [ [ [ 759010.666942666517571, 3787904.851884642615914 ], [ 759010.92206575430464, 3787895.607623333577067 ], [ 759018.603071133489721, 3787895.81960661103949 ], [ 759018.347940463107079, 3787905.063868164550513 ], [ 759010.666942666517571, 3787904.851884642615914 ] ] ] } },
{ "type": "Feature", "properties": { "Code": 50, "type": "urbain" }, "geometry": { "type": "Polygon", "coordinates": [ [ [ 759340.950031362706795, 3787913.972865204326808 ], [ 759341.205480498378165, 3787904.728593379259109 ], [ 759348.886494615348056, 3787904.940847567282617 ], [ 759348.631037896964699, 3787914.185119637288153 ], [ 759340.950031362706795, 3787913.972865204326808 ] ] ] } },
{ "type": "Feature", "properties": { "Code": 20, "type": "foret_claire" }, "geometry": { "type": "Polygon", "coordinates": [ [ [ 760416.292927275877446, 3787943.749788333196193 ], [ 760416.805948141263798, 3787925.261176117230207 ], [ 760424.486998366424814, 3787925.47431211406365 ], [ 760425.00003219069913, 3787906.985699788667262 ], [ 760432.681097785127349, 3787907.198841593693942 ], [ 760432.937621452612802, 3787897.954535326454788 ], [ 760448.299768419237807, 3787898.380837348755449 ], [ 760448.556306700455025, 3787889.136530687101185 ], [ 760456.237388073466718, 3787889.349690902046859 ], [ 760456.493933385587297, 3787880.105384088121355 ], [ 760479.537201477214694, 3787880.744901800528169 ], [ 760479.793768985662609, 3787871.500594346318394 ], [ 760502.837061663391069, 3787872.140168026089668 ], [ 760502.580471406807192, 3787881.384476215578616 ], [ 760510.261561791412532, 3787881.597680289763957 ], [ 760509.491764962556772, 3787909.33060617512092 ], [ 760494.129629893228412, 3787908.904202856589109 ], [ 760493.873045012354851, 3787918.148511183448136 ], [ 760486.191985366400331, 3787917.935318728443235 ], [ 760485.935407516313717, 3787927.179626904428005 ], [ 760455.211201307480223, 3787926.326919104903936 ], [ 760454.954653236782178, 3787935.571226393338293 ], [ 760447.273609777563252, 3787935.358064949978143 ], [ 760447.017068738001399, 3787944.602372088469565 ], [ 760416.292927275877446, 3787943.749788333196193 ] ] ] } },
{ "type": "Feature", "properties": { "Code": 50, "type": "urbain" }, "geometry": { "type": "Polygon", "coordinates": [ [ [ 758903.38801177078858, 3787892.640518975444138 ], [ 758903.643028155900538, 3787883.39626118214801 ], [ 758911.32403827435337, 3787883.608156011905521 ], [ 758911.579061693395488, 3787874.363898071460426 ], [ 758919.260079597821459, 3787874.575798957142979 ], [ 758919.005048596300185, 3787883.82005714206025 ], [ 758926.686059120809659, 3787884.031964573077857 ], [ 758926.431019988493063, 3787893.276223097927868 ], [ 758903.38801177078858, 3787892.640518975444138 ] ] ] } },
{ "type": "Feature", "properties": { "Code": 30, "type": "prairie" }, "geometry": { "type": "Polygon", "coordinates": [ [ [ 759010.92206575430464, 3787895.607623333577067 ], [ 759011.177188293659128, 3787886.363362120464444 ], [ 759018.85820125520695, 3787886.57534515298903 ], [ 759018.603071133489721, 3787895.81960661103949 ], [ 759010.92206575430464, 3787895.607623333577067 ] ] ] } },
{ "type": "Feature", "properties": { "Code": 60, "type": "bare" }, "geometry": { "type": "Polygon", "coordinates": [ [ [ 759210.62827162060421, 3787901.121236120350659 ], [ 759210.883591304300353, 3787891.876968550030142 ], [ 759218.564609548076987, 3787892.089115389622748 ], [ 759219.075262433034368, 3787873.600580045953393 ], [ 759226.756296044331975, 3787873.812732696067542 ], [ 759226.50096229382325, 3787883.057000564411283 ], [ 759234.181988526368514, 3787883.269159759860486 ], [ 759233.671304213115945, 3787901.757696272805333 ], [ 759210.62827162060421, 3787901.121236120350659 ] ] ] } },
{ "type": "Feature", "properties": { "Code": 30, "type": "prairie" }, "geometry": { "type": "Polygon", "coordinates": [ [ [ 759732.937459828332067, 3787915.56158988038078 ], [ 759733.193295125849545, 3787906.317305661272258 ], [ 759740.874327201978303, 3787906.529880920425057 ], [ 759740.618484321865253, 3787915.7741653858684 ], [ 759732.937459828332067, 3787915.56158988038078 ] ] ] } },
{ "type": "Feature", "properties": { "Code": 60, "type": "bare" }, "geometry": { "type": "Polygon", "coordinates": [ [ [ 760163.075145295471884, 3787927.475520743057132 ], [ 760163.587664597318508, 3787908.986924928147346 ], [ 760178.949766947655007, 3787909.412786900997162 ], [ 760179.206040937337093, 3787900.168488644994795 ], [ 760186.887100001331419, 3787900.381428837776184 ], [ 760186.630818428937346, 3787909.625727338250726 ], [ 760194.311870113713667, 3787909.838674075435847 ], [ 760193.799290150171146, 3787928.327271854504943 ], [ 760163.075145295471884, 3787927.475520743057132 ] ] ] } },
{ "type": "Feature", "properties": { "Code": 30, "type": "prairie" }, "geometry": { "type": "Polygon", "coordinates": [ [ [ 760784.957160540856421, 3788231.530476020183414 ], [ 760800.318795900209807, 3788231.957387512549758 ], [ 760800.575709905475378, 3788222.713065961375833 ], [ 760808.256535475491546, 3788222.926530912984163 ], [ 760808.513456511776894, 3788213.68220921093598 ], [ 760823.875123431207612, 3788214.109157523140311 ], [ 760823.618187228450552, 3788223.353479717392474 ], [ 760838.97983979829587, 3788223.780453724786639 ], [ 760839.236791167873889, 3788214.536131038330495 ], [ 760846.917625343427062, 3788214.749627246987075 ], [ 760847.174583743792027, 3788205.505304410587996 ], [ 760854.855425706715323, 3788205.718806674238294 ], [ 760854.598459722939879, 3788214.963129756506532 ], [ 760869.960129096405581, 3788215.390153677668422 ], [ 760870.474090844625607, 3788196.901506623253226 ], [ 760878.154941004235297, 3788197.115027543623 ], [ 760878.411928632878698, 3788187.870703913271427 ], [ 760886.092786580789834, 3788188.084230886772275 ], [ 760886.349781240103766, 3788178.839907106477767 ], [ 760909.392379060271196, 3788179.480525095481426 ], [ 760909.649395916843787, 3788170.236200670711696 ], [ 760917.33026984881144, 3788170.449752355460078 ], [ 760917.844317070441321, 3788151.961103297770023 ], [ 760910.163427972001955, 3788151.747552104759961 ], [ 760910.934471909888089, 3788124.01457997225225 ], [ 760918.615383757976815, 3788124.22813042672351 ], [ 760918.358362081460655, 3788133.472454620990902 ], [ 760933.720171224791557, 3788133.899574923329055 ], [ 760932.692018326255493, 3788170.876874627545476 ], [ 760963.415517737506889, 3788171.731194781605154 ], [ 760963.672587124397978, 3788162.486868728417903 ], [ 760971.353470072033815, 3788162.700464272871614 ], [ 760971.61054648924619, 3788153.456138067413121 ], [ 760986.972328164265491, 3788153.883347565773875 ], [ 760987.22941919520963, 3788144.639020964037627 ], [ 760979.548520671902224, 3788144.425413310993463 ], [ 760979.805603567045182, 3788135.1810870510526 ], [ 760995.167415983974934, 3788135.608308165334165 ], [ 760995.424513492616825, 3788126.363981509115547 ], [ 761003.105427591479383, 3788126.577601272147149 ], [ 761003.876739549916238, 3788098.844621130730957 ], [ 761011.557676603086293, 3788099.058246454689652 ], [ 761011.814787066658027, 3788089.813919684849679 ], [ 761019.495731906965375, 3788090.027551062870771 ], [ 761020.267082729958929, 3788062.294570584315807 ], [ 761027.948050524806604, 3788062.508207525126636 ], [ 761028.205173943075351, 3788053.263880643062294 ], [ 760997.48127365950495, 3788052.409371670335531 ], [ 760997.738366192672402, 3788043.165045867674053 ], [ 761005.419348539784551, 3788043.378663414157927 ], [ 761005.676448103156872, 3788034.134337462019175 ], [ 761021.038428576895967, 3788034.561590962577611 ], [ 761021.295542753417976, 3788025.317264611832798 ], [ 761028.976540880743414, 3788025.530900567770004 ], [ 761029.233662087353878, 3788016.286574066150934 ], [ 761036.914668001001701, 3788016.500216075684875 ], [ 761037.171796237817034, 3788007.255889423191547 ], [ 761067.895852275192738, 3788008.110519483685493 ], [ 761068.410167753929272, 3787989.621864491607994 ], [ 761060.729138271533884, 3787989.408198018092662 ], [ 761061.757732261787169, 3787952.430890161544085 ], [ 761054.076672652736306, 3787952.217230974230915 ], [ 761054.590951164136641, 3787933.728578110225499 ], [ 761046.909876593388617, 3787933.514925715979189 ], [ 761046.395613247761503, 3787952.003578087314963 ], [ 761038.714554047444835, 3787951.789931500796229 ], [ 761038.971678413916379, 3787942.545605514198542 ], [ 761031.290611836593598, 3787942.331965474411845 ], [ 761029.74790284212213, 3787997.797921348363161 ], [ 761022.066881965845823, 3787997.58428613236174 ], [ 761021.552656377200037, 3788016.072938357014209 ], [ 760998.509640475036576, 3788015.432069034315646 ], [ 760998.766730796778575, 3788006.187743613030761 ], [ 761014.128756360034458, 3788006.614983035251498 ], [ 761014.900069506140426, 3787978.882005863357335 ], [ 761007.21903387317434, 3787978.668383739888668 ], [ 761007.476129566668533, 3787969.424058452714235 ], [ 760999.795086555415764, 3787969.210442876443267 ], [ 761000.052174112992361, 3787959.966117930598557 ], [ 760992.371123724151403, 3787959.752508901525289 ], [ 760993.14236033114139, 3787932.019535372033715 ], [ 760985.461287397542037, 3787931.805933382362127 ], [ 760985.718357578036375, 3787922.561609308701009 ], [ 760970.356197159620933, 3787922.134424724150449 ], [ 760970.613251621602103, 3787912.890101237688214 ], [ 760939.8889029083075, 3787912.035808659624308 ], [ 760940.145926486118697, 3787902.791486254427582 ], [ 760932.464832237455994, 3787902.577929108403623 ], [ 760932.721847680048086, 3787893.333607042208314 ], [ 760909.67854341014754, 3787892.692974143661559 ], [ 760909.421550716040656, 3787901.937295469921082 ], [ 760886.378271035617217, 3787901.296718537807465 ], [ 760886.121300537488423, 3787910.541039219591767 ], [ 760878.44021530286409, 3787910.327525929547846 ], [ 760878.18325183482375, 3787919.571846461854875 ], [ 760862.821097143925726, 3787919.14483829215169 ], [ 760862.050248921383172, 3787946.877798980101943 ], [ 760869.731303415959701, 3787947.091300652362406 ], [ 760869.474345320370048, 3787956.335621318314224 ], [ 760892.517487282282673, 3787956.976164878811687 ], [ 760892.774468126473948, 3787947.731843474321067 ], [ 760915.817634677980095, 3787948.37244300218299 ], [ 760915.560631085187197, 3787957.616765144746751 ], [ 760938.603776727803051, 3787958.257422115653753 ], [ 760938.346749833552167, 3787967.501745090819895 ], [ 760946.02779120800551, 3787967.715310263447464 ], [ 760945.77075617806986, 3787976.959633581340313 ], [ 760953.451790174120106, 3787977.173205298837274 ], [ 760952.93770329025574, 3787995.661852711346 ], [ 760960.618722324375995, 3787995.875431222375482 ], [ 760960.36167047044728, 3788005.11975531745702 ], [ 760968.042682126746513, 3788005.333340375684202 ], [ 760968.299741563852876, 3787996.089016034267843 ], [ 760975.980761007638648, 3787996.30260714655742 ], [ 760975.723693987587467, 3788005.546931733377278 ], [ 760983.40470605250448, 3788005.760529392398894 ], [ 760983.147630896884948, 3788015.004854320548475 ], [ 760967.785622137016617, 3788014.577664810698479 ], [ 760966.500313896685839, 3788060.799288420472294 ], [ 760958.819347738637589, 3788060.585701884701848 ], [ 760959.84756510425359, 3788023.608403791673481 ], [ 760936.804576861439273, 3788022.967684945557266 ], [ 760936.547546098241583, 3788032.212008587084711 ], [ 760905.823594971559942, 3788031.357804016210139 ], [ 760905.566593987867236, 3788040.602126767858863 ], [ 760920.928553976351395, 3788041.029216944240034 ], [ 760920.671537273912691, 3788050.273540284950286 ], [ 760928.352509992197156, 3788050.487095070071518 ], [ 760927.838459762977436, 3788068.975742528215051 ], [ 760950.881333645666018, 3788069.616446165833622 ], [ 760950.624284952646121, 3788078.86077077453956 ], [ 760942.943334370036609, 3788078.64719634829089 ], [ 760942.686292707454413, 3788087.891520807985216 ], [ 760935.00534991233144, 3788087.677952436730266 ], [ 760934.748315280303359, 3788096.922276744619012 ], [ 760927.067380274180323, 3788096.708714427426457 ], [ 760927.32440732314717, 3788087.464390365406871 ], [ 760919.643464937107638, 3788087.250834594480693 ], [ 760920.414520018734038, 3788059.517863719724119 ], [ 760912.733555088634603, 3788059.304314988199621 ], [ 760912.990564760635607, 3788050.059991800226271 ], [ 760897.628620346775278, 3788049.632913732435554 ], [ 760897.885614300146699, 3788040.388591130729765 ], [ 760890.204634817433544, 3788040.175061794463545 ], [ 760890.71860590018332, 3788021.686417369171977 ], [ 760883.037611455540173, 3788021.472894825972617 ], [ 760883.294588584918529, 3788012.228573001455516 ], [ 760867.932585143600591, 3788011.801547308452427 ], [ 760868.189546554465778, 3788002.557226072996855 ], [ 760860.508537557325326, 3788002.343722923193127 ], [ 760859.994629349093884, 3788020.832364998292178 ], [ 760852.313635722966865, 3788020.618867656216025 ], [ 760851.799740470480174, 3788039.107509620022029 ], [ 760867.161697595729493, 3788039.53451158804819 ], [ 760867.418660664116032, 3788030.290190065745264 ], [ 760875.099647116963752, 3788030.503700254950672 ], [ 760874.842676465283148, 3788039.748022021725774 ], [ 760882.523655538796447, 3788039.961538757197559 ], [ 760882.266676751663908, 3788049.205860868096352 ], [ 760889.947648447239771, 3788049.419384148903191 ], [ 760889.433674048865214, 3788067.908029145095497 ], [ 760897.114630782278255, 3788068.12155922036618 ], [ 760896.857635171152651, 3788077.365882105659693 ], [ 760889.176686020800844, 3788077.152351784519851 ], [ 760888.919697440112941, 3788086.396674520801753 ], [ 760873.557814918691292, 3788085.969632287044078 ], [ 760873.300840951735154, 3788095.213954626582563 ], [ 760865.619907580548897, 3788095.000442714896053 ], [ 760865.362940644146875, 3788104.244764901697636 ], [ 760857.682015060679987, 3788104.031259044539183 ], [ 760857.42505515483208, 3788113.27558108093217 ], [ 760842.063219768228009, 3788112.848587776534259 ], [ 760841.806274476111867, 3788122.092909415252507 ], [ 760826.444455074379221, 3788121.665940822102129 ], [ 760825.673661382403225, 3788149.398904832545668 ], [ 760817.992774737183936, 3788149.185429248493165 ], [ 760818.24969893717207, 3788139.94110806286335 ], [ 760795.207017479231581, 3788139.30071985302493 ], [ 760794.950116029009223, 3788148.545040300581604 ], [ 760771.907459161244333, 3788147.904708059504628 ], [ 760771.650579908047803, 3788157.149027865380049 ], [ 760763.969702277216129, 3788156.935596140567213 ], [ 760762.942210074514151, 3788193.912875327747315 ], [ 760778.303904874133877, 3788194.339747047051787 ], [ 760778.047015275922604, 3788203.584067574236542 ], [ 760785.7278553993674, 3788203.797513130586594 ], [ 760784.957160540856421, 3788231.530476020183414 ] ], [ [ 760862.793240889091976, 3788196.687992004211992 ], [ 760863.050213351030834, 3788187.443668866530061 ], [ 760870.731070889974944, 3788187.657183239702135 ], [ 760870.474090844625607, 3788196.901506623253226 ], [ 760862.793240889091976, 3788196.687992004211992 ] ], [ [ 760983.91885470575653, 3787987.271879819221795 ], [ 760984.433001147466712, 3787968.783230626489967 ], [ 760976.751958750770427, 3787968.569633951876312 ], [ 760977.266087815631181, 3787950.080985633190721 ], [ 760984.947145378217101, 3787950.294581814669073 ], [ 760984.690073539270088, 3787959.538906173314899 ], [ 760992.371123724151403, 3787959.752508901525289 ], [ 760991.599882141686976, 3787987.485483286902308 ], [ 760983.91885470575653, 3787987.271879819221795 ] ] ] } },
{ "type": "Feature", "properties": { "Code": 30, "type": "prairie" }, "geometry": { "type": "Polygon", "coordinates": [ [ [ 759034.220227786456235, 3787886.999330119229853 ], [ 759034.475372524466366, 3787877.755068268626928 ], [ 759049.83741503348574, 3787878.179077947512269 ], [ 759049.582255130750127, 3787887.423340287525207 ], [ 759034.220227786456235, 3787886.999330119229853 ] ] ] } },
{ "type": "Feature", "properties": { "Code": 50, "type": "urbain" }, "geometry": { "type": "Polygon", "coordinates": [ [ [ 759702.724973270203918, 3787896.222784482873976 ], [ 759702.980777136981487, 3787886.978501434903592 ], [ 759710.661823565023951, 3787887.19105100305751 ], [ 759710.40601211565081, 3787896.435334296431392 ], [ 759702.724973270203918, 3787896.222784482873976 ] ] ] } },
{ "type": "Feature", "properties": { "Code": 60, "type": "bare" }, "geometry": { "type": "Polygon", "coordinates": [ [ [ 760201.992922003148124, 3787910.051627113483846 ], [ 760202.249218740849756, 3787900.807328121270984 ], [ 760217.611338296439499, 3787901.233252606820315 ], [ 760217.355026393313892, 3787910.477552089374512 ], [ 760201.992922003148124, 3787910.051627113483846 ] ] ] } },
{ "type": "Feature", "properties": { "Code": 60, "type": "bare" }, "geometry": { "type": "Polygon", "coordinates": [ [ [ 760286.484506248962134, 3787912.394526358693838 ], [ 760286.740886396495625, 3787903.150224664714187 ], [ 760309.784072769107297, 3787903.789328758139163 ], [ 760309.527669873670675, 3787913.033631188794971 ], [ 760286.484506248962134, 3787912.394526358693838 ] ] ] } },
{ "type": "Feature", "properties": { "Code": 30, "type": "prairie" }, "geometry": { "type": "Polygon", "coordinates": [ [ [ 760309.527669873670675, 3787913.033631188794971 ], [ 760309.784072769107297, 3787903.789328758139163 ], [ 760325.146198038943112, 3787904.215429657138884 ], [ 760324.8897799779661, 3787913.459732578601688 ], [ 760309.527669873670675, 3787913.033631188794971 ] ] ] } },
{ "type": "Feature", "properties": { "Code": 50, "type": "urbain" }, "geometry": { "type": "Polygon", "coordinates": [ [ [ 758865.747935907216743, 3787863.848368681035936 ], [ 758866.257889014901593, 3787845.359856207855046 ], [ 758873.938928448245861, 3787845.571718560066074 ], [ 758873.428960175719112, 3787864.060231520794332 ], [ 758865.747935907216743, 3787863.848368681035936 ] ] ] } },
{ "type": "Feature", "properties": { "Code": 50, "type": "urbain" }, "geometry": { "type": "Polygon", "coordinates": [ [ [ 758942.558187728514895, 3787865.967280592769384 ], [ 758942.813240380492061, 3787856.723021865356714 ], [ 758958.175308345584199, 3787857.146879360545427 ], [ 758958.430375613621436, 3787847.902620241977274 ], [ 758966.111417483421974, 3787848.114558195695281 ], [ 758966.366491785272956, 3787838.870298924390227 ], [ 758981.728591298218817, 3787839.294193244539201 ], [ 758981.473501831525937, 3787848.538453003857285 ], [ 758973.792459555668756, 3787848.326502449344844 ], [ 758973.537377122789621, 3787857.570762057323009 ], [ 758965.85634263290558, 3787857.35881755920127 ], [ 758965.601267233956605, 3787866.603077020030469 ], [ 758942.558187728514895, 3787865.967280592769384 ] ] ] } },
{ "type": "Feature", "properties": { "Code": 50, "type": "urbain" }, "geometry": { "type": "Polygon", "coordinates": [ [ [ 759042.411545449402183, 3787868.722807957790792 ], [ 759042.921847346937284, 3787850.234284245874733 ], [ 759050.602891449816525, 3787850.446291501168162 ], [ 759050.347733193077147, 3787859.690553553868085 ], [ 759058.028769917553291, 3787859.902567354496568 ], [ 759057.773603529552929, 3787869.146829747594893 ], [ 759042.411545449402183, 3787868.722807957790792 ] ] ] } },
{ "type": "Feature", "properties": { "Code": 50, "type": "urbain" }, "geometry": { "type": "Polygon", "coordinates": [ [ [ 760202.249218740849756, 3787900.807328121270984 ], [ 760202.50551492755767, 3787891.563029223587364 ], [ 760217.867649648454972, 3787891.988953218795359 ], [ 760217.611338296439499, 3787901.233252606820315 ], [ 760202.249218740849756, 3787900.807328121270984 ] ] ] } },
{ "type": "Feature", "properties": { "Code": 60, "type": "bare" }, "geometry": { "type": "Polygon", "coordinates": [ [ [ 760324.8897799779661, 3787913.459732578601688 ], [ 760332.570835335645825, 3787913.672792723868042 ], [ 760332.827260979334824, 3787904.428489556070417 ], [ 760355.870451025897637, 3787905.067707058507949 ], [ 760356.639792892499827, 3787877.334795916918665 ], [ 760379.68305302108638, 3787877.974067911040038 ], [ 760379.939521954860538, 3787868.729763652663678 ], [ 760349.215145194320939, 3787867.877414576243609 ], [ 760348.958706591045484, 3787877.121717852540314 ], [ 760318.23436342831701, 3787876.269468600861728 ], [ 760317.977954604313709, 3787885.513770991005003 ], [ 760310.296876906068064, 3787885.300724184606224 ], [ 760309.784072769107297, 3787903.789328758139163 ], [ 760325.146198038943112, 3787904.215429657138884 ], [ 760324.8897799779661, 3787913.459732578601688 ] ] ] } },
{ "type": "Feature", "properties": { "Code": 30, "type": "prairie" }, "geometry": { "type": "Polygon", "coordinates": [ [ [ 760993.399438094580546, 3787922.775211052037776 ], [ 760993.656515304930508, 3787913.530886827036738 ], [ 761001.337603608262725, 3787913.74449462397024 ], [ 761001.080518814967945, 3787922.988819096237421 ], [ 760993.399438094580546, 3787922.775211052037776 ] ] ] } },
{ "type": "Feature", "properties": { "Code": 50, "type": "urbain" }, "geometry": { "type": "Polygon", "coordinates": [ [ [ 758989.154544309829362, 3787848.750409858301282 ], [ 758989.664737859275192, 3787830.261889948975295 ], [ 759005.026853755814955, 3787830.68582158209756 ], [ 759004.771742090699263, 3787839.930081976111978 ], [ 758997.090691623277962, 3787839.718112764880061 ], [ 758996.835586991743185, 3787848.962373012211174 ], [ 758989.154544309829362, 3787848.750409858301282 ] ] ] } },
{ "type": "Feature", "properties": { "Code": 50, "type": "urbain" }, "geometry": { "type": "Polygon", "coordinates": [ [ [ 759817.428740468458273, 3787917.900266952812672 ], [ 759832.790794142521918, 3787918.325562871526927 ], [ 759833.046728014131077, 3787909.081275466363877 ], [ 759848.408797667128965, 3787909.506596094928682 ], [ 759848.664746153634042, 3787900.262308294884861 ], [ 759840.983703642035834, 3787900.049645074177533 ], [ 759841.239643995533697, 3787890.805357614066452 ], [ 759833.5585941063473, 3787890.592700940556824 ], [ 759834.070457996800542, 3787872.104126796592027 ], [ 759826.389393144985661, 3787871.891476913820952 ], [ 759826.645316682173871, 3787862.647190228104591 ], [ 759803.602100601769052, 3787862.009279115591198 ], [ 759803.346199812251143, 3787871.253565065097064 ], [ 759818.708328496781178, 3787871.678833330050111 ], [ 759818.452411991776899, 3787880.923119863495231 ], [ 759826.13346905738581, 3787881.135763691272587 ], [ 759825.877544419607148, 3787890.38005056604743 ], [ 759818.196494936477393, 3787890.167406493332237 ], [ 759817.428740468458273, 3787917.900266952812672 ] ] ] } },
{ "type": "Feature", "properties": { "Code": 30, "type": "prairie" }, "geometry": { "type": "Polygon", "coordinates": [ [ [ 758981.473501831525937, 3787848.538453003857285 ], [ 758989.154544309829362, 3787848.750409858301282 ], [ 758989.664737859275192, 3787830.261889948975295 ], [ 758974.302622775663622, 3787829.837983517441899 ], [ 758974.047541439998895, 3787839.082242934964597 ], [ 758981.728591298218817, 3787839.294193244539201 ], [ 758981.473501831525937, 3787848.538453003857285 ] ] ] } },
{ "type": "Feature", "properties": { "Code": 50, "type": "urbain" }, "geometry": { "type": "Polygon", "coordinates": [ [ [ 759788.239957566955127, 3787861.584036542102695 ], [ 759788.495842640986666, 3787852.339751181192696 ], [ 759803.858000840991735, 3787852.764993263408542 ], [ 759803.602100601769052, 3787862.009279115591198 ], [ 759788.239957566955127, 3787861.584036542102695 ] ] ] } },
{ "type": "Feature", "properties": { "Code": 60, "type": "bare" }, "geometry": { "type": "Polygon", "coordinates": [ [ [ 760395.045227460446768, 3787878.400280742906034 ], [ 760395.3017115596449, 3787869.155975992791355 ], [ 760402.982806668733247, 3787869.369091614149511 ], [ 760402.726314986823127, 3787878.61339661013335 ], [ 760395.045227460446768, 3787878.400280742906034 ] ] ] } },
{ "type": "Feature", "properties": { "Code": 20, "type": "foret_claire" }, "geometry": { "type": "Polygon", "coordinates": [ [ [ 759999.980718091246672, 3787987.715533551294357 ], [ 760000.749030074337497, 3787959.982653431594372 ], [ 760031.473036475596018, 3787960.833879231940955 ], [ 760033.009827557019889, 3787905.368115677963942 ], [ 760048.371922974241897, 3787905.793763435911387 ], [ 760048.628068058635108, 3787896.549469352699816 ], [ 760056.309123655082658, 3787896.762302437331527 ], [ 760056.565275771310553, 3787887.518008203711361 ], [ 760079.608466533245519, 3787888.156544523313642 ], [ 760079.864640846382827, 3787878.91224965127185 ], [ 760095.226784205646254, 3787879.337971542030573 ], [ 760095.482973133213818, 3787870.093676271848381 ], [ 760118.526212449651212, 3787870.732305623590946 ], [ 760118.782423574128188, 3787861.48800971545279 ], [ 760134.144599303021096, 3787861.91379362763837 ], [ 760134.400825041811913, 3787852.669497322291136 ], [ 760142.081920794444159, 3787852.882398483809084 ], [ 760141.825687473174185, 3787862.126695035491139 ], [ 760149.506775847868994, 3787862.339602742809802 ], [ 760148.994292387040332, 3787880.828196622431278 ], [ 760133.632146172691137, 3787880.402386526111513 ], [ 760133.37591878103558, 3787889.646683116909117 ], [ 760125.694853562745266, 3787889.433787274174392 ], [ 760124.926190829719417, 3787917.166676885914057 ], [ 760094.202022986020893, 3787916.315153572242707 ], [ 760094.458214117330499, 3787907.070857922546566 ], [ 760086.777165083913133, 3787906.857993090059608 ], [ 760087.033348081633449, 3787897.613697780296206 ], [ 760071.67123546032235, 3787897.18798750732094 ], [ 760071.415067628026009, 3787906.432282327208668 ], [ 760063.734019206371158, 3787906.219436395913363 ], [ 760062.965535151888616, 3787933.952320689801127 ], [ 760070.646560825407505, 3787934.165167355909944 ], [ 760070.902730310452171, 3787924.920872251037508 ], [ 760093.945831303717569, 3787925.559449317865074 ], [ 760093.433446286595426, 3787944.048041096888483 ], [ 760085.752427584026009, 3787943.83517528232187 ], [ 760085.496241831802763, 3787953.079471069388092 ], [ 760070.13422020280268, 3787952.653757852967829 ], [ 760069.878049065126106, 3787961.898053242824972 ], [ 760062.197046139859594, 3787961.685205840039998 ], [ 760061.94088203413412, 3787970.929501081351191 ], [ 760038.897897228598595, 3787970.290995938703418 ], [ 760038.641755320364609, 3787979.535290538333356 ], [ 760023.279781635617837, 3787979.109651456121355 ], [ 760023.023654342279769, 3787988.353945659007877 ], [ 759999.980718091246672, 3787987.715533551294357 ] ] ] } },
{ "type": "Feature", "properties": { "Code": 30, "type": "prairie" }, "geometry": { "type": "Polygon", "coordinates": [ [ [ 758857.556971705169417, 3787882.12502450728789 ], [ 758859.34175258630421, 3787817.415232897736132 ], [ 758867.022814564057626, 3787817.627088216133416 ], [ 758867.277788650477305, 3787808.382832409348339 ], [ 758882.639928378746845, 3787808.806561458855867 ], [ 758882.384939127834514, 3787818.050817753653973 ], [ 758890.066001713857986, 3787818.262691974174231 ], [ 758889.811004332383163, 3787827.506948607973754 ], [ 758905.173114949837327, 3787827.930716435890645 ], [ 758904.663088212255388, 3787846.41923096915707 ], [ 758896.982047966565005, 3787846.207343416288495 ], [ 758897.237054027384147, 3787836.963086345233023 ], [ 758889.556006402242929, 3787836.75120533676818 ], [ 758889.046008897130378, 3787855.239719084929675 ], [ 758873.683944586082362, 3787854.815974991768599 ], [ 758873.938928448245861, 3787845.571718560066074 ], [ 758866.257889014901593, 3787845.359856207855046 ], [ 758865.237980606267229, 3787882.33688153559342 ], [ 758857.556971705169417, 3787882.12502450728789 ] ] ] } },
{ "type": "Feature", "properties": { "Code": 20, "type": "foret_claire" }, "geometry": { "type": "Polygon", "coordinates": [ [ [ 760860.508537557325326, 3788002.343722923193127 ], [ 760868.189546554465778, 3788002.557226072996855 ], [ 760868.703467718558386, 3787984.068583885207772 ], [ 760876.384492086130194, 3787984.282092844136059 ], [ 760876.641459422186017, 3787975.037771646864712 ], [ 760868.960427471669391, 3787974.82426293566823 ], [ 760869.731303415959701, 3787947.091300652362406 ], [ 760862.050248921383172, 3787946.877798980101943 ], [ 760862.821097143925726, 3787919.14483829215169 ], [ 760878.18325183482375, 3787919.571846461854875 ], [ 760878.44021530286409, 3787910.327525929547846 ], [ 760886.121300537488423, 3787910.541039219591767 ], [ 760886.378271035617217, 3787901.296718537807465 ], [ 760909.421550716040656, 3787901.937295469921082 ], [ 760909.67854341014754, 3787892.692974143661559 ], [ 760917.359644629061222, 3787892.906512143090367 ], [ 760917.616644353256561, 3787883.662190666887909 ], [ 760894.573318562470376, 3787883.021596309263259 ], [ 760894.31634158664383, 3787892.265917047392577 ], [ 760878.954140581190586, 3787891.838885152712464 ], [ 760879.468063649255782, 3787873.350244757253677 ], [ 760871.786948287626728, 3787873.136738752946258 ], [ 760872.557805997086689, 3787845.40377960819751 ], [ 760864.876668091863394, 3787845.190280643757433 ], [ 760865.133611973840743, 3787835.945961367804557 ], [ 760857.452466691145673, 3787835.732468948699534 ], [ 760856.938593539875001, 3787854.221107106655836 ], [ 760849.257463626330718, 3787854.007620496209711 ], [ 760848.486672503640875, 3787881.7405777098611 ], [ 760840.805565544054843, 3787881.52709666127339 ], [ 760840.034792197169736, 3787909.260053990408778 ], [ 760824.672624385682866, 3787908.833109319675714 ], [ 760823.901891563204117, 3787936.566066029947251 ], [ 760839.264013877720572, 3787936.993012178689241 ], [ 760839.007086666184478, 3787946.237331765238196 ], [ 760846.688140546204522, 3787946.450814535841346 ], [ 760846.431205199216492, 3787955.695134463720024 ], [ 760854.112251702114008, 3787955.908623781055212 ], [ 760853.855308219790459, 3787965.15294404886663 ], [ 760861.536347343586385, 3787965.36643991433084 ], [ 760860.508537557325326, 3788002.343722923193127 ] ] ] } },
{ "type": "Feature", "properties": { "Code": 30, "type": "prairie" }, "geometry": { "type": "Polygon", "coordinates": [ [ [ 759920.610626383684576, 3788078.030818121507764 ], [ 759928.291527062421665, 3788078.243555304594338 ], [ 759928.547568868147209, 3788068.999263090547174 ], [ 759943.90938600548543, 3788069.424755868501961 ], [ 759944.165442426572554, 3788060.180463258177042 ], [ 759959.527275544009171, 3788060.605980748776346 ], [ 759959.783346580341458, 3788051.361687743104994 ], [ 759975.145195678807795, 3788051.78722994402051 ], [ 759975.40128133026883, 3788042.542936545796692 ], [ 759998.444079255568795, 3788043.181296364869922 ], [ 759998.700187104986981, 3788033.937002324033529 ], [ 760014.062068573082797, 3788034.362606547772884 ], [ 760014.318191037513316, 3788025.11831211252138 ], [ 760021.999139660503715, 3788025.331123430747539 ], [ 760021.74300961336121, 3788034.57541811093688 ], [ 760029.423950856202282, 3788034.788235974498093 ], [ 760029.16781267512124, 3788044.032530997414142 ], [ 760013.805945558007807, 3788043.606901080347598 ], [ 760013.549821991939098, 3788052.851195706054568 ], [ 760021.230747866211459, 3788053.0640077595599 ], [ 760020.974616166669875, 3788062.308302727527916 ], [ 760044.01737226289697, 3788062.946777427569032 ], [ 760044.529680609004572, 3788044.458186116535217 ], [ 760036.848746540024877, 3788044.245355406310409 ], [ 760037.361037517082877, 3788025.756764967925847 ], [ 760045.041986751602963, 3788025.969595186877996 ], [ 760045.298138996702619, 3788016.725299865007401 ], [ 760060.660053242580034, 3788017.150978713762015 ], [ 760060.916220102692023, 3788007.90668299747631 ], [ 760068.597185113932937, 3788008.119531627278775 ], [ 760069.365705137257464, 3787980.386644311714917 ], [ 760092.408669641241431, 3787981.025225796736777 ], [ 760092.664864628808573, 3787971.780929478351027 ], [ 760100.345860787667334, 3787971.993802328594029 ], [ 760100.602062807185575, 3787962.749505860265344 ], [ 760123.645075254724361, 3787963.388161477632821 ], [ 760123.388850486837327, 3787972.632458683103323 ], [ 760131.069847460719757, 3787972.845356734935194 ], [ 760130.55738110630773, 3787991.333951918408275 ], [ 760153.600327755208127, 3787991.972685351036489 ], [ 760153.344071003026329, 3788001.216983823105693 ], [ 760161.025046044727787, 3788001.429907812736928 ], [ 760161.281310379854403, 3787992.185609096195549 ], [ 760168.962293207878247, 3787992.398539141286165 ], [ 760169.218564574606717, 3787983.154240275267512 ], [ 760161.537574163870886, 3787982.941310474649072 ], [ 760162.05010007857345, 3787964.452713516075164 ], [ 760169.731105654966086, 3787964.665642824489623 ], [ 760169.987375368596986, 3787955.421344244387001 ], [ 760162.306362209375948, 3787955.208415180444717 ], [ 760162.562623789068311, 3787945.964116939809173 ], [ 760200.967729540541768, 3787947.028824034612626 ], [ 760201.224028482916765, 3787937.784524661488831 ], [ 760231.948147086659446, 3787938.636402763426304 ], [ 760232.204475808888674, 3787929.392102503217757 ], [ 760247.566551500349306, 3787929.818078865297139 ], [ 760247.822894836775959, 3787920.57377821020782 ], [ 760255.503940570983104, 3787920.786775596439838 ], [ 760255.247589651844464, 3787930.031076496932656 ], [ 760262.928628007997759, 3787930.244080430828035 ], [ 760262.672268954804167, 3787939.488381673581898 ], [ 760270.353299931739457, 3787939.701392151415348 ], [ 760270.86603265220765, 3787921.212789270561188 ], [ 760286.228125550318509, 3787921.638828146737069 ], [ 760286.740886396495625, 3787903.150224664714187 ], [ 760309.784072769107297, 3787903.789328758139163 ], [ 760310.296876906068064, 3787885.300724184606224 ], [ 760317.977954604313709, 3787885.513770991005003 ], [ 760318.23436342831701, 3787876.269468600861728 ], [ 760348.958706591045484, 3787877.121717852540314 ], [ 760349.215145194320939, 3787867.877414576243609 ], [ 760379.939521954860538, 3787868.729763652663678 ], [ 760379.68305302108638, 3787877.974067911040038 ], [ 760356.639792892499827, 3787877.334795916918665 ], [ 760355.870451025897637, 3787905.067707058507949 ], [ 760363.551514783292077, 3787905.280792159959674 ], [ 760363.807970206486061, 3787896.036488104611635 ], [ 760379.170113498694263, 3787896.462676717434078 ], [ 760379.426583535503596, 3787887.218372267670929 ], [ 760394.78874280967284, 3787887.644585591740906 ], [ 760395.3017115596449, 3787869.155975992791355 ], [ 760402.982806668733247, 3787869.369091614149511 ], [ 760403.239297798951156, 3787860.124786711763591 ], [ 760387.877092620474286, 3787859.698562261648476 ], [ 760388.133568033808842, 3787850.454257945995778 ], [ 760349.728020746493712, 3787849.388808307237923 ], [ 760349.4715832460206, 3787858.633111394476146 ], [ 760318.747179422294721, 3787857.780864107888192 ], [ 760318.490771700977348, 3787867.025166307576001 ], [ 760287.766401472850703, 3787866.173018844798207 ], [ 760287.510023530805483, 3787875.417320155538619 ], [ 760256.785686897812411, 3787874.565272517502308 ], [ 760257.042034509358928, 3787865.320972189307213 ], [ 760264.723125944263302, 3787865.533974401187152 ], [ 760265.492188219213858, 3787837.801073246635497 ], [ 760280.854417196242139, 3787838.227095101028681 ], [ 760281.110785350436345, 3787828.98279441613704 ], [ 760273.429663176997565, 3787828.769780583214015 ], [ 760273.686023197136819, 3787819.525480239652097 ], [ 760227.599248949089088, 3787818.247531030792743 ], [ 760227.342934424057603, 3787827.491829900536686 ], [ 760219.661813679151237, 3787827.278860170859843 ], [ 760219.40550618537236, 3787836.523158892989159 ], [ 760204.04328047321178, 3787836.097237844020128 ], [ 760204.299572801683098, 3787826.852939614094794 ], [ 760181.256213015527464, 3787826.214106031227857 ], [ 760180.999943434726447, 3787835.458403524011374 ], [ 760165.637719762511551, 3787835.0325454804115 ], [ 760165.381464795675129, 3787844.276842577382922 ], [ 760157.700360847869888, 3787844.063922760076821 ], [ 760157.444112912518904, 3787853.308219708502293 ], [ 760149.76301675173454, 3787853.09530594618991 ], [ 760148.994292387040332, 3787880.828196622431278 ], [ 760133.632146172691137, 3787880.402386526111513 ], [ 760133.37591878103558, 3787889.646683116909117 ], [ 760125.694853562745266, 3787889.433787274174392 ], [ 760124.926190829719417, 3787917.166676885914057 ], [ 760094.202022986020893, 3787916.315153572242707 ], [ 760094.458214117330499, 3787907.070857922546566 ], [ 760086.777165083913133, 3787906.857993090059608 ], [ 760087.033348081633449, 3787897.613697780296206 ], [ 760071.67123546032235, 3787897.18798750732094 ], [ 760071.415067628026009, 3787906.432282327208668 ], [ 760063.734019206371158, 3787906.219436395913363 ], [ 760062.965535151888616, 3787933.952320689801127 ], [ 760070.646560825407505, 3787934.165167355909944 ], [ 760070.902730310452171, 3787924.920872251037508 ], [ 760093.945831303717569, 3787925.559449317865074 ], [ 760093.433446286595426, 3787944.048041096888483 ], [ 760085.752427584026009, 3787943.83517528232187 ], [ 760085.496241831802763, 3787953.079471069388092 ], [ 760070.13422020280268, 3787952.653757852967829 ], [ 760069.878049065126106, 3787961.898053242824972 ], [ 760062.197046139859594, 3787961.685205840039998 ], [ 760061.94088203413412, 3787970.929501081351191 ], [ 760038.897897228598595, 3787970.290995938703418 ], [ 760038.641755320364609, 3787979.535290538333356 ], [ 760023.279781635617837, 3787979.109651456121355 ], [ 760023.023654342279769, 3787988.353945659007877 ], [ 759999.980718091246672, 3787987.715533551294357 ], [ 759999.468507348909043, 3788006.20412077428773 ], [ 759991.787544171791524, 3788005.99132884806022 ], [ 759991.531445557251573, 3788015.235622357111424 ], [ 759976.169534980668686, 3788014.810056916903704 ], [ 759975.913450981257483, 3788024.054350031539798 ], [ 759968.232503581675701, 3788023.841576516162604 ], [ 759967.976426614448428, 3788033.08586947992444 ], [ 759960.295487001072615, 3788032.873102019075304 ], [ 759960.039417065912858, 3788042.11739483429119 ], [ 759936.996622197795659, 3788041.479129522107542 ], [ 759938.020807639928535, 3788004.501961781643331 ], [ 759930.339846093091182, 3788004.289220259059221 ], [ 759930.595883494243026, 3787995.044928807299584 ], [ 759907.552977330051363, 3787994.406742780469358 ], [ 759907.296962677151896, 3788003.65103349648416 ], [ 759899.616001945454627, 3788003.438317175488919 ], [ 759899.359994324855506, 3788012.682607742026448 ], [ 759891.679041379829869, 3788012.469897476490587 ], [ 759891.423040791531093, 3788021.71418789261952 ], [ 759876.061150678782724, 3788021.288785774726421 ], [ 759875.805164705845527, 3788030.53307579504326 ], [ 759868.124227538122796, 3788030.320383941289037 ], [ 759867.868248597485945, 3788039.564673812594265 ], [ 759875.549178182263859, 3788039.777365912217647 ], [ 759874.781215309049003, 3788067.510236834641546 ], [ 759920.866660606465302, 3788068.786526152398437 ], [ 759920.610626383684576, 3788078.030818121507764 ] ], [ [ 759907.040947473724373, 3788012.895324307028204 ], [ 759907.296962677151896, 3788003.65103349648416 ], [ 759914.977923612110317, 3788003.863756116945297 ], [ 759914.721900825854391, 3788013.108047172892839 ], [ 759907.040947473724373, 3788012.895324307028204 ] ], [ [ 760163.075145295471884, 3787927.475520743057132 ], [ 760163.587664597318508, 3787908.986924928147346 ], [ 760178.949766947655007, 3787909.412786900997162 ], [ 760179.206040937337093, 3787900.168488644994795 ], [ 760186.887100001331419, 3787900.381428837776184 ], [ 760186.630818428937346, 3787909.625727338250726 ], [ 760194.311870113713667, 3787909.838674075435847 ], [ 760193.799290150171146, 3787928.327271854504943 ], [ 760163.075145295471884, 3787927.475520743057132 ] ], [ [ 760201.992922003148124, 3787910.051627113483846 ], [ 760202.50551492755767, 3787891.563029223587364 ], [ 760217.867649648454972, 3787891.988953218795359 ], [ 760217.355026393313892, 3787910.477552089374512 ], [ 760201.992922003148124, 3787910.051627113483846 ] ], [ [ 760257.811074036406353, 3787837.58807177003473 ], [ 760258.067419442930259, 3787828.343771820887923 ], [ 760265.74854120821692, 3787828.556773052550852 ], [ 760265.492188219213858, 3787837.801073246635497 ], [ 760257.811074036406353, 3787837.58807177003473 ] ] ] } },
{ "type": "Feature", "properties": { "Code": 20, "type": "foret_claire" }, "geometry": { "type": "Polygon", "coordinates": [ [ [ 759256.969703812850639, 3787893.149944088421762 ], [ 759272.331742941983975, 3787893.574319669511169 ], [ 759272.842501981765963, 3787875.085780902765691 ], [ 759288.204572253744118, 3787875.510180705692619 ], [ 759288.459966114955023, 3787866.26591097516939 ], [ 759303.822052365052514, 3787866.690335490275174 ], [ 759304.588276147609577, 3787838.957525406498462 ], [ 759319.950408706208691, 3787839.381973655894399 ], [ 759320.461252144537866, 3787820.893433096352965 ], [ 759328.142333893105388, 3787821.105666182003915 ], [ 759328.653190299053676, 3787802.617125515826046 ], [ 759320.972093385877088, 3787802.40489292005077 ], [ 759321.227513182559051, 3787793.160622975789011 ], [ 759313.546408889815211, 3787792.948396925348788 ], [ 759313.29099667549599, 3787802.192666624672711 ], [ 759297.92880386498291, 3787801.768232934176922 ], [ 759297.673406266141683, 3787811.012502240482718 ], [ 759289.992317747906782, 3787810.800294601358473 ], [ 759289.226144402753562, 3787838.533102358691394 ], [ 759281.545078835682943, 3787838.320900285616517 ], [ 759281.289694204810075, 3787847.565169483423233 ], [ 759273.608636422781274, 3787847.352973464876413 ], [ 759273.097880678018555, 3787865.84151165978983 ], [ 759265.416838264092803, 3787865.62932145409286 ], [ 759265.67220882861875, 3787856.385052553378046 ], [ 759257.991159036173485, 3787856.17286889301613 ], [ 759258.246521469205618, 3787846.928600330837071 ], [ 759250.565464297076687, 3787846.716423212550581 ], [ 759250.054754046839662, 3787865.204959940165281 ], [ 759257.735796054126695, 3787865.417137546464801 ], [ 759256.969703812850639, 3787893.149944088421762 ] ] ] } },
{ "type": "Feature", "properties": { "Code": 60, "type": "bare" }, "geometry": { "type": "Polygon", "coordinates": [ [ [ 759319.184139428893104, 3787867.11478520790115 ], [ 759319.694986163172871, 3787848.626244076061994 ], [ 759327.376045164419338, 3787848.838477896060795 ], [ 759327.631475289817899, 3787839.594207229558378 ], [ 759335.312542077503167, 3787839.806447103619576 ], [ 759335.567979236133397, 3787830.562176288571209 ], [ 759358.611203565029427, 3787831.198932980652899 ], [ 759358.100283203879371, 3787849.687476174905896 ], [ 759350.419223388773389, 3787849.47521715471521 ], [ 759350.163769966573454, 3787858.719488652423024 ], [ 759334.801666112150997, 3787858.29498902335763 ], [ 759334.546227305661887, 3787867.539260124322027 ], [ 759319.184139428893104, 3787867.11478520790115 ] ] ] } },
{ "type": "Feature", "properties": { "Code": 10, "type": "foret" }, "geometry": { "type": "Polygon", "coordinates": [ [ [ 758951.259451672667637, 3787829.202171123120934 ], [ 758951.514509712927975, 3787819.957912533544004 ], [ 758959.195574126672, 3787820.169843454379588 ], [ 758958.940508504165336, 3787829.414102288428694 ], [ 758951.259451672667637, 3787829.202171123120934 ] ] ] } },
{ "type": "Feature", "properties": { "Code": 20, "type": "foret_claire" }, "geometry": { "type": "Polygon", "coordinates": [ [ [ 760617.540144081111066, 3787893.827510835137218 ], [ 760625.221229947404936, 3787894.040809660684317 ], [ 760625.477942079422064, 3787884.796497439034283 ], [ 760633.159035733435303, 3787885.00980231910944 ], [ 760632.902316018706188, 3787894.254114788025618 ], [ 760648.264488773071207, 3787894.680743941571563 ], [ 760648.521223653224297, 3787885.436430980917066 ], [ 760640.840129591757432, 3787885.223113500047475 ], [ 760641.353582530049607, 3787866.734488360583782 ], [ 760633.672473506303504, 3787866.521177670918405 ], [ 760633.929191564791836, 3787857.276865488383919 ], [ 760610.885842972202227, 3787856.636971962638199 ], [ 760610.37245179945603, 3787875.125594946090132 ], [ 760618.053552627330646, 3787875.338886980433017 ], [ 760617.540144081111066, 3787893.827510835137218 ] ] ] } },
{ "type": "Feature", "properties": { "Code": 50, "type": "urbain" }, "geometry": { "type": "Polygon", "coordinates": [ [ [ 759005.281964872265235, 3787821.441561281681061 ], [ 759005.537075440282933, 3787812.197301076725125 ], [ 759013.218148857238702, 3787812.409275853540748 ], [ 759012.963030706974678, 3787821.653536303900182 ], [ 759005.281964872265235, 3787821.441561281681061 ] ] ] } },
{ "type": "Feature", "properties": { "Code": 30, "type": "prairie" }, "geometry": { "type": "Polygon", "coordinates": [ [ [ 759389.335505517665297, 3787832.048030105885118 ], [ 759389.590995203820057, 3787822.803757670335472 ], [ 759397.27207878313493, 3787823.016047457698733 ], [ 759397.016581514617428, 3787832.260320137254894 ], [ 759389.335505517665297, 3787832.048030105885118 ] ] ] } },
{ "type": "Feature", "properties": { "Code": 20, "type": "foret_claire" }, "geometry": { "type": "Polygon", "coordinates": [ [ [ 759980.778952804743312, 3787848.412797166034579 ], [ 759981.035026341443881, 3787839.168505862820894 ], [ 759988.716125599225052, 3787839.381280771456659 ], [ 759988.460044479928911, 3787848.625572320539504 ], [ 759980.778952804743312, 3787848.412797166034579 ] ] ] } },
{ "type": "Feature", "properties": { "Code": 20, "type": "foret_claire" }, "geometry": { "type": "Polygon", "coordinates": [ [ [ 760402.726314986823127, 3787878.61339661013335 ], [ 760418.088490651454777, 3787879.039647244848311 ], [ 760418.858009538147599, 3787851.306731064803898 ], [ 760395.814678103313781, 3787850.667366774287075 ], [ 760395.558195107267238, 3787859.911671337205917 ], [ 760403.239297798951156, 3787860.124786711763591 ], [ 760402.726314986823127, 3787878.61339661013335 ] ] ] } },
{ "type": "Feature", "properties": { "Code": 30, "type": "prairie" }, "geometry": { "type": "Polygon", "coordinates": [ [ [ 759074.411564697977155, 3787823.349563284311444 ], [ 759089.773700226913206, 3787823.773633031174541 ], [ 759090.539280501310714, 3787796.040844636037946 ], [ 759098.220371317816898, 3787796.252888226415962 ], [ 759098.475571227259934, 3787787.008625376038253 ], [ 759090.794472828391008, 3787786.796582030132413 ], [ 759091.304855836322531, 3787768.308057102374732 ], [ 759083.623742476804182, 3787768.0960205453448 ], [ 759082.858189888531342, 3787795.828807345591486 ], [ 759067.496009271359071, 3787795.404751666821539 ], [ 759066.985668464447372, 3787813.893275700509548 ], [ 759074.666743506910279, 3787814.105300879105926 ], [ 759074.411564697977155, 3787823.349563284311444 ] ] ] } },
{ "type": "Feature", "properties": { "Code": 30, "type": "prairie" }, "geometry": { "type": "Polygon", "coordinates": [ [ [ 759397.27207878313493, 3787823.016047457698733 ], [ 759397.527575502288528, 3787813.771774875000119 ], [ 759420.570850207121111, 3787814.408681303728372 ], [ 759420.31533074087929, 3787823.652954620774835 ], [ 759397.27207878313493, 3787823.016047457698733 ] ] ] } },
{ "type": "Feature", "properties": { "Code": 30, "type": "prairie" }, "geometry": { "type": "Polygon", "coordinates": [ [ [ 761017.471077389782295, 3787886.438754802569747 ], [ 761040.514413000899367, 3787887.079651585780084 ], [ 761040.771533496794291, 3787877.835326264146715 ], [ 761048.452653359738179, 3787878.048970879986882 ], [ 761048.96690785838291, 3787859.560320028103888 ], [ 761056.648043091641739, 3787859.773970450740308 ], [ 761057.162310543819331, 3787841.285319488029927 ], [ 761064.843461146694608, 3787841.498975719790906 ], [ 761065.100601626210846, 3787832.254650133196265 ], [ 761042.057127682492137, 3787831.613701079972088 ], [ 761041.028653439716436, 3787868.591001036576927 ], [ 761025.666399163426831, 3787868.163731198757887 ], [ 761026.180607059504837, 3787849.675082015339285 ], [ 761010.818323270184919, 3787849.247838366776705 ], [ 761010.304145704954863, 3787867.736486564390361 ], [ 761017.98527233209461, 3787867.950105731375515 ], [ 761017.471077389782295, 3787886.438754802569747 ] ] ] } },
{ "type": "Feature", "properties": { "Code": 30, "type": "prairie" }, "geometry": { "type": "Polygon", "coordinates": [ [ [ 759420.570850207121111, 3787814.408681303728372 ], [ 759420.826369123999029, 3787805.164408080745488 ], [ 759428.507468681083992, 3787805.376722578890622 ], [ 759428.762994630727917, 3787796.13244920829311 ], [ 759451.806317270151339, 3787796.769429770298302 ], [ 759451.550768573419191, 3787806.013703875709325 ], [ 759436.188568442128599, 3787805.589043377432972 ], [ 759435.933034360525198, 3787814.833317089825869 ], [ 759420.570850207121111, 3787814.408681303728372 ] ] ] } },
{ "type": "Feature", "properties": { "Code": 60, "type": "bare" }, "geometry": { "type": "Polygon", "coordinates": [ [ [ 760257.811074036406353, 3787837.58807177003473 ], [ 760258.067419442930259, 3787828.343771820887923 ], [ 760265.74854120821692, 3787828.556773052550852 ], [ 760265.492188219213858, 3787837.801073246635497 ], [ 760257.811074036406353, 3787837.58807177003473 ] ] ] } },
{ "type": "Feature", "properties": { "Code": 30, "type": "prairie" }, "geometry": { "type": "Polygon", "coordinates": [ [ [ 760972.155566785251722, 3787857.424162320327014 ], [ 760972.41261737793684, 3787848.179839501157403 ], [ 760980.093758147209883, 3787848.393426673486829 ], [ 760979.836699972045608, 3787857.637749738991261 ], [ 760972.155566785251722, 3787857.424162320327014 ] ] ] } },
{ "type": "Feature", "properties": { "Code": 20, "type": "foret_claire" }, "geometry": { "type": "Polygon", "coordinates": [ [ [ 760204.04328047321178, 3787836.097237844020128 ], [ 760219.40550618537236, 3787836.523158892989159 ], [ 760219.91812062158715, 3787818.034561546519399 ], [ 760212.236992497928441, 3787817.821598363108933 ], [ 760212.493291306775063, 3787808.577300077769905 ], [ 760197.131020507426001, 3787808.151393103878945 ], [ 760196.874736863654107, 3787817.395690897013992 ], [ 760189.193609352805652, 3787817.182746615726501 ], [ 760188.93733274040278, 3787826.427044258918613 ], [ 760204.299572801683098, 3787826.852939614094794 ], [ 760204.04328047321178, 3787836.097237844020128 ] ] ] } },
{ "type": "Feature", "properties": { "Code": 50, "type": "urbain" }, "geometry": { "type": "Polygon", "coordinates": [ [ [ 759029.345692953676917, 3787785.100462070200592 ], [ 759029.855954645434394, 3787766.611941053066403 ], [ 759037.537066583056003, 3787766.823933508247137 ], [ 759037.026789726805873, 3787785.312455014325678 ], [ 759029.345692953676917, 3787785.100462070200592 ] ] ] } },
{ "type": "Feature", "properties": { "Code": 50, "type": "urbain" }, "geometry": { "type": "Polygon", "coordinates": [ [ [ 759567.022957936162129, 3787799.955183112993836 ], [ 759567.278619818971492, 3787790.710905428510159 ], [ 759574.959738407284021, 3787790.923339141067117 ], [ 759575.471075688139535, 3787772.434783569537103 ], [ 759598.51447816810105, 3787773.07212104042992 ], [ 759598.003095393069088, 3787791.560678082052618 ], [ 759590.321976194158196, 3787791.348225467838347 ], [ 759590.066291564144194, 3787800.592503887135535 ], [ 759567.022957936162129, 3787799.955183112993836 ] ] ] } },
{ "type": "Feature", "properties": { "Code": 20, "type": "foret_claire" }, "geometry": { "type": "Polygon", "coordinates": [ [ [ 760256.785686897812411, 3787874.565272517502308 ], [ 760287.510023530805483, 3787875.417320155538619 ], [ 760287.766401472850703, 3787866.173018844798207 ], [ 760318.490771700977348, 3787867.025166307576001 ], [ 760318.747179422294721, 3787857.780864107888192 ], [ 760349.4715832460206, 3787858.633111394476146 ], [ 760349.728020746493712, 3787849.388808307237923 ], [ 760380.452458168030716, 3787850.241155417636037 ], [ 760380.708925447193906, 3787840.996851442847401 ], [ 760373.027808202896267, 3787840.783755461219698 ], [ 760373.797183983959258, 3787813.050844845362008 ], [ 760366.116044196533039, 3787812.837755900807679 ], [ 760366.372494104551151, 3787803.593452797736973 ], [ 760351.010199976153672, 3787803.167294300626963 ], [ 760351.266634167637676, 3787793.922991785686463 ], [ 760328.223171760095283, 3787793.283802029211074 ], [ 760327.453935773926787, 3787821.016707650851458 ], [ 760312.091674016905017, 3787820.590611173771322 ], [ 760312.604468228993937, 3787802.102008312940598 ], [ 760304.923322492162697, 3787801.888970016501844 ], [ 760305.179711188655347, 3787792.644668975379318 ], [ 760251.411643665400334, 3787791.153579030651599 ], [ 760250.898971876362339, 3787809.642177770379931 ], [ 760243.217835354153067, 3787809.429189630784094 ], [ 760242.961506215156987, 3787818.673488898668438 ], [ 760273.686023197136819, 3787819.525480239652097 ], [ 760273.429663176997565, 3787828.769780583214015 ], [ 760281.110785350436345, 3787828.98279441613704 ], [ 760280.854417196242139, 3787838.227095101028681 ], [ 760265.492188219213858, 3787837.801073246635497 ], [ 760264.723125944263302, 3787865.533974401187152 ], [ 760257.042034509358928, 3787865.320972189307213 ], [ 760256.785686897812411, 3787874.565272517502308 ] ] ] } },
{ "type": "Feature", "properties": { "Code": 50, "type": "urbain" }, "geometry": { "type": "Polygon", "coordinates": [ [ [ 759091.049664606805891, 3787777.552319519221783 ], [ 759091.304855836322531, 3787768.308057102374732 ], [ 759098.985969399800524, 3787768.52009995887056 ], [ 759098.730770587921143, 3787777.764362620655447 ], [ 759091.049664606805891, 3787777.552319519221783 ] ] ] } },
{ "type": "Feature", "properties": { "Code": 30, "type": "prairie" }, "geometry": { "type": "Polygon", "coordinates": [ [ [ 760942.202095212065615, 3787828.836910432670265 ], [ 760942.716131866211072, 3787810.348267427645624 ], [ 760958.078472634311765, 3787810.775395698845387 ], [ 760957.56440564931836, 3787829.26403968827799 ], [ 760942.202095212065615, 3787828.836910432670265 ] ] ] } },
{ "type": "Feature", "properties": { "Code": 30, "type": "prairie" }, "geometry": { "type": "Polygon", "coordinates": [ [ [ 759833.5585941063473, 3787890.592700940556824 ], [ 759848.920694089727476, 3787891.018020589370281 ], [ 759849.176641475409269, 3787881.773732977453619 ], [ 759856.857699355343357, 3787881.986402007285506 ], [ 759857.369607640663162, 3787863.497826582286507 ], [ 759865.050680889980868, 3787863.710501423105597 ], [ 759865.562602138612419, 3787845.221925890538841 ], [ 759880.924779578228481, 3787845.647293489426374 ], [ 759881.180754541885108, 3787836.403005374595523 ], [ 759888.861851150169969, 3787836.615698378998786 ], [ 759889.37381459097378, 3787818.127121945843101 ], [ 759881.692702817963436, 3787817.914429431315511 ], [ 759882.204648892045952, 3787799.425853870809078 ], [ 759874.523522158153355, 3787799.213168147020042 ], [ 759874.779486787156202, 3787789.968880754429847 ], [ 759867.0983526740456, 3787789.756201575975865 ], [ 759867.354309170041233, 3787780.511914525646716 ], [ 759859.673167678527534, 3787780.299241893924773 ], [ 759859.929116041515954, 3787771.054955182597041 ], [ 759852.247967171831988, 3787770.842289094813168 ], [ 759852.503907402278855, 3787761.598002724349499 ], [ 759829.460439267684706, 3787760.960043 ], [ 759829.204521784558892, 3787770.204328635707498 ], [ 759821.523373729316518, 3787769.991687749046832 ], [ 759821.267463278025389, 3787779.235973234288394 ], [ 759813.58632300933823, 3787779.023338403552771 ], [ 759813.074515620595776, 3787797.511909169144928 ], [ 759797.712266023503616, 3787797.086657428182662 ], [ 759796.176921639591455, 3787852.552369073033333 ], [ 759803.858000840991735, 3787852.764993263408542 ], [ 759803.602100601769052, 3787862.009279115591198 ], [ 759826.645316682173871, 3787862.647190228104591 ], [ 759826.389393144985661, 3787871.891476913820952 ], [ 759834.070457996800542, 3787872.104126796592027 ], [ 759833.5585941063473, 3787890.592700940556824 ] ] ] } },
{ "type": "Feature", "properties": { "Code": 60, "type": "bare" }, "geometry": { "type": "Polygon", "coordinates": [ [ [ 759381.654429724789225, 3787831.835746374446899 ], [ 759389.335505517665297, 3787832.048030105885118 ], [ 759389.590995203820057, 3787822.803757670335472 ], [ 759397.27207878313493, 3787823.016047457698733 ], [ 759397.527575502288528, 3787813.771774875000119 ], [ 759420.570850207121111, 3787814.408681303728372 ], [ 759420.826369123999029, 3787805.164408080745488 ], [ 759428.507468681083992, 3787805.376722578890622 ], [ 759428.762994630727917, 3787796.13244920829311 ], [ 759436.444101974135265, 3787796.344769761431962 ], [ 759436.699634956661612, 3787787.100496240425855 ], [ 759421.337405309081078, 3787786.67586192348972 ], [ 759422.103955465485342, 3787758.943043400999159 ], [ 759414.422818199498579, 3787758.730736427009106 ], [ 759414.93383372516837, 3787740.242191711906344 ], [ 759422.614986155647784, 3787740.454498196486384 ], [ 759423.63704094174318, 3787703.477408935315907 ], [ 759408.274675626540557, 3787703.052804224658757 ], [ 759407.76367966120597, 3787721.541347685270011 ], [ 759384.720178708201274, 3787720.904486402403563 ], [ 759383.698271171189845, 3787757.881571532227099 ], [ 759376.017134922090918, 3787757.669296058360487 ], [ 759375.506193021778017, 3787776.157838705927134 ], [ 759367.82507214078214, 3787775.945569043047726 ], [ 759366.803212076425552, 3787812.922654506284744 ], [ 759374.484302627970465, 3787813.134925148915499 ], [ 759374.228828656021506, 3787822.379196997731924 ], [ 759381.909911828581244, 3787822.591474184766412 ], [ 759381.654429724789225, 3787831.835746374446899 ] ] ] } },
{ "type": "Feature", "properties": { "Code": 60, "type": "bare" }, "geometry": { "type": "Polygon", "coordinates": [ [ [ 761025.666399163426831, 3787868.163731198757887 ], [ 761041.028653439716436, 3787868.591001036576927 ], [ 761042.057127682492137, 3787831.613701079972088 ], [ 761065.100601626210846, 3787832.254650133196265 ], [ 761065.357741552521475, 3787823.010324642062187 ], [ 761057.676575784338638, 3787822.79666890297085 ], [ 761057.933707575080916, 3787813.552343755029142 ], [ 761027.209016217151657, 3787812.697784790769219 ], [ 761027.466117124422453, 3787803.453460721764714 ], [ 761012.103757508215494, 3787803.026219535153359 ], [ 761011.589585471665487, 3787821.514866781886667 ], [ 761003.908421135507524, 3787821.301255146507174 ], [ 761002.880100758746266, 3787858.278549797367305 ], [ 761010.56123476405628, 3787858.492162417154759 ], [ 761010.818323270184919, 3787849.247838366776705 ], [ 761026.180607059504837, 3787849.675082015339285 ], [ 761025.666399163426831, 3787868.163731198757887 ] ] ] } },
{ "type": "Feature", "properties": { "Code": 30, "type": "prairie" }, "geometry": { "type": "Polygon", "coordinates": [ [ [ 759559.3418471342884, 3787799.742755454499274 ], [ 759560.108808386139572, 3787772.009923424106091 ], [ 759567.789941935101524, 3787772.222350346390158 ], [ 759568.045602168422192, 3787762.978072948753834 ], [ 759575.726743503822945, 3787763.190505926497281 ], [ 759575.982410769560374, 3787753.946228379383683 ], [ 759614.388158410438336, 3787755.008486548438668 ], [ 759613.109627024037763, 3787801.22988136485219 ], [ 759590.066291564144194, 3787800.592503887135535 ], [ 759590.321976194158196, 3787791.348225467838347 ], [ 759598.003095393069088, 3787791.560678082052618 ], [ 759598.51447816810105, 3787773.07212104042992 ], [ 759575.471075688139535, 3787772.434783569537103 ], [ 759574.959738407284021, 3787790.923339141067117 ], [ 759567.278619818971492, 3787790.710905428510159 ], [ 759567.022957936162129, 3787799.955183112993836 ], [ 759559.3418471342884, 3787799.742755454499274 ] ] ] } },
{ "type": "Feature", "properties": { "Code": 20, "type": "foret_claire" }, "geometry": { "type": "Polygon", "coordinates": [ [ [ 760998.509640475036576, 3788015.432069034315646 ], [ 761021.552656377200037, 3788016.072938357014209 ], [ 761022.066881965845823, 3787997.58428613236174 ], [ 761029.74790284212213, 3787997.797921348363161 ], [ 761031.290611836593598, 3787942.331965474411845 ], [ 761038.971678413916379, 3787942.545605514198542 ], [ 761038.714554047444835, 3787951.789931500796229 ], [ 761046.395613247761503, 3787952.003578087314963 ], [ 761046.909876593388617, 3787933.514925715979189 ], [ 761062.272025938844308, 3787933.942236803937703 ], [ 761062.786317404359579, 3787915.453583824913949 ], [ 761055.105227463762276, 3787915.239925622940063 ], [ 761055.619501551613212, 3787896.751273519359529 ], [ 761047.938396649435163, 3787896.53762210952118 ], [ 761048.195525281131268, 3787887.293296448420733 ], [ 761017.471077389782295, 3787886.438754802569747 ], [ 761017.98527233209461, 3787867.950105731375515 ], [ 761010.304145704954863, 3787867.736486564390361 ], [ 761010.56123476405628, 3787858.492162417154759 ], [ 761002.880100758746266, 3787858.278549797367305 ], [ 761003.908421135507524, 3787821.301255146507174 ], [ 761011.589585471665487, 3787821.514866781886667 ], [ 761012.103757508215494, 3787803.026219535153359 ], [ 761027.466117124422453, 3787803.453460721764714 ], [ 761027.209016217151657, 3787812.697784790769219 ], [ 761034.890188749879599, 3787812.911415081005543 ], [ 761035.147297239862382, 3787803.667090765666217 ], [ 761042.828477558679879, 3787803.880727109964937 ], [ 761043.085593078285456, 3787794.636402643751353 ], [ 760935.548981068539433, 3787791.646070611197501 ], [ 760935.291971705853939, 3787800.890391630120575 ], [ 760919.929617000743747, 3787800.46330165443942 ], [ 760919.415626947768033, 3787818.95194299146533 ], [ 760911.734465067158453, 3787818.738406961783767 ], [ 760911.220487968763337, 3787837.227048188447952 ], [ 760934.263928727945313, 3787837.867676655296236 ], [ 760934.006916601676494, 3787847.111998147796839 ], [ 760964.731476813089103, 3787847.966258628759533 ], [ 760964.217390240635723, 3787866.454903872217983 ], [ 760979.579641243908554, 3787866.882072900421917 ], [ 760979.836699972045608, 3787857.637749738991261 ], [ 760995.19896695879288, 3787858.064943477511406 ], [ 760994.427743619657122, 3787885.797914725262672 ], [ 760986.746632771799341, 3787885.584313966799527 ], [ 760985.461287397542037, 3787931.805933382362127 ], [ 760993.14236033114139, 3787932.019535372033715 ], [ 760992.371123724151403, 3787959.752508901525289 ], [ 761000.052174112992361, 3787959.966117930598557 ], [ 760999.795086555415764, 3787969.210442876443267 ], [ 761007.476129566668533, 3787969.424058452714235 ], [ 761007.21903387317434, 3787978.668383739888668 ], [ 761014.900069506140426, 3787978.882005863357335 ], [ 761014.128756360034458, 3788006.614983035251498 ], [ 760998.766730796778575, 3788006.187743613030761 ], [ 760998.509640475036576, 3788015.432069034315646 ] ], [ [ 760993.399438094580546, 3787922.775211052037776 ], [ 760993.656515304930508, 3787913.530886827036738 ], [ 761001.337603608262725, 3787913.74449462397024 ], [ 761001.080518814967945, 3787922.988819096237421 ], [ 760993.399438094580546, 3787922.775211052037776 ] ], [ [ 760972.155566785251722, 3787857.424162320327014 ], [ 760972.41261737793684, 3787848.179839501157403 ], [ 760980.093758147209883, 3787848.393426673486829 ], [ 760979.836699972045608, 3787857.637749738991261 ], [ 760972.155566785251722, 3787857.424162320327014 ] ], [ [ 760942.202095212065615, 3787828.836910432670265 ], [ 760942.716131866211072, 3787810.348267427645624 ], [ 760958.078472634311765, 3787810.775395698845387 ], [ 760957.56440564931836, 3787829.26403968827799 ], [ 760942.202095212065615, 3787828.836910432670265 ] ] ] } },
{ "type": "Feature", "properties": { "Code": 50, "type": "urbain" }, "geometry": { "type": "Polygon", "coordinates": [ [ [ 759037.792204188066535, 3787757.579672900494188 ], [ 759038.04734124452807, 3787748.335412386339158 ], [ 759053.409596058656462, 3787748.759415220003575 ], [ 759053.15444383781869, 3787758.003676223102957 ], [ 759037.792204188066535, 3787757.579672900494188 ] ] ] } },
{ "type": "Feature", "properties": { "Code": 20, "type": "foret_claire" }, "geometry": { "type": "Polygon", "coordinates": [ [ [ 759206.521580616710708, 3787771.489361468702555 ], [ 759221.883814042783342, 3787771.913642486091703 ], [ 759222.139133621938527, 3787762.669376009143889 ], [ 759237.501383024849929, 3787763.093681739177555 ], [ 759237.756717219483107, 3787753.849414867348969 ], [ 759230.075584833743051, 3787753.637259097304195 ], [ 759230.33091089699883, 3787744.392992565408349 ], [ 759222.649771132972091, 3787744.180843339767307 ], [ 759222.905089064850472, 3787734.936577147804201 ], [ 759215.223941921256483, 3787734.724434467963874 ], [ 759214.713320672744885, 3787753.212966457474977 ], [ 759191.669925955473445, 3787752.576574747916311 ], [ 759191.414637254318222, 3787761.820840152446181 ], [ 759206.776885031256825, 3787762.245095480233431 ], [ 759206.521580616710708, 3787771.489361468702555 ] ] ] } },
{ "type": "Feature", "properties": { "Code": 20, "type": "foret_claire" }, "geometry": { "type": "Polygon", "coordinates": [ [ [ 760735.06779826967977, 3787813.828817212488502 ], [ 760750.430112826754339, 3787814.255605750717223 ], [ 760750.943769244477153, 3787795.766975244041532 ], [ 760758.624941995483823, 3787795.980378471780568 ], [ 760758.368106480222195, 3787805.224693924188614 ], [ 760766.049271852476522, 3787805.438103698659688 ], [ 760766.562957495800219, 3787786.949472396168858 ], [ 760774.244138238369487, 3787787.162887979764491 ], [ 760774.500987814040855, 3787777.918572225607932 ], [ 760782.182176343630999, 3787778.1319938628003 ], [ 760782.439032949623652, 3787768.887677956372499 ], [ 760797.801425786688924, 3787769.314539640210569 ], [ 760798.572037785197608, 3787741.58159102126956 ], [ 760783.209599453024566, 3787741.154730814974755 ], [ 760782.952744504320435, 3787750.39904643362388 ], [ 760775.27153322705999, 3787750.185625534504652 ], [ 760775.014685308444314, 3787759.429941003676504 ], [ 760767.333481818204746, 3787759.216526159550995 ], [ 760767.076640929793939, 3787768.460841476451606 ], [ 760736.351859345799312, 3787767.607244119048119 ], [ 760736.09504823514726, 3787776.851558547932655 ], [ 760720.732673834776506, 3787776.424797179643065 ], [ 760720.475877336924896, 3787785.669111211318523 ], [ 760712.794698025565594, 3787785.455739732366055 ], [ 760712.281118538230658, 3787803.944367588032037 ], [ 760735.324611589545384, 3787804.584502403624356 ], [ 760735.06779826967977, 3787813.828817212488502 ] ] ] } },
{ "type": "Feature", "properties": { "Code": 20, "type": "foret_claire" }, "geometry": { "type": "Polygon", "coordinates": [ [ [ 760888.947945625404827, 3787808.853516945615411 ], [ 760889.204910045024008, 3787799.609197308775038 ], [ 760896.886086477199569, 3787799.822713945060968 ], [ 760896.629114474984817, 3787809.067033827770501 ], [ 760888.947945625404827, 3787808.853516945615411 ] ] ] } },
{ "type": "Feature", "properties": { "Code": 30, "type": "prairie" }, "geometry": { "type": "Polygon", "coordinates": [ [ [ 761057.676575784338638, 3787822.79666890297085 ], [ 761073.038907526060939, 3787823.223986680619419 ], [ 761073.296054482227191, 3787813.979661040008068 ], [ 761065.61488092597574, 3787813.765999247319996 ], [ 761065.872019746573642, 3787804.521673945710063 ], [ 761058.190838812850416, 3787804.308018700219691 ], [ 761058.447969497879967, 3787795.063693740870804 ], [ 761043.085593078285456, 3787794.636402643751353 ], [ 761042.828477558679879, 3787803.880727109964937 ], [ 761035.147297239862382, 3787803.667090765666217 ], [ 761034.890188749879599, 3787812.911415081005543 ], [ 761057.933707575080916, 3787813.552343755029142 ], [ 761057.676575784338638, 3787822.79666890297085 ] ] ] } },
{ "type": "Feature", "properties": { "Code": 30, "type": "prairie" }, "geometry": { "type": "Polygon", "coordinates": [ [ [ 759491.234200010308996, 3787760.854089677799493 ], [ 759492.25653215427883, 3787723.876990837045014 ], [ 759507.618871616083197, 3787724.301735131070018 ], [ 759507.107676314422861, 3787742.790285338647664 ], [ 759514.78883118624799, 3787743.002667425200343 ], [ 759514.277618521242402, 3787761.491218506358564 ], [ 759491.234200010308996, 3787760.854089677799493 ] ] ] } },
{ "type": "Feature", "properties": { "Code": 50, "type": "urbain" }, "geometry": { "type": "Polygon", "coordinates": [ [ [ 759560.364461036981083, 3787762.76564627001062 ], [ 759560.875764689757489, 3787744.277092250529677 ], [ 759583.91923418873921, 3787744.914389715064317 ], [ 759584.174907937180251, 3787735.670112113002688 ], [ 759607.218402015394531, 3787736.307465544901788 ], [ 759607.4740979608614, 3787727.063187304884195 ], [ 759615.15527064318303, 3787727.27565080486238 ], [ 759614.643863037927076, 3787745.764207871630788 ], [ 759606.962705520098098, 3787745.551743881776929 ], [ 759606.707008474739268, 3787754.796022313646972 ], [ 759599.025858743581921, 3787754.583564380649477 ], [ 759599.281548206461594, 3787745.339286192320287 ], [ 759591.600391095736995, 3787745.126834804192185 ], [ 759591.344709215220064, 3787754.371112745720893 ], [ 759575.982410769560374, 3787753.946228379383683 ], [ 759575.726743503822945, 3787763.190505926497281 ], [ 759560.364461036981083, 3787762.76564627001062 ] ] ] } },
{ "type": "Feature", "properties": { "Code": 20, "type": "foret_claire" }, "geometry": { "type": "Polygon", "coordinates": [ [ [ 760343.841905885841697, 3787784.465620058588684 ], [ 760344.098331391927786, 3787775.221317978110164 ], [ 760351.779500896460377, 3787775.43438704079017 ], [ 760351.523067807778716, 3787784.678689364809543 ], [ 760343.841905885841697, 3787784.465620058588684 ] ] ] } },
{ "type": "Feature", "properties": { "Code": 30, "type": "prairie" }, "geometry": { "type": "Polygon", "coordinates": [ [ [ 759092.070426232181489, 3787740.575270428787917 ], [ 759092.325615266570821, 3787731.331008393783122 ], [ 759100.006759158801287, 3787731.543050271924585 ], [ 759099.751562542282045, 3787740.787312550935894 ], [ 759092.070426232181489, 3787740.575270428787917 ] ] ] } },
{ "type": "Feature", "properties": { "Code": 50, "type": "urbain" }, "geometry": { "type": "Polygon", "coordinates": [ [ [ 759099.751562542282045, 3787740.787312550935894 ], [ 759100.006759158801287, 3787731.543050271924585 ], [ 759107.68790325417649, 3787731.755098450928926 ], [ 759107.432699055410922, 3787740.999360974412411 ], [ 759099.751562542282045, 3787740.787312550935894 ] ] ] } },
{ "type": "Feature", "properties": { "Code": 20, "type": "foret_claire" }, "geometry": { "type": "Polygon", "coordinates": [ [ [ 759191.925214107497595, 3787743.332309439778328 ], [ 759192.435788764618337, 3787724.843779108021408 ], [ 759200.116942880675197, 3787725.055902644060552 ], [ 759199.861648244317621, 3787734.300168006215245 ], [ 759207.542794980923645, 3787734.512298087589443 ], [ 759207.287492213421501, 3787743.756563789676875 ], [ 759191.925214107497595, 3787743.332309439778328 ] ] ] } },
{ "type": "Feature", "properties": { "Code": 60, "type": "bare" }, "geometry": { "type": "Polygon", "coordinates": [ [ [ 759591.344709215220064, 3787754.371112745720893 ], [ 759591.600391095736995, 3787745.126834804192185 ], [ 759599.281548206461594, 3787745.339286192320287 ], [ 759599.025858743581921, 3787754.583564380649477 ], [ 759591.344709215220064, 3787754.371112745720893 ] ] ] } },
{ "type": "Feature", "properties": { "Code": 20, "type": "foret_claire" }, "geometry": { "type": "Polygon", "coordinates": [ [ [ 759613.365334401139989, 3787791.985602209810168 ], [ 759621.046454210183583, 3787792.198073724284768 ], [ 759621.813595789019018, 3787764.465236100368202 ], [ 759629.49473854934331, 3787764.677713179495186 ], [ 759630.00617868360132, 3787746.189154750201851 ], [ 759653.049653678899631, 3787746.826622319873422 ], [ 759653.305395667906851, 3787737.58234251383692 ], [ 759637.94306363677606, 3787737.157358322758228 ], [ 759638.198789911111817, 3787727.913079103454947 ], [ 759622.836443528532982, 3787727.488120603375137 ], [ 759622.580732418573461, 3787736.732399333268404 ], [ 759614.899567115469836, 3787736.519929288886487 ], [ 759614.643863037927076, 3787745.764207871630788 ], [ 759606.962705520098098, 3787745.551743881776929 ], [ 759606.707008474739268, 3787754.796022313646972 ], [ 759614.388158410438336, 3787755.008486548438668 ], [ 759613.365334401139989, 3787791.985602209810168 ] ] ] } },
{ "type": "Feature", "properties": { "Code": 20, "type": "foret_claire" }, "geometry": { "type": "Polygon", "coordinates": [ [ [ 760927.867796030826867, 3787791.432522719725966 ], [ 760928.124797258293256, 3787782.188202042132616 ], [ 760935.80598987871781, 3787782.401749687734991 ], [ 760935.548981068539433, 3787791.646070611197501 ], [ 760927.867796030826867, 3787791.432522719725966 ] ] ] } },
{ "type": "Feature", "properties": { "Code": 50, "type": "urbain" }, "geometry": { "type": "Polygon", "coordinates": [ [ [ 759046.2387561815558, 3787730.058889423497021 ], [ 759046.493899174034595, 3787720.814628952648491 ], [ 759054.175049428944476, 3787721.026632786728442 ], [ 759054.43019945488777, 3787711.782372167799622 ], [ 759062.111357495537959, 3787711.994382055476308 ], [ 759061.601041730726138, 3787730.482903880532831 ], [ 759046.2387561815558, 3787730.058889423497021 ] ] ] } },
{ "type": "Feature", "properties": { "Code": 20, "type": "foret_claire" }, "geometry": { "type": "Polygon", "coordinates": [ [ [ 759330.441170417121612, 3787737.907236192375422 ], [ 759330.696593950968236, 3787728.662966670002788 ], [ 759346.058909703977406, 3787729.087446846533567 ], [ 759345.80347100563813, 3787738.331716858316213 ], [ 759330.441170417121612, 3787737.907236192375422 ] ] ] } },
{ "type": "Feature", "properties": { "Code": 20, "type": "foret_claire" }, "geometry": { "type": "Polygon", "coordinates": [ [ [ 759514.533225128659979, 3787752.246942919213325 ], [ 759522.214372621849179, 3787752.459331550169736 ], [ 759522.725599352037534, 3787733.970780170056969 ], [ 759538.087925277184695, 3787734.395575354341418 ], [ 759538.599180137505755, 3787715.907023378182203 ], [ 759530.918001908343285, 3787715.694623125717044 ], [ 759531.17362093157135, 3787706.450347524601966 ], [ 759523.492435324355029, 3787706.237953818868846 ], [ 759523.236823883256875, 3787715.482229173649102 ], [ 759515.555646061082371, 3787715.269841520581394 ], [ 759515.300041652517393, 3787724.514116727747023 ], [ 759507.618871616083197, 3787724.301735131070018 ], [ 759507.107676314422861, 3787742.790285338647664 ], [ 759514.78883118624799, 3787743.002667425200343 ], [ 759514.533225128659979, 3787752.246942919213325 ] ] ] } },
{ "type": "Feature", "properties": { "Code": 50, "type": "urbain" }, "geometry": { "type": "Polygon", "coordinates": [ [ [ 759637.94306363677606, 3787737.157358322758228 ], [ 759638.454515635850839, 3787718.668799976818264 ], [ 759661.498059482430108, 3787719.306284243706614 ], [ 759661.242311011068523, 3787728.550564103759825 ], [ 759645.879963406827301, 3787728.125567803159356 ], [ 759645.624229549895972, 3787737.369847268331796 ], [ 759637.94306363677606, 3787737.157358322758228 ] ] ] } },
{ "type": "Feature", "properties": { "Code": 30, "type": "prairie" }, "geometry": { "type": "Polygon", "coordinates": [ [ [ 761058.962229208555073, 3787776.575044107623398 ], [ 761059.219358234549873, 3787767.33071943372488 ], [ 761074.581780968001112, 3787767.75803425675258 ], [ 761074.324636776815169, 3787777.002359420992434 ], [ 761058.962229208555073, 3787776.575044107623398 ] ] ] } },
{ "type": "Feature", "properties": { "Code": 10, "type": "foret" }, "geometry": { "type": "Polygon", "coordinates": [ [ [ 761312.442058825516142, 3787783.628969490062445 ], [ 761312.699438078096136, 3787774.384636682923883 ], [ 761328.061874328763224, 3787774.812367335893214 ], [ 761327.804479910875671, 3787784.056700635701418 ], [ 761312.442058825516142, 3787783.628969490062445 ] ] ] } },
{ "type": "Feature", "properties": { "Code": 20, "type": "foret_claire" }, "geometry": { "type": "Polygon", "coordinates": [ [ [ 759223.415723281446844, 3787716.448045052587986 ], [ 759223.926355301751755, 3787697.959513338748366 ], [ 759231.607532976893708, 3787698.171661340631545 ], [ 759231.862855745479465, 3787688.927395382430404 ], [ 759239.544041206361726, 3787689.139549439772964 ], [ 759239.288710855646059, 3787698.383815642911941 ], [ 759246.969888937310316, 3787698.595976246055216 ], [ 759246.71455045521725, 3787707.840242789126933 ], [ 759239.033379955682904, 3787707.628081941511482 ], [ 759238.77804850670509, 3787716.872348336037248 ], [ 759223.415723281446844, 3787716.448045052587986 ] ] ] } },
{ "type": "Feature", "properties": { "Code": 30, "type": "prairie" }, "geometry": { "type": "Polygon", "coordinates": [ [ [ 759507.618871616083197, 3787724.301735131070018 ], [ 759507.874468442401849, 3787715.057460169773549 ], [ 759515.555646061082371, 3787715.269841520581394 ], [ 759515.300041652517393, 3787724.514116727747023 ], [ 759507.618871616083197, 3787724.301735131070018 ] ] ] } },
{ "type": "Feature", "properties": { "Code": 20, "type": "foret_claire" }, "geometry": { "type": "Polygon", "coordinates": [ [ [ 761051.538147174753249, 3787767.117071474902332 ], [ 761051.795268065063283, 3787757.872747141867876 ], [ 761059.476486707571894, 3787758.086394855286926 ], [ 761059.219358234549873, 3787767.33071943372488 ], [ 761051.538147174753249, 3787767.117071474902332 ] ] ] } },
{ "type": "Feature", "properties": { "Code": 20, "type": "foret_claire" }, "geometry": { "type": "Polygon", "coordinates": [ [ [ 761266.61213424266316, 3787773.101595934014767 ], [ 761266.869467445998453, 3787763.857264700811356 ], [ 761274.55069182254374, 3787764.071088827680796 ], [ 761274.293351036612876, 3787773.315420308150351 ], [ 761266.61213424266316, 3787773.101595934014767 ] ] ] } },
{ "type": "Feature", "properties": { "Code": 20, "type": "foret_claire" }, "geometry": { "type": "Polygon", "coordinates": [ [ [ 761281.974568034755066, 3787773.529250981751829 ], [ 761282.231916403281502, 3787764.284919254947454 ], [ 761289.913141189608723, 3787764.498755982611328 ], [ 761289.655785238370299, 3787773.743087956681848 ], [ 761281.974568034755066, 3787773.529250981751829 ] ] ] } },
{ "type": "Feature", "properties": { "Code": 20, "type": "foret_claire" }, "geometry": { "type": "Polygon", "coordinates": [ [ [ 759023.960688473540358, 3787701.690136063843966 ], [ 759024.470925125060603, 3787683.201617256272584 ], [ 759032.152105098939501, 3787683.413601212203503 ], [ 759031.896979465498589, 3787692.657860813196748 ], [ 759039.578152060508728, 3787692.869851312600076 ], [ 759039.323018296156079, 3787702.114111252594739 ], [ 759023.960688473540358, 3787701.690136063843966 ] ] ] } },
{ "type": "Feature", "properties": { "Code": 20, "type": "foret_claire" }, "geometry": { "type": "Polygon", "coordinates": [ [ [ 761243.825795546290465, 3787763.215830123052001 ], [ 761244.340414796955884, 3787744.727169421035796 ], [ 761252.021653724135831, 3787744.940974153578281 ], [ 761251.507019308162853, 3787763.429635348729789 ], [ 761243.825795546290465, 3787763.215830123052001 ] ] ] } },
{ "type": "Feature", "properties": { "Code": 50, "type": "urbain" }, "geometry": { "type": "Polygon", "coordinates": [ [ [ 759492.767694928217679, 3787705.388441989198327 ], [ 759493.023275490733795, 3787696.14416770869866 ], [ 759500.704467866919003, 3787696.356535970233381 ], [ 759500.448879722272977, 3787705.600810497067869 ], [ 759492.767694928217679, 3787705.388441989198327 ] ] ] } },
{ "type": "Feature", "properties": { "Code": 20, "type": "foret_claire" }, "geometry": { "type": "Polygon", "coordinates": [ [ [ 761182.633262068382464, 3787752.261286711320281 ], [ 761182.890510756406002, 3787743.016958379652351 ], [ 761190.571748045040295, 3787743.230712708551437 ], [ 761190.31449177430477, 3787752.475041286088526 ], [ 761182.633262068382464, 3787752.261286711320281 ] ] ] } },
{ "type": "Feature", "properties": { "Code": 30, "type": "prairie" }, "geometry": { "type": "Polygon", "coordinates": [ [ [ 759918.562184811104089, 3787874.443691336084157 ], [ 759926.24325210810639, 3787874.656416823621839 ], [ 759926.499274218687788, 3787865.412126950453967 ], [ 759949.542500078910962, 3787866.050340479239821 ], [ 759949.798544386518188, 3787856.806049968115985 ], [ 759957.479627663269639, 3787857.01880016643554 ], [ 759957.73567900294438, 3787847.774509504903108 ], [ 759980.778952804743312, 3787848.412797166034579 ], [ 759981.035026341443881, 3787839.168505862820894 ], [ 759988.716125599225052, 3787839.381280771456659 ], [ 759988.972206167527474, 3787830.1369893187657 ], [ 759996.653313211048953, 3787830.349770282395184 ], [ 759997.165487860678695, 3787811.8611871721223 ], [ 760012.527732890564948, 3787812.28676702035591 ], [ 760013.296036229468882, 3787784.553891597315669 ], [ 760020.977181796915829, 3787784.766690235584974 ], [ 760021.233289390918799, 3787775.522398372646421 ], [ 760036.595596302533522, 3787775.948014059104025 ], [ 760036.851718510501087, 3787766.703721801284701 ], [ 760044.532879855018109, 3787766.916538849007338 ], [ 760044.789009094703943, 3787757.672246441245079 ], [ 760060.15134755987674, 3787758.097898948006332 ], [ 760060.407491413410753, 3787748.853606143500656 ], [ 760083.451023388188332, 3787749.49213142041117 ], [ 760083.707189437933266, 3787740.247837977483869 ], [ 760106.750745995319448, 3787740.886419219896197 ], [ 760107.263121936353855, 3787722.397831142880023 ], [ 760114.944323028204963, 3787722.610703667625785 ], [ 760115.200517754768953, 3787713.366409526206553 ], [ 760107.519309080438688, 3787713.153537247795612 ], [ 760107.775495673646219, 3787703.909243447706103 ], [ 760069.369417451205663, 3787702.844977787695825 ], [ 760069.625565581955016, 3787693.600685310084373 ], [ 760061.944342966657132, 3787693.387851324863732 ], [ 760062.456622410914861, 3787674.899267146363854 ], [ 760039.412910295999609, 3787674.260804463177919 ], [ 760038.900676345336251, 3787692.749387167859823 ], [ 760031.21945454692468, 3787692.536578383762389 ], [ 760030.963344327639788, 3787701.780869633425027 ], [ 760007.91970290010795, 3787701.142480344511569 ], [ 760007.663614876917563, 3787710.386770953889936 ], [ 759999.982409057556652, 3787710.173986878246069 ], [ 759999.726328066084534, 3787719.418277338147163 ], [ 759992.045130033511668, 3787719.205499317962676 ], [ 759991.789056073524989, 3787728.449789626989514 ], [ 759984.107865826459602, 3787728.237017661798745 ], [ 759983.851798898191191, 3787737.481307822279632 ], [ 759976.170616438146681, 3787737.268541911616921 ], [ 759975.914556541480124, 3787746.512831918895245 ], [ 759960.552207396249287, 3787746.087318508885801 ], [ 759959.784069896559231, 3787773.820187637582421 ], [ 759952.102918377378955, 3787773.60743964696303 ], [ 759951.334798669442534, 3787801.340308896731585 ], [ 759928.291413576458581, 3787800.702100519090891 ], [ 759928.035395319922827, 3787809.946389723569155 ], [ 759920.354274945217185, 3787809.733665952924639 ], [ 759919.84225194551982, 3787828.222244156524539 ], [ 759927.523357155034319, 3787828.434968417976052 ], [ 759927.267337246914394, 3787837.679257908370346 ], [ 759919.586239619646221, 3787837.466533401980996 ], [ 759918.562184811104089, 3787874.443691336084157 ] ] ] } },
{ "type": "Feature", "properties": { "Code": 50, "type": "urbain" }, "geometry": { "type": "Polygon", "coordinates": [ [ [ 759436.444101974135265, 3787796.344769761431962 ], [ 759459.48742522392422, 3787796.981769224628806 ], [ 759459.74298095353879, 3787787.737494970206171 ], [ 759482.786328781396151, 3787788.374550399836153 ], [ 759483.041906708385795, 3787779.130275504197925 ], [ 759521.447528403718024, 3787780.192159334663302 ], [ 759521.958758432185277, 3787761.703607384115458 ], [ 759498.915339310769923, 3787761.066459653433412 ], [ 759498.65974731836468, 3787770.310734848026186 ], [ 759475.616352775134146, 3787769.673643085174263 ], [ 759475.360782980103977, 3787778.917917639017105 ], [ 759436.95516738970764, 3787777.85622281441465 ], [ 759437.210699273040518, 3787768.611949485260993 ], [ 759429.529569182661362, 3787768.399629665073007 ], [ 759430.296138789039105, 3787740.666810981463641 ], [ 759453.339597909944132, 3787741.303787136916071 ], [ 759453.85068706003949, 3787722.815240356139839 ], [ 759446.16951865144074, 3787722.602909160777926 ], [ 759446.680590438772924, 3787704.114363251719624 ], [ 759454.361774011980742, 3787704.326693958137184 ], [ 759454.106230810750276, 3787713.570967108942568 ], [ 759477.149760003667325, 3787714.207997762598097 ], [ 759478.172020497033373, 3787677.230902790091932 ], [ 759470.49081356707029, 3787677.018553917761892 ], [ 759470.746369734057225, 3787667.774280658457428 ], [ 759478.427584246383049, 3787667.98662928538397 ], [ 759478.683147446019575, 3787658.742355875205249 ], [ 759455.639481774065644, 3787658.105329629965127 ], [ 759455.383941320702434, 3787667.349602304864675 ], [ 759447.702727418974973, 3787667.137272578198463 ], [ 759447.447193998261355, 3787676.381545103155077 ], [ 759439.765987883205526, 3787676.169221432413906 ], [ 759438.999407070223242, 3787703.902038846630603 ], [ 759423.63704094174318, 3787703.477408935315907 ], [ 759422.614986155647784, 3787740.454498196486384 ], [ 759414.93383372516837, 3787740.242191711906344 ], [ 759414.422818199498579, 3787758.730736427009106 ], [ 759422.103955465485342, 3787758.943043400999159 ], [ 759421.337405309081078, 3787786.67586192348972 ], [ 759436.699634956661612, 3787787.100496240425855 ], [ 759436.444101974135265, 3787796.344769761431962 ] ], [ [ 759454.617316663498059, 3787695.08242090139538 ], [ 759454.872858765535057, 3787685.838147940114141 ], [ 759462.554057706380263, 3787686.050484456587583 ], [ 759462.29850802232977, 3787695.294757662340999 ], [ 759454.617316663498059, 3787695.08242090139538 ] ] ] } },
{ "type": "Feature", "properties": { "Code": 20, "type": "foret_claire" }, "geometry": { "type": "Polygon", "coordinates": [ [ [ 761357.757046972867101, 3787812.64524196786806 ], [ 761373.119425021926872, 3787813.073050200939178 ], [ 761373.634307617787272, 3787794.584380163345486 ], [ 761388.996716816676781, 3787795.012212610803545 ], [ 761389.254172449582256, 3787785.767877242062241 ], [ 761381.572960164630786, 3787785.553958115167916 ], [ 761381.830407661269419, 3787776.309623088687658 ], [ 761389.511627528816462, 3787776.523541970178485 ], [ 761389.769082054379396, 3787767.279206790495664 ], [ 761366.725400319090113, 3787766.637469789013267 ], [ 761367.497692330158316, 3787738.90446704113856 ], [ 761359.8164427470183, 3787738.690568048972636 ], [ 761359.044173483736813, 3787766.423570055980235 ], [ 761305.275591376237571, 3787764.926448340527713 ], [ 761304.503476366400719, 3787792.659446022938937 ], [ 761335.22828820720315, 3787793.514909302815795 ], [ 761334.970885099493898, 3787802.759243039879948 ], [ 761358.01447338226717, 3787803.400907395873219 ], [ 761357.757046972867101, 3787812.64524196786806 ] ], [ [ 761312.442058825516142, 3787783.628969490062445 ], [ 761312.699438078096136, 3787774.384636682923883 ], [ 761328.061874328763224, 3787774.812367335893214 ], [ 761327.804479910875671, 3787784.056700635701418 ], [ 761312.442058825516142, 3787783.628969490062445 ] ] ] } },
{ "type": "Feature", "properties": { "Code": 30, "type": "prairie" }, "geometry": { "type": "Polygon", "coordinates": [ [ [ 760798.058297005132772, 3787760.070223338901997 ], [ 760798.572037785197608, 3787741.58159102126956 ], [ 760806.253257257747464, 3787741.795030573848635 ], [ 760806.76701099309139, 3787723.306398143991828 ], [ 760814.448245835723355, 3787723.519843505229801 ], [ 760814.962012526229955, 3787705.031210964079946 ], [ 760822.643262738245539, 3787705.244662133511156 ], [ 760822.386372086824849, 3787714.488978602457792 ], [ 760830.067614920320921, 3787714.702436318621039 ], [ 760829.55381679511629, 3787733.191070036031306 ], [ 760844.916272746864706, 3787733.618005354423076 ], [ 760845.173187250853516, 3787724.373687956482172 ], [ 760852.854423114913516, 3787724.587164819706231 ], [ 760852.08365519833751, 3787752.320118038449436 ], [ 760836.721229168470018, 3787751.893169133923948 ], [ 760836.464320589555427, 3787761.137486572377384 ], [ 760828.783115463564172, 3787760.924021324142814 ], [ 760829.040016459883191, 3787751.67970413248986 ], [ 760813.677591656567529, 3787751.252793031278998 ], [ 760813.420705825323239, 3787760.497109731193632 ], [ 760798.058297005132772, 3787760.070223338901997 ] ] ] } },
{ "type": "Feature", "properties": { "Code": 50, "type": "urbain" }, "geometry": { "type": "Polygon", "coordinates": [ [ [ 759062.621671065688133, 3787693.505860613659024 ], [ 759062.876827027532272, 3787684.261600033845752 ], [ 759070.558008017251268, 3787684.473615490831435 ], [ 759070.813171012559906, 3787675.229354764334857 ], [ 759078.49435978801921, 3787675.441376275382936 ], [ 759077.984018084593117, 3787693.92989831417799 ], [ 759062.621671065688133, 3787693.505860613659024 ] ] ] } },
{ "type": "Feature", "properties": { "Code": 20, "type": "foret_claire" }, "geometry": { "type": "Polygon", "coordinates": [ [ [ 759546.5359927569516, 3787706.875153840519488 ], [ 759547.30289202160202, 3787679.142326141241938 ], [ 759554.984100986621343, 3787679.354738014750183 ], [ 759555.495379578671418, 3787660.866186201572418 ], [ 759570.857828447478823, 3787661.291027869097888 ], [ 759571.113482082961127, 3787652.04675161652267 ], [ 759594.157179659581743, 3787652.684060631785542 ], [ 759593.901503277593292, 3787661.928337619174272 ], [ 759601.582728628301993, 3787662.140786803327501 ], [ 759601.327044114237651, 3787671.385064132511616 ], [ 759585.964608780690469, 3787670.960171575192362 ], [ 759585.708938881172799, 3787680.204448508098722 ], [ 759578.027729102410376, 3787679.99201143393293 ], [ 759577.772066235309467, 3787689.236288218759 ], [ 759570.090864241705276, 3787689.023857200052589 ], [ 759569.835208406904712, 3787698.268133834935725 ], [ 759554.472820195602253, 3787697.84329020883888 ], [ 759554.217178975348361, 3787707.087566448375583 ], [ 759546.5359927569516, 3787706.875153840519488 ] ] ] } },
{ "type": "Feature", "properties": { "Code": 20, "type": "foret_claire" }, "geometry": { "type": "Polygon", "coordinates": [ [ [ 760545.091909871203825, 3787734.541620266158134 ], [ 760545.861766235902905, 3787706.808696854859591 ], [ 760568.905473272548988, 3787707.448408467229456 ], [ 760568.392190753482282, 3787725.937025454360992 ], [ 760553.029749520355836, 3787725.510543762240559 ], [ 760552.773122597718611, 3787734.754851907957345 ], [ 760545.091909871203825, 3787734.541620266158134 ] ] ] } },
{ "type": "Feature", "properties": { "Code": 20, "type": "foret_claire" }, "geometry": { "type": "Polygon", "coordinates": [ [ [ 760698.459431704133749, 3787748.05176307214424 ], [ 760713.821850373176858, 3787748.478485161904246 ], [ 760714.335423233686015, 3787729.989858447574079 ], [ 760706.654198632226326, 3787729.776494744699448 ], [ 760706.910976651706733, 3787720.532181775663048 ], [ 760683.867281325510703, 3787719.892129207029939 ], [ 760683.353770229266956, 3787738.3807537634857 ], [ 760698.716203245450743, 3787738.807450159452856 ], [ 760698.459431704133749, 3787748.05176307214424 ] ] ] } },
{ "type": "Feature", "properties": { "Code": 20, "type": "foret_claire" }, "geometry": { "type": "Polygon", "coordinates": [ [ [ 759216.500485433731228, 3787688.50310616614297 ], [ 759216.755792489158921, 3787679.258840792346746 ], [ 759232.118177965050563, 3787679.683129518292844 ], [ 759231.862855745479465, 3787688.927395382430404 ], [ 759216.500485433731228, 3787688.50310616614297 ] ] ] } },
{ "type": "Feature", "properties": { "Code": 20, "type": "foret_claire" }, "geometry": { "type": "Polygon", "coordinates": [ [ [ 759239.544041206361726, 3787689.139549439772964 ], [ 759239.799371008179151, 3787679.895283331628889 ], [ 759247.480564254103228, 3787680.107443445362151 ], [ 759247.225226870272309, 3787689.351709797978401 ], [ 759239.544041206361726, 3787689.139549439772964 ] ] ] } },
{ "type": "Feature", "properties": { "Code": 60, "type": "bare" }, "geometry": { "type": "Polygon", "coordinates": [ [ [ 759454.617316663498059, 3787695.08242090139538 ], [ 759454.872858765535057, 3787685.838147940114141 ], [ 759462.554057706380263, 3787686.050484456587583 ], [ 759462.29850802232977, 3787695.294757662340999 ], [ 759454.617316663498059, 3787695.08242090139538 ] ] ] } },
{ "type": "Feature", "properties": { "Code": 60, "type": "bare" }, "geometry": { "type": "Polygon", "coordinates": [ [ [ 759436.95516738970764, 3787777.85622281441465 ], [ 759475.360782980103977, 3787778.917917639017105 ], [ 759475.616352775134146, 3787769.673643085174263 ], [ 759498.65974731836468, 3787770.310734848026186 ], [ 759498.915339310769923, 3787761.066459653433412 ], [ 759491.234200010308996, 3787760.854089677799493 ], [ 759492.25653215427883, 3787723.876990837045014 ], [ 759507.618871616083197, 3787724.301735131070018 ], [ 759507.874468442401849, 3787715.057460169773549 ], [ 759523.236823883256875, 3787715.482229173649102 ], [ 759523.492435324355029, 3787706.237953818868846 ], [ 759538.85480674309656, 3787706.662747533526272 ], [ 759539.110432798857801, 3787697.418471782933921 ], [ 759531.429239405319095, 3787697.206072020344436 ], [ 759531.68485732912086, 3787687.961796609219164 ], [ 759493.278855503769591, 3787686.899893522728235 ], [ 759493.023275490733795, 3787696.14416770869866 ], [ 759477.660891349543817, 3787695.719450085889548 ], [ 759477.149760003667325, 3787714.207997762598097 ], [ 759454.106230810750276, 3787713.570967108942568 ], [ 759454.361774011980742, 3787704.326693958137184 ], [ 759446.680590438772924, 3787704.114363251719624 ], [ 759446.16951865144074, 3787722.602909160777926 ], [ 759453.85068706003949, 3787722.815240356139839 ], [ 759453.339597909944132, 3787741.303787136916071 ], [ 759430.296138789039105, 3787740.666810981463641 ], [ 759429.529569182661362, 3787768.399629665073007 ], [ 759437.210699273040518, 3787768.611949485260993 ], [ 759436.95516738970764, 3787777.85622281441465 ] ], [ [ 759492.767694928217679, 3787705.388441989198327 ], [ 759493.023275490733795, 3787696.14416770869866 ], [ 759500.704467866919003, 3787696.356535970233381 ], [ 759500.448879722272977, 3787705.600810497067869 ], [ 759492.767694928217679, 3787705.388441989198327 ] ] ] } },
{ "type": "Feature", "properties": { "Code": 30, "type": "prairie" }, "geometry": { "type": "Polygon", "coordinates": [ [ [ 759124.581496706465259, 3787676.713637645356357 ], [ 759125.091927199740894, 3787658.225113053806126 ], [ 759132.77313256112393, 3787658.437178176362067 ], [ 759132.517910006805323, 3787667.681440668646246 ], [ 759140.199107990018092, 3787667.893512336071581 ], [ 759139.943877304671332, 3787677.13777516875416 ], [ 759124.581496706465259, 3787676.713637645356357 ] ] ] } },
{ "type": "Feature", "properties": { "Code": 20, "type": "foret_claire" }, "geometry": { "type": "Polygon", "coordinates": [ [ [ 760484.155332215246744, 3787714.347382178995758 ], [ 760484.41188979241997, 3787705.103076437488198 ], [ 760492.093123632483184, 3787705.316256938036531 ], [ 760491.836558472830802, 3787714.560562926344573 ], [ 760484.155332215246744, 3787714.347382178995758 ] ] ] } },
{ "type": "Feature", "properties": { "Code": 30, "type": "prairie" }, "geometry": { "type": "Polygon", "coordinates": [ [ [ 760529.729485029238276, 3787734.115175884217024 ], [ 760545.091909871203825, 3787734.541620266158134 ], [ 760545.861766235902905, 3787706.808696854859591 ], [ 760568.905473272548988, 3787707.448408467229456 ], [ 760568.648832289036363, 3787716.692716912832111 ], [ 760576.330060794018209, 3787716.905966963153332 ], [ 760576.843357373960316, 3787698.417349675204605 ], [ 760569.162113704252988, 3787698.204100117553025 ], [ 760569.418753584031947, 3787688.95979186007753 ], [ 760561.737502535688691, 3787688.746548847295344 ], [ 760562.250765474746004, 3787670.257933113723993 ], [ 760585.294564726180397, 3787670.897679577115923 ], [ 760585.551218114909716, 3787661.653371116146445 ], [ 760570.188669911585748, 3787661.226867665536702 ], [ 760570.445307583548129, 3787651.982559789903462 ], [ 760532.038902740110643, 3787650.916412647813559 ], [ 760531.782302979612723, 3787660.160719294566661 ], [ 760508.738485271693207, 3787659.521105875726789 ], [ 760508.481907706242055, 3787668.76541187800467 ], [ 760500.80064312776085, 3787668.55221975967288 ], [ 760500.287501506274566, 3787687.040831558872014 ], [ 760492.606252296594903, 3787686.827645250130445 ], [ 760491.836558472830802, 3787714.560562926344573 ], [ 760499.517784935655072, 3787714.773749973159283 ], [ 760499.261211641714908, 3787724.018056301865727 ], [ 760529.986089204438031, 3787724.870868477970362 ], [ 760529.729485029238276, 3787734.115175884217024 ] ] ] } },
{ "type": "Feature", "properties": { "Code": 30, "type": "prairie" }, "geometry": { "type": "Polygon", "coordinates": [ [ [ 761036.947041187086143, 3787738.956823221407831 ], [ 761044.628274584189057, 3787739.170457840897143 ], [ 761045.142497329274192, 3787720.681810334790498 ], [ 761029.780000408412889, 3787720.254548379220068 ], [ 761029.522904477431439, 3787729.498871593270451 ], [ 761037.204145253519528, 3787729.712499666493386 ], [ 761036.947041187086143, 3787738.956823221407831 ] ] ] } },
{ "type": "Feature", "properties": { "Code": 50, "type": "urbain" }, "geometry": { "type": "Polygon", "coordinates": [ [ [ 759107.943106904160231, 3787722.510836023837328 ], [ 759115.624258784228005, 3787722.722890258766711 ], [ 759116.134679601876996, 3787704.234365202020854 ], [ 759123.815846850164235, 3787704.446425247937441 ], [ 759125.60235549765639, 3787639.736588845495135 ], [ 759140.964796752319671, 3787640.160724411718547 ], [ 759141.220025241840631, 3787630.916461961343884 ], [ 759133.538796930690296, 3787630.704391272272915 ], [ 759133.794017289299518, 3787621.460129163227975 ], [ 759087.706606198800728, 3787620.187838796060532 ], [ 759087.451431332039647, 3787629.432099438738078 ], [ 759079.770204443251714, 3787629.220072848722339 ], [ 759078.749529816559516, 3787666.197115399409086 ], [ 759086.430726377293468, 3787666.409142964985222 ], [ 759087.196255916496739, 3787638.676360177341849 ], [ 759117.921135174809024, 3787639.524530510883778 ], [ 759117.410722041036934, 3787658.013054230250418 ], [ 759109.729517086059786, 3787657.801001708488911 ], [ 759109.474317278130911, 3787667.04526346642524 ], [ 759117.155514650978148, 3787667.257316233124584 ], [ 759116.389889187412336, 3787694.990102817770094 ], [ 759108.708714560838416, 3787694.778049316257238 ], [ 759108.453512557316571, 3787704.022311456035823 ], [ 759100.772345715551637, 3787703.810264011844993 ], [ 759100.517150745494291, 3787713.054526003543288 ], [ 759108.198310005129315, 3787713.266573693137616 ], [ 759107.943106904160231, 3787722.510836023837328 ] ] ] } },
{ "type": "Feature", "properties": { "Code": 30, "type": "prairie" }, "geometry": { "type": "Polygon", "coordinates": [ [ [ 760760.936436778050847, 3787712.781543686054647 ], [ 760761.706925096805207, 3787685.048600468784571 ], [ 760769.388189041754231, 3787685.262007044628263 ], [ 760769.901860323967412, 3787666.77337821573019 ], [ 760785.264419157640077, 3787667.200209283269942 ], [ 760784.750717545859516, 3787685.68883909471333 ], [ 760792.431982104084454, 3787685.902264571283013 ], [ 760791.918263117782772, 3787704.390895255841315 ], [ 760768.874515549861826, 3787703.750636252108961 ], [ 760768.617677975562401, 3787712.994950998574495 ], [ 760760.936436778050847, 3787712.781543686054647 ] ] ] } },
{ "type": "Feature", "properties": { "Code": 30, "type": "prairie" }, "geometry": { "type": "Polygon", "coordinates": [ [ [ 761045.142497329274192, 3787720.681810334790498 ], [ 761045.399607872474007, 3787711.437486723996699 ], [ 761053.080864222836681, 3787711.651126905810088 ], [ 761052.823746097157709, 3787720.895450762473047 ], [ 761045.142497329274192, 3787720.681810334790498 ] ] ] } },
{ "type": "Feature", "properties": { "Code": 20, "type": "foret_claire" }, "geometry": { "type": "Polygon", "coordinates": [ [ [ 761406.161410795757547, 3787730.729721221141517 ], [ 761406.418877718155272, 3787721.485386023763567 ], [ 761414.100143696181476, 3787721.699322326108813 ], [ 761413.842669191304594, 3787730.943657769821584 ], [ 761406.161410795757547, 3787730.729721221141517 ] ] ] } },
{ "type": "Feature", "properties": { "Code": 30, "type": "prairie" }, "geometry": { "type": "Polygon", "coordinates": [ [ [ 759109.729517086059786, 3787657.801001708488911 ], [ 759110.239915055688471, 3787639.312478477600962 ], [ 759117.921135174809024, 3787639.524530510883778 ], [ 759117.410722041036934, 3787658.013054230250418 ], [ 759109.729517086059786, 3787657.801001708488911 ] ] ] } },
{ "type": "Feature", "properties": { "Code": 60, "type": "bare" }, "geometry": { "type": "Polygon", "coordinates": [ [ [ 759125.091927199740894, 3787658.225113053806126 ], [ 759125.347141623147763, 3787648.980850900989026 ], [ 759133.028354566544294, 3787649.19291577860713 ], [ 759132.77313256112393, 3787658.437178176362067 ], [ 759125.091927199740894, 3787658.225113053806126 ] ] ] } },
{ "type": "Feature", "properties": { "Code": 10, "type": "foret" }, "geometry": { "type": "Polygon", "coordinates": [ [ [ 760085.244174167979509, 3787684.782079310156405 ], [ 760085.500336361466907, 3787675.537786531727761 ], [ 760123.906530357897282, 3787676.602111512329429 ], [ 760123.650330252945423, 3787685.846405517775565 ], [ 760085.244174167979509, 3787684.782079310156405 ] ] ] } },
{ "type": "Feature", "properties": { "Code": 20, "type": "foret_claire" }, "geometry": { "type": "Polygon", "coordinates": [ [ [ 760476.987205599201843, 3787695.645596836693585 ], [ 760477.500302830245346, 3787677.15698632132262 ], [ 760485.181559213669971, 3787677.370159784797579 ], [ 760484.925003291573375, 3787686.614465238992125 ], [ 760492.606252296594903, 3787686.827645250130445 ], [ 760492.349688240326941, 3787696.071951047051698 ], [ 760476.987205599201843, 3787695.645596836693585 ] ] ] } },
{ "type": "Feature", "properties": { "Code": 30, "type": "prairie" }, "geometry": { "type": "Polygon", "coordinates": [ [ [ 759125.347141623147763, 3787648.980850900989026 ], [ 759125.60235549765639, 3787639.736588845495135 ], [ 759140.964796752319671, 3787640.160724411718547 ], [ 759140.709567713784054, 3787649.404986958019435 ], [ 759125.347141623147763, 3787648.980850900989026 ] ] ] } },
{ "type": "Feature", "properties": { "Code": 50, "type": "urbain" }, "geometry": { "type": "Polygon", "coordinates": [ [ [ 760208.40017510112375, 3787678.944180890452117 ], [ 760208.656458059907891, 3787669.69988428009674 ], [ 760216.337707297177985, 3787669.912837233860046 ], [ 760216.081416756147519, 3787679.15713408915326 ], [ 760208.40017510112375, 3787678.944180890452117 ] ] ] } },
{ "type": "Feature", "properties": { "Code": 20, "type": "foret_claire" }, "geometry": { "type": "Polygon", "coordinates": [ [ [ 760315.937576847150922, 3787681.926099007483572 ], [ 760316.193965958082117, 3787672.681798958219588 ], [ 760323.875218053348362, 3787672.894840115215629 ], [ 760323.618821360054426, 3787682.13914040941745 ], [ 760315.937576847150922, 3787681.926099007483572 ] ] ] } },
{ "type": "Feature", "properties": { "Code": 60, "type": "bare" }, "geometry": { "type": "Polygon", "coordinates": [ [ [ 760576.586709359893575, 3787707.661658270750195 ], [ 760584.267945652245544, 3787707.874914376530796 ], [ 760584.524601248675026, 3787698.630605534650385 ], [ 760599.887089610565454, 3787699.057136153802276 ], [ 760600.400429476983845, 3787680.568517771083862 ], [ 760592.719170028809458, 3787680.355249802116305 ], [ 760592.975831551826559, 3787671.110940999351442 ], [ 760562.250765474746004, 3787670.257933113723993 ], [ 760561.737502535688691, 3787688.746548847295344 ], [ 760569.418753584031947, 3787688.95979186007753 ], [ 760569.162113704252988, 3787698.204100117553025 ], [ 760576.843357373960316, 3787698.417349675204605 ], [ 760576.586709359893575, 3787707.661658270750195 ] ] ] } },
{ "type": "Feature", "properties": { "Code": 30, "type": "prairie" }, "geometry": { "type": "Polygon", "coordinates": [ [ [ 760991.373761686962098, 3787719.186503751203418 ], [ 760999.055009022238664, 3787719.400100076571107 ], [ 760999.312074070330709, 3787710.155777942854911 ], [ 761006.993329192162491, 3787710.369380322750658 ], [ 761006.736256561474875, 3787719.613702701404691 ], [ 761029.780000408412889, 3787720.254548379220068 ], [ 761030.294190611923113, 3787701.765902237966657 ], [ 760999.569138565799221, 3787700.911455904599279 ], [ 760999.82620250841137, 3787691.667133962269872 ], [ 761007.507472794968635, 3787691.880735849495977 ], [ 761007.764543767203577, 3787682.636413754429668 ], [ 761000.08326589805074, 3787682.422812114469707 ], [ 761000.340328734950162, 3787673.178490363061428 ], [ 760992.659043487394229, 3787672.964895268902183 ], [ 760992.401988232973963, 3787682.209216774906963 ], [ 760969.358156466390938, 3787681.568468558136374 ], [ 760969.101123406435363, 3787690.812789421062917 ], [ 760961.419854143052362, 3787690.599219036754221 ], [ 760961.162828112719581, 3787699.8435397464782 ], [ 760968.84408979373984, 3787700.057110377587378 ], [ 760968.587055628187954, 3787709.301431430969387 ], [ 760991.630819152691402, 3787709.942181864287704 ], [ 760991.373761686962098, 3787719.186503751203418 ] ] ] } },
{ "type": "Feature", "properties": { "Code": 30, "type": "prairie" }, "geometry": { "type": "Polygon", "coordinates": [ [ [ 759140.964796752319671, 3787640.160724411718547 ], [ 759141.220025241840631, 3787630.916461961343884 ], [ 759148.901253755786456, 3787631.128538950812072 ], [ 759148.646017684135586, 3787640.372801646124572 ], [ 759140.964796752319671, 3787640.160724411718547 ] ] ] } },
{ "type": "Feature", "properties": { "Code": 30, "type": "prairie" }, "geometry": { "type": "Polygon", "coordinates": [ [ [ 759286.908029220649041, 3787644.191269163973629 ], [ 759287.163401769124903, 3787634.947002064436674 ], [ 759294.84463414514903, 3787635.15919875446707 ], [ 759294.589254014659673, 3787644.40346609801054 ], [ 759286.908029220649041, 3787644.191269163973629 ] ] ] } },
{ "type": "Feature", "properties": { "Code": 20, "type": "foret_claire" }, "geometry": { "type": "Polygon", "coordinates": [ [ [ 759509.663630835479125, 3787650.34753811173141 ], [ 759509.91922326432541, 3787641.103263913653791 ], [ 759525.281700019841082, 3787641.528028998058289 ], [ 759525.026092426851392, 3787650.772303686477244 ], [ 759509.663630835479125, 3787650.34753811173141 ] ] ] } },
{ "type": "Feature", "properties": { "Code": 50, "type": "urbain" }, "geometry": { "type": "Polygon", "coordinates": [ [ [ 760216.337707297177985, 3787669.912837233860046 ], [ 760216.593997287214734, 3787660.668540473096073 ], [ 760239.637768971500918, 3787661.307436399627477 ], [ 760239.381456234841608, 3787670.551733897533268 ], [ 760216.337707297177985, 3787669.912837233860046 ] ] ] } },
{ "type": "Feature", "properties": { "Code": 60, "type": "bare" }, "geometry": { "type": "Polygon", "coordinates": [ [ [ 760277.787708544754423, 3787671.616687674541026 ], [ 760278.044059192878194, 3787662.372388949152082 ], [ 760285.725317849777639, 3787662.5853983592242 ], [ 760285.468959619407542, 3787671.829697330947965 ], [ 760277.787708544754423, 3787671.616687674541026 ] ] ] } },
{ "type": "Feature", "properties": { "Code": 30, "type": "prairie" }, "geometry": { "type": "Polygon", "coordinates": [ [ [ 759133.538796930690296, 3787630.704391272272915 ], [ 759133.794017289299518, 3787621.460129163227975 ], [ 759141.475253182579763, 3787621.672199607826769 ], [ 759141.220025241840631, 3787630.916461961343884 ], [ 759133.538796930690296, 3787630.704391272272915 ] ] ] } },
{ "type": "Feature", "properties": { "Code": 20, "type": "foret_claire" }, "geometry": { "type": "Polygon", "coordinates": [ [ [ 759532.962938702316023, 3787641.740420992020518 ], [ 759533.218553327722475, 3787632.496146154589951 ], [ 759540.899799796403386, 3787632.708544202614576 ], [ 759540.644177588867024, 3787641.952819284517318 ], [ 759532.962938702316023, 3787641.740420992020518 ] ] ] } },
{ "type": "Feature", "properties": { "Code": 20, "type": "foret_claire" }, "geometry": { "type": "Polygon", "coordinates": [ [ [ 759671.225269800168462, 3787645.564554185140878 ], [ 759671.481020903564058, 3787636.320274938363582 ], [ 759679.162271036766469, 3787636.532786388415843 ], [ 759679.418029172345996, 3787627.28850699076429 ], [ 759687.099287090590224, 3787627.50102449581027 ], [ 759686.587755105225369, 3787645.989583875518292 ], [ 759671.225269800168462, 3787645.564554185140878 ] ] ] } },
{ "type": "Feature", "properties": { "Code": 20, "type": "foret_claire" }, "geometry": { "type": "Polygon", "coordinates": [ [ [ 761238.202975052641705, 3787689.047392641659826 ], [ 761238.460272945230827, 3787679.803063251078129 ], [ 761253.82285674882587, 3787680.230662963353097 ], [ 761253.56554369116202, 3787689.474992847535759 ], [ 761238.202975052641705, 3787689.047392641659826 ] ] ] } },
{ "type": "Feature", "properties": { "Code": 30, "type": "prairie" }, "geometry": { "type": "Polygon", "coordinates": [ [ [ 759118.431546112988144, 3787621.036007172893733 ], [ 759118.686750758904964, 3787611.791745646856725 ], [ 759134.049237099243328, 3787612.215867147315294 ], [ 759133.794017289299518, 3787621.460129163227975 ], [ 759118.431546112988144, 3787621.036007172893733 ] ] ] } },
{ "type": "Feature", "properties": { "Code": 20, "type": "foret_claire" }, "geometry": { "type": "Polygon", "coordinates": [ [ [ 759609.775336724589579, 3787643.864687427412719 ], [ 759640.500301634077914, 3787644.714570405427366 ], [ 759640.756022409070283, 3787635.470292139332741 ], [ 759656.118521248805337, 3787635.895270938519388 ], [ 759656.374256637995131, 3787626.650992275215685 ], [ 759633.330485936952755, 3787626.013534261379391 ], [ 759633.074773294036277, 3787635.25781218893826 ], [ 759617.712275675381534, 3787634.832871190737933 ], [ 759617.967973154038191, 3787625.588593752589077 ], [ 759602.605461185565218, 3787625.163678444456309 ], [ 759602.349778870935552, 3787634.407955391798168 ], [ 759610.031027171062306, 3787634.620410140603781 ], [ 759609.775336724589579, 3787643.864687427412719 ] ] ] } },
{ "type": "Feature", "properties": { "Code": 20, "type": "foret_claire" }, "geometry": { "type": "Polygon", "coordinates": [ [ [ 760858.480206363019533, 3787798.755193771794438 ], [ 760873.842557794880122, 3787799.182182940188795 ], [ 760874.099506496684626, 3787789.937863890081644 ], [ 760897.143057926907204, 3787790.578394157811999 ], [ 760897.400028823874891, 3787781.33407446462661 ], [ 760928.124797258293256, 3787782.188202042132616 ], [ 760928.381797933019698, 3787772.943881459534168 ], [ 760920.700597935239784, 3787772.730340361595154 ], [ 760920.957590474747121, 3787763.486020121723413 ], [ 760936.320005840505473, 3787763.913108126726002 ], [ 760936.577012992464006, 3787754.668787488248199 ], [ 760944.258228563936427, 3787754.882340696640313 ], [ 760944.515242745634168, 3787745.638019907288253 ], [ 760967.558913438464515, 3787746.278716592118144 ], [ 760967.815949814976193, 3787737.034395160153508 ], [ 760975.497181371203624, 3787737.247973076067865 ], [ 760976.01126763119828, 3787718.759330002125353 ], [ 760983.692514557042159, 3787718.972913726698607 ], [ 760983.435464121052064, 3787728.217235462740064 ], [ 760998.797943421173841, 3787728.644422303885221 ], [ 760999.055009022238664, 3787719.400100076571107 ], [ 760991.373761686962098, 3787719.186503751203418 ], [ 760991.630819152691402, 3787709.942181864287704 ], [ 760968.587055628187954, 3787709.301431430969387 ], [ 760968.84408979373984, 3787700.057110377587378 ], [ 760961.162828112719581, 3787699.8435397464782 ], [ 760961.419854143052362, 3787690.599219036754221 ], [ 760946.057316228863783, 3787690.172097168397158 ], [ 760945.800305363489315, 3787699.416417386382818 ], [ 760907.394002073211595, 3787698.348721742164344 ], [ 760907.137028567376547, 3787707.593040826264769 ], [ 760884.093271795660257, 3787706.952498304191977 ], [ 760884.350222554290667, 3787697.708179960027337 ], [ 760861.306444876012392, 3787697.067694880999625 ], [ 760861.82029924064409, 3787678.579059955663979 ], [ 760869.50157342676539, 3787678.792548189871013 ], [ 760869.758507362566888, 3787669.548230624292046 ], [ 760892.802353896433488, 3787670.188732388429344 ], [ 760893.316265604807995, 3787651.70009606378153 ], [ 760870.272373576764949, 3787651.059595776721835 ], [ 760870.015440745977685, 3787660.303913152776659 ], [ 760862.334151395363733, 3787660.090425411704928 ], [ 760862.848001339589246, 3787641.601791248191148 ], [ 760855.16669702809304, 3787641.388310300186276 ], [ 760854.395944029791281, 3787669.121260950807482 ], [ 760846.714662671205588, 3787668.907785563729703 ], [ 760846.200839741155505, 3787687.39641931373626 ], [ 760830.838307964615524, 3787686.969486456830055 ], [ 760830.581410835729912, 3787696.213802982121706 ], [ 760815.218895042780787, 3787695.786894834134728 ], [ 760814.962012526229955, 3787705.031210964079946 ], [ 760822.643262738245539, 3787705.244662133511156 ], [ 760822.386372086824849, 3787714.488978602457792 ], [ 760830.067614920320921, 3787714.702436318621039 ], [ 760829.55381679511629, 3787733.191070036031306 ], [ 760844.916272746864706, 3787733.618005354423076 ], [ 760845.173187250853516, 3787724.373687956482172 ], [ 760852.854423114913516, 3787724.587164819706231 ], [ 760852.08365519833751, 3787752.320118038449436 ], [ 760836.721229168470018, 3787751.893169133923948 ], [ 760836.207411458366551, 3787770.381804103497416 ], [ 760843.888609206420369, 3787770.59527589706704 ], [ 760843.374774121097289, 3787789.083911741152406 ], [ 760858.737139899516478, 3787789.510875215288252 ], [ 760858.480206363019533, 3787798.755193771794438 ] ] ] } },
{ "type": "Feature", "properties": { "Code": 20, "type": "foret_claire" }, "geometry": { "type": "Polygon", "coordinates": [ [ [ 761428.947696373099461, 3787740.615885802544653 ], [ 761436.628947801073082, 3787740.829841499216855 ], [ 761436.886445607640781, 3787731.585505219642073 ], [ 761452.248964242753573, 3787732.013435022905469 ], [ 761454.309048079303466, 3787658.058744260109961 ], [ 761431.265088452957571, 3787657.416864928323776 ], [ 761431.52257369318977, 3787648.172529749106616 ], [ 761408.478593163890764, 3787647.530707863159478 ], [ 761408.22113067121245, 3787656.775042300578207 ], [ 761392.85849317512475, 3787656.347192050889134 ], [ 761392.343596858438104, 3787674.83586022304371 ], [ 761376.980990512180142, 3787674.408034188207239 ], [ 761376.208687379490584, 3787702.141035680659115 ], [ 761368.527407261077315, 3787701.927131374832243 ], [ 761368.012550902902149, 3787720.415799017995596 ], [ 761391.05634637712501, 3787721.057532319799066 ], [ 761391.313797580776736, 3787711.81319771008566 ], [ 761398.995070731616579, 3787712.027121164370328 ], [ 761399.509986642748117, 3787693.538451738655567 ], [ 761407.191275163087994, 3787693.75238100066781 ], [ 761406.933809901820496, 3787702.996715913526714 ], [ 761414.615091045154259, 3787703.210651722270995 ], [ 761414.357617647619918, 3787712.454986975993961 ], [ 761422.038891412783414, 3787712.668929331935942 ], [ 761421.781409878865816, 3787721.913264928385615 ], [ 761429.462676267139614, 3787722.127213832456619 ], [ 761428.947696373099461, 3787740.615885802544653 ] ] ] } },
{ "type": "Feature", "properties": { "Code": 10, "type": "foret" }, "geometry": { "type": "Polygon", "coordinates": [ [ [ 760884.093271795660257, 3787706.952498304191977 ], [ 760907.137028567376547, 3787707.593040826264769 ], [ 760907.394002073211595, 3787698.348721742164344 ], [ 760945.800305363489315, 3787699.416417386382818 ], [ 760946.057316228863783, 3787690.172097168397158 ], [ 760969.101123406435363, 3787690.812789421062917 ], [ 760969.358156466390938, 3787681.568468558136374 ], [ 760992.401988232973963, 3787682.209216774906963 ], [ 760992.659043487394229, 3787672.964895268902183 ], [ 761008.02161418646574, 3787673.39209175715223 ], [ 761008.535753366420977, 3787654.903448042925447 ], [ 761023.898355214390904, 3787655.330668747425079 ], [ 761024.412522512371652, 3787636.842024430632591 ], [ 761016.73120632127393, 3787636.628411420620978 ], [ 761016.988281558617018, 3787627.384089651051909 ], [ 761009.306957989931107, 3787627.170483188237995 ], [ 761009.564025092171505, 3787617.926161760464311 ], [ 760978.838702535955235, 3787617.071799899451435 ], [ 760979.352774423314258, 3787598.583159298170358 ], [ 760963.990084044169635, 3787598.156017154920846 ], [ 760963.476042486028746, 3787616.644656769931316 ], [ 760955.794712767703459, 3787616.431094656232744 ], [ 760956.051726240781136, 3787607.186775046866387 ], [ 760940.68905225477647, 3787606.759670212864876 ], [ 760940.175055084866472, 3787625.24830854171887 ], [ 760932.493733562761918, 3787625.034765081945807 ], [ 760932.236741731176153, 3787634.279084142763168 ], [ 760909.192801140015945, 3787633.638490828685462 ], [ 760908.935831502778456, 3787642.882809245958924 ], [ 760901.254525964381173, 3787642.669290495105088 ], [ 760900.997563356766477, 3787651.913608759641647 ], [ 760893.316265604807995, 3787651.70009606378153 ], [ 760892.802353896433488, 3787670.188732388429344 ], [ 760869.758507362566888, 3787669.548230624292046 ], [ 760869.50157342676539, 3787678.792548189871013 ], [ 760861.82029924064409, 3787678.579059955663979 ], [ 760861.306444876012392, 3787697.067694880999625 ], [ 760884.350222554290667, 3787697.708179960027337 ], [ 760884.093271795660257, 3787706.952498304191977 ] ] ] } },
{ "type": "Feature", "properties": { "Code": 50, "type": "urbain" }, "geometry": { "type": "Polygon", "coordinates": [ [ [ 759478.938710096059367, 3787649.498082562349737 ], [ 759479.705394748481922, 3787621.765263193286955 ], [ 759487.386647374136373, 3787621.977616894990206 ], [ 759487.642215407686308, 3787612.733343719504774 ], [ 759510.685997252701782, 3787613.370441891718656 ], [ 759510.430406472878531, 3787622.614715803880244 ], [ 759518.111659913090989, 3787622.827094706706703 ], [ 759517.856061001541093, 3787632.071368959266692 ], [ 759510.174815143458545, 3787631.858989811502397 ], [ 759509.91922326432541, 3787641.103263913653791 ], [ 759502.237985192448832, 3787640.890890820417553 ], [ 759501.982400345616043, 3787650.135164774022996 ], [ 759478.938710096059367, 3787649.498082562349737 ] ] ] } },
{ "type": "Feature", "properties": { "Code": 20, "type": "foret_claire" }, "geometry": { "type": "Polygon", "coordinates": [ [ [ 760208.656458059907891, 3787669.69988428009674 ], [ 760209.681584383593872, 3787632.722698791418225 ], [ 760225.044143720995635, 3787633.148609034717083 ], [ 760224.531551332445815, 3787651.637202571611851 ], [ 760216.850286725908518, 3787651.424243808723986 ], [ 760216.337707297177985, 3787669.912837233860046 ], [ 760208.656458059907891, 3787669.69988428009674 ] ] ] } },
{ "type": "Feature", "properties": { "Code": 50, "type": "urbain" }, "geometry": { "type": "Polygon", "coordinates": [ [ [ 760269.850114057771862, 3787680.647982893511653 ], [ 760285.212600837694481, 3787681.073996397200972 ], [ 760285.468959619407542, 3787671.829697330947965 ], [ 760293.15021089813672, 3787672.042713287752122 ], [ 760293.406576710985973, 3787662.798414070624858 ], [ 760301.08783577545546, 3787663.011436081025749 ], [ 760301.34420861909166, 3787653.76713671348989 ], [ 760309.025475470582023, 3787653.980164779815823 ], [ 760309.28185534500517, 3787644.735865260940045 ], [ 760316.963129982352257, 3787644.948899381794035 ], [ 760317.219516887678765, 3787635.704599713440984 ], [ 760301.856952652102336, 3787635.278538264334202 ], [ 760301.60058091126848, 3787644.522837441414595 ], [ 760293.919306682189927, 3787644.309815922286361 ], [ 760293.662941972143017, 3787653.554114948958158 ], [ 760262.937877424294129, 3787652.702090889215469 ], [ 760262.425207008374855, 3787671.190687263850123 ], [ 760270.106457674875855, 3787671.403684319462627 ], [ 760269.850114057771862, 3787680.647982893511653 ] ], [ [ 760277.787708544754423, 3787671.616687674541026 ], [ 760278.044059192878194, 3787662.372388949152082 ], [ 760285.725317849777639, 3787662.5853983592242 ], [ 760285.468959619407542, 3787671.829697330947965 ], [ 760277.787708544754423, 3787671.616687674541026 ] ] ] } },
{ "type": "Feature", "properties": { "Code": 30, "type": "prairie" }, "geometry": { "type": "Polygon", "coordinates": [ [ [ 759202.669859046000056, 3787632.61325427563861 ], [ 759203.435723189497367, 3787604.88046162808314 ], [ 759211.116976075572893, 3787605.092588283587247 ], [ 759210.861680994741619, 3787614.336852648295462 ], [ 759226.224172213464044, 3787614.761125349439681 ], [ 759225.968861419591121, 3787624.005390300415456 ], [ 759233.650099751306698, 3787624.217536345124245 ], [ 759233.394780826405622, 3787633.461801635101438 ], [ 759202.669859046000056, 3787632.61325427563861 ] ] ] } },
{ "type": "Feature", "properties": { "Code": 30, "type": "prairie" }, "geometry": { "type": "Polygon", "coordinates": [ [ [ 760231.187594422604889, 3787688.827356832567602 ], [ 760269.593769889324903, 3787689.89228156581521 ], [ 760270.106457674875855, 3787671.403684319462627 ], [ 760262.425207008374855, 3787671.190687263850123 ], [ 760262.937877424294129, 3787652.702090889215469 ], [ 760293.662941972143017, 3787653.554114948958158 ], [ 760293.919306682189927, 3787644.309815922286361 ], [ 760301.60058091126848, 3787644.522837441414595 ], [ 760301.856952652102336, 3787635.278538264334202 ], [ 760317.219516887678765, 3787635.704599713440984 ], [ 760316.963129982352257, 3787644.948899381794035 ], [ 760309.28185534500517, 3787644.735865260940045 ], [ 760309.025475470582023, 3787653.980164779815823 ], [ 760301.34420861909166, 3787653.76713671348989 ], [ 760301.08783577545546, 3787663.011436081025749 ], [ 760293.406576710985973, 3787662.798414070624858 ], [ 760293.15021089813672, 3787672.042713287752122 ], [ 760285.468959619407542, 3787671.829697330947965 ], [ 760285.212600837694481, 3787681.073996397200972 ], [ 760315.937576847150922, 3787681.926099007483572 ], [ 760316.193965958082117, 3787672.681798958219588 ], [ 760323.875218053348362, 3787672.894840115215629 ], [ 760323.618821360054426, 3787682.13914040941745 ], [ 760331.30006607726682, 3787682.35218811314553 ], [ 760331.556470352690667, 3787673.107887573540211 ], [ 760339.237722855643369, 3787673.320941330865026 ], [ 760339.494134162086993, 3787664.076640639919788 ], [ 760362.537915643304586, 3787664.71583897806704 ], [ 760363.050782095408067, 3787646.227236406877637 ], [ 760370.732058162335306, 3787646.440314629115164 ], [ 760371.244937572977506, 3787627.951711949426681 ], [ 760378.92622900812421, 3787628.164795980323106 ], [ 760379.182675468269736, 3787618.920494536403567 ], [ 760402.226573746651411, 3787619.559783692937344 ], [ 760402.48304240196012, 3787610.31548160687089 ], [ 760410.164349818835035, 3787610.528590347617865 ], [ 760410.420825504814275, 3787601.284288111608475 ], [ 760418.102140707545914, 3787601.497402905952185 ], [ 760417.845657439436764, 3787610.741705387365073 ], [ 760433.208273294381797, 3787611.167954368516803 ], [ 760433.721269607893191, 3787592.679348516277969 ], [ 760456.765240413486026, 3787593.318767765071243 ], [ 760456.508719786070287, 3787602.563071381300688 ], [ 760471.871352847898379, 3787602.989382874686271 ], [ 760472.38442387979012, 3787584.500774755142629 ], [ 760487.747088086907752, 3787584.927110463846475 ], [ 760488.003637939575128, 3787575.682806054595858 ], [ 760464.95961918856483, 3787575.043312679044902 ], [ 760465.216145743150264, 3787565.799009102862328 ], [ 760457.534798985579982, 3787565.585857490077615 ], [ 760457.278280013240874, 3787574.830160819925368 ], [ 760434.234263714519329, 3787574.190743046347052 ], [ 760433.977766937110573, 3787583.43504573404789 ], [ 760426.296436161035672, 3787583.221918831113726 ], [ 760426.039946413831785, 3787592.466221367940307 ], [ 760387.633333508390933, 3787591.400680124294013 ], [ 760387.376881120726466, 3787600.644981529098004 ], [ 760364.332938574254513, 3787600.005731648765504 ], [ 760364.589368215529248, 3787590.761430981103331 ], [ 760356.908046859432943, 3787590.548360534477979 ], [ 760357.420889323344454, 3787572.059759979601949 ], [ 760342.058216896373779, 3787571.63363896869123 ], [ 760341.545404761098325, 3787590.122238540556282 ], [ 760333.864084018045105, 3787589.90918699465692 ], [ 760334.120482779340819, 3787580.664887405466288 ], [ 760326.439154657768086, 3787580.45184240443632 ], [ 760325.926371748093516, 3787598.940441186074167 ], [ 760310.563746446743608, 3787598.514369101729244 ], [ 760310.307369329151697, 3787607.758668143302202 ], [ 760302.626064566429704, 3787607.545641306322068 ], [ 760302.369694479741156, 3787616.78994019748643 ], [ 760294.688397503923625, 3787616.576919415034354 ], [ 760294.432034448022023, 3787625.821218155324459 ], [ 760240.663014406105503, 3787624.330247363541275 ], [ 760240.406703874352388, 3787633.574544478673488 ], [ 760225.044143720995635, 3787633.148609034717083 ], [ 760224.531551332445815, 3787651.637202571611851 ], [ 760216.850286725908518, 3787651.424243808723986 ], [ 760216.593997287214734, 3787660.668540473096073 ], [ 760239.637768971500918, 3787661.307436399627477 ], [ 760239.381456234841608, 3787670.551733897533268 ], [ 760216.337707297177985, 3787669.912837233860046 ], [ 760216.081416756147519, 3787679.15713408915326 ], [ 760231.443900679703802, 3787679.583059389609843 ], [ 760231.187594422604889, 3787688.827356832567602 ] ] ] } },
{ "type": "Feature", "properties": { "Code": 20, "type": "foret_claire" }, "geometry": { "type": "Polygon", "coordinates": [ [ [ 760798.572037785197608, 3787741.58159102126956 ], [ 760806.253257257747464, 3787741.795030573848635 ], [ 760806.76701099309139, 3787723.306398143991828 ], [ 760814.448245835723355, 3787723.519843505229801 ], [ 760814.962012526229955, 3787705.031210964079946 ], [ 760799.59951271628961, 3787704.604327525943518 ], [ 760801.397572577698156, 3787639.894120071083307 ], [ 760755.309759595664218, 3787638.613631300628185 ], [ 760756.337028245674446, 3787601.636377897113562 ], [ 760764.01836022734642, 3787601.84977595647797 ], [ 760764.532006402732804, 3787583.361149334348738 ], [ 760795.257397031411529, 3787584.214802607428282 ], [ 760795.514249619562179, 3787574.970488454215229 ], [ 760542.029624550952576, 3787567.930871739983559 ], [ 760541.77302217495162, 3787577.17517777485773 ], [ 760488.003637939575128, 3787575.682806054595858 ], [ 760487.747088086907752, 3787584.927110463846475 ], [ 760472.38442387979012, 3787584.500774755142629 ], [ 760471.871352847898379, 3787602.989382874686271 ], [ 760456.508719786070287, 3787602.563071381300688 ], [ 760456.765240413486026, 3787593.318767765071243 ], [ 760433.721269607893191, 3787592.679348516277969 ], [ 760433.208273294381797, 3787611.167954368516803 ], [ 760417.845657439436764, 3787610.741705387365073 ], [ 760418.102140707545914, 3787601.497402905952185 ], [ 760410.420825504814275, 3787601.284288111608475 ], [ 760410.164349818835035, 3787610.528590347617865 ], [ 760402.48304240196012, 3787610.31548160687089 ], [ 760402.226573746651411, 3787619.559783692937344 ], [ 760379.182675468269736, 3787618.920494536403567 ], [ 760378.92622900812421, 3787628.164795980323106 ], [ 760371.244937572977506, 3787627.951711949426681 ], [ 760370.732058162335306, 3787646.440314629115164 ], [ 760363.050782095408067, 3787646.227236406877637 ], [ 760362.537915643304586, 3787664.71583897806704 ], [ 760370.219176545855589, 3787664.928917691577226 ], [ 760370.475617629941553, 3787655.684616114478558 ], [ 760385.838155211415142, 3787656.110791949555278 ], [ 760385.581698962720111, 3787665.355094019323587 ], [ 760416.306746246991679, 3787666.20752227678895 ], [ 760416.563232824672014, 3787656.963219224475324 ], [ 760424.244502738816664, 3787657.176341793965548 ], [ 760424.50099634740036, 3787647.932038589380682 ], [ 760432.18227404798381, 3787648.145167213398963 ], [ 760431.925772857153788, 3787657.38947066385299 ], [ 760454.969584435923025, 3787658.028895074035972 ], [ 760454.713059946894646, 3787667.273199355695397 ], [ 760462.394323299871758, 3787667.486353672109544 ], [ 760463.163917859317735, 3787639.7534403745085 ], [ 760478.526490671327338, 3787640.179766432847828 ], [ 760479.296125758904964, 3787612.446852518245578 ], [ 760533.065296263550408, 3787613.939187020994723 ], [ 760533.578489714069292, 3787595.450574776157737 ], [ 760541.259815767407417, 3787595.663790128659457 ], [ 760541.516419247142039, 3787586.419483904726803 ], [ 760549.197753087501042, 3787586.632705310359597 ], [ 760548.941142025636509, 3787595.877011781092733 ], [ 760556.622468487126753, 3787596.090239733923227 ], [ 760556.365849290974438, 3787605.33454654738307 ], [ 760564.047168375691399, 3787605.547781045548618 ], [ 760563.790541045600548, 3787614.79208819847554 ], [ 760586.834476778400131, 3787615.431830235291272 ], [ 760587.091126855229959, 3787606.18752234429121 ], [ 760594.772446756716818, 3787606.400782044045627 ], [ 760594.515789097640663, 3787615.645090180449188 ], [ 760602.197101621772163, 3787615.858356426935643 ], [ 760601.940435828524642, 3787625.102664905134588 ], [ 760594.259130886639468, 3787624.889398413244635 ], [ 760594.002472123480402, 3787634.133706739638001 ], [ 760601.683769483235665, 3787634.346973477862775 ], [ 760601.427102586021647, 3787643.591282144654542 ], [ 760578.383233867469244, 3787642.951500094030052 ], [ 760578.126589165069163, 3787652.195808119140565 ], [ 760570.445307583548129, 3787651.982559789903462 ], [ 760570.188669911585748, 3787661.226867665536702 ], [ 760585.551218114909716, 3787661.653371116146445 ], [ 760585.294564726180397, 3787670.897679577115923 ], [ 760592.975831551826559, 3787671.110940999351442 ], [ 760592.719170028809458, 3787680.355249802116305 ], [ 760608.081689129467122, 3787680.781792037654668 ], [ 760608.851717536221258, 3787653.048864438664168 ], [ 760624.214282947708853, 3787653.475430400110781 ], [ 760623.957592199440114, 3787662.719739996828139 ], [ 760662.363971392856911, 3787663.78626638604328 ], [ 760662.620700052590109, 3787654.541955559048802 ], [ 760677.983268325682729, 3787654.968609724193811 ], [ 760678.496754318242893, 3787636.479987374972552 ], [ 760724.584555031731725, 3787637.760098126251251 ], [ 760724.327766817761585, 3787647.00441072974354 ], [ 760739.690353526500985, 3787647.431165208574384 ], [ 760739.947156905080192, 3787638.186852113343775 ], [ 760747.628458148683421, 3787638.400238556787372 ], [ 760747.371647187857889, 3787647.644551897421479 ], [ 760755.052941052475944, 3787647.857944888062775 ], [ 760754.796121956780553, 3787657.102258572354913 ], [ 760747.114835674525239, 3787656.888865334913135 ], [ 760746.858023608918302, 3787666.133178868796676 ], [ 760739.176745112286881, 3787665.91979168727994 ], [ 760738.919940076768398, 3787675.164105068426579 ], [ 760731.238669366925023, 3787674.9507239414379 ], [ 760730.46827369381208, 3787702.683663919568062 ], [ 760761.193266769987531, 3787703.537229184992611 ], [ 760761.706925096805207, 3787685.048600468784571 ], [ 760769.388189041754231, 3787685.262007044628263 ], [ 760769.901860323967412, 3787666.77337821573019 ], [ 760785.264419157640077, 3787667.200209283269942 ], [ 760784.750717545859516, 3787685.68883909471333 ], [ 760792.431982104084454, 3787685.902264571283013 ], [ 760791.918263117782772, 3787704.390895255841315 ], [ 760768.874515549861826, 3787703.750636252108961 ], [ 760768.617677975562401, 3787712.994950998574495 ], [ 760791.661402796162292, 3787713.635210741311312 ], [ 760791.404541922034696, 3787722.879526321776211 ], [ 760799.085776355583221, 3787723.09295908221975 ], [ 760798.572037785197608, 3787741.58159102126956 ] ] ] } },
{ "type": "Feature", "properties": { "Code": 60, "type": "bare" }, "geometry": { "type": "Polygon", "coordinates": [ [ [ 761029.780000408412889, 3787720.254548379220068 ], [ 761045.142497329274192, 3787720.681810334790498 ], [ 761045.913827299955301, 3787692.948839787393808 ], [ 761038.232555990340188, 3787692.735206398181617 ], [ 761038.489657292258926, 3787683.490883319173008 ], [ 761030.808378603775054, 3787683.277256477158517 ], [ 761031.836747952504084, 3787646.299966097809374 ], [ 761024.155439139809459, 3787646.086346541065723 ], [ 761023.898355214390904, 3787655.330668747425079 ], [ 761016.217054188018665, 3787655.117055245209485 ], [ 761015.959977292106487, 3787664.361377300228924 ], [ 761008.27868405287154, 3787664.147769852075726 ], [ 761008.02161418646574, 3787673.39209175715223 ], [ 761000.340328734950162, 3787673.178490363061428 ], [ 761000.08326589805074, 3787682.422812114469707 ], [ 761007.764543767203577, 3787682.636413754429668 ], [ 761007.507472794968635, 3787691.880735849495977 ], [ 760999.82620250841137, 3787691.667133962269872 ], [ 760999.569138565799221, 3787700.911455904599279 ], [ 761030.294190611923113, 3787701.765902237966657 ], [ 761029.780000408412889, 3787720.254548379220068 ] ] ] } },
{ "type": "Feature", "properties": { "Code": 20, "type": "foret_claire" }, "geometry": { "type": "Polygon", "coordinates": [ [ [ 761261.504148958483711, 3787680.444472270086408 ], [ 761262.533425985369831, 3787643.467152694240212 ], [ 761270.214748729020357, 3787643.680967315565795 ], [ 761270.472074184566736, 3787634.436637412756681 ], [ 761285.834735452081077, 3787634.864285062532872 ], [ 761286.092075519030914, 3787625.619954761117697 ], [ 761293.773414042894728, 3787625.833787790499628 ], [ 761293.51606639358215, 3787635.078118338249624 ], [ 761308.878728890558705, 3787635.505803790874779 ], [ 761308.364001601701602, 3787653.994466157164425 ], [ 761300.682685415958986, 3787653.780619788449258 ], [ 761300.425328523851931, 3787663.02495086658746 ], [ 761277.381403942010365, 3787662.383448820095509 ], [ 761277.124069243785925, 3787671.627779255155474 ], [ 761269.442769041866995, 3787671.41395759396255 ], [ 761269.185441372566856, 3787680.658287877216935 ], [ 761261.504148958483711, 3787680.444472270086408 ] ] ] } },
{ "type": "Feature", "properties": { "Code": 20, "type": "foret_claire" }, "geometry": { "type": "Polygon", "coordinates": [ [ [ 759563.687895468669012, 3787642.590051964856684 ], [ 759579.050375072984025, 3787643.014905252493918 ], [ 759579.306035191053525, 3787633.770628944970667 ], [ 759586.9872828804655, 3787633.98306479351595 ], [ 759587.24295003071893, 3787624.738788336515427 ], [ 759594.924205506336875, 3787624.951230240054429 ], [ 759595.179879688890651, 3787615.706953634507954 ], [ 759602.861142950132489, 3787615.919401593506336 ], [ 759603.11682416475378, 3787606.675124838482589 ], [ 759610.79809521115385, 3787606.887578852474689 ], [ 759611.053783458075486, 3787597.643301947042346 ], [ 759626.416341326199472, 3787598.068228384945542 ], [ 759627.183448259485886, 3787570.335396770853549 ], [ 759657.908657423220575, 3787571.185322308447212 ], [ 759657.652925334055908, 3787580.42960039852187 ], [ 759673.01551597379148, 3787580.854601457249373 ], [ 759673.527009930112399, 3787562.366044393274933 ], [ 759681.208320719772018, 3787562.578553882427514 ], [ 759680.952566434629261, 3787571.822832611855119 ], [ 759703.996477278647944, 3787572.460399616044015 ], [ 759703.740699697402306, 3787581.704679177608341 ], [ 759734.465886679245159, 3787582.554857697803527 ], [ 759734.977501947665587, 3787564.066296712029725 ], [ 759758.021439814707264, 3787564.703995282761753 ], [ 759758.53309837449342, 3787546.2154332078062 ], [ 759627.950550243491307, 3787542.602566015906632 ], [ 759627.439149470767006, 3787561.091119756922126 ], [ 759604.395221990183927, 3787560.453742489684373 ], [ 759604.139543524943292, 3787569.698018769267946 ], [ 759581.095640622079372, 3787569.060697466600686 ], [ 759580.839984352816828, 3787578.304973106365651 ], [ 759565.477398599497974, 3787577.880123249720782 ], [ 759565.22175694454927, 3787587.124398493673652 ], [ 759549.859187169000506, 3787586.699573346879333 ], [ 759549.603560128249228, 3787595.943848197348416 ], [ 759541.922283128951676, 3787595.731444828677922 ], [ 759541.155421454226598, 3787623.464269215241075 ], [ 759564.199184826458804, 3787624.101500425487757 ], [ 759563.687895468669012, 3787642.590051964856684 ] ] ] } },
{ "type": "Feature", "properties": { "Code": 30, "type": "prairie" }, "geometry": { "type": "Polygon", "coordinates": [ [ [ 761008.27868405287154, 3787664.147769852075726 ], [ 761008.535753366420977, 3787654.903448042925447 ], [ 761016.217054188018665, 3787655.117055245209485 ], [ 761015.959977292106487, 3787664.361377300228924 ], [ 761008.27868405287154, 3787664.147769852075726 ] ] ] } },
{ "type": "Feature", "properties": { "Code": 30, "type": "prairie" }, "geometry": { "type": "Polygon", "coordinates": [ [ [ 759318.654537829337642, 3787608.063022967427969 ], [ 759318.909938508877531, 3787598.818755272310227 ], [ 759326.5912020271644, 3787599.030976183712482 ], [ 759326.335793765727431, 3787608.275244123768061 ], [ 759318.654537829337642, 3787608.063022967427969 ] ] ] } },
{ "type": "Feature", "properties": { "Code": 30, "type": "prairie" }, "geometry": { "type": "Polygon", "coordinates": [ [ [ 758934.39621327270288, 3788161.783610320650041 ], [ 758949.757780782761984, 3788162.207483942620456 ], [ 758950.01286615175195, 3788152.963221669197083 ], [ 758965.374449639581144, 3788153.387120003346354 ], [ 758965.629549625795335, 3788144.14285733550787 ], [ 758973.310349257430062, 3788144.354815709870309 ], [ 758974.585878874873742, 3788098.133502586279064 ], [ 758989.947554574930109, 3788098.557435791473836 ], [ 758990.202674018335529, 3788089.313172964379191 ], [ 758982.521828483673744, 3788089.101203456055373 ], [ 758982.776939795701765, 3788079.856940969824791 ], [ 758975.09608688193839, 3788079.644978006836027 ], [ 758975.351190062472597, 3788070.400715861003846 ], [ 758983.032050559180789, 3788070.612678579520434 ], [ 758983.287160774110816, 3788061.36841628421098 ], [ 759014.010635123820975, 3788062.216329186689109 ], [ 759013.755494577810168, 3788071.460592460352927 ], [ 759021.436356089776382, 3788071.672586681321263 ], [ 759021.946651798440143, 3788053.184059741906822 ], [ 759037.308405763003975, 3788053.608066107612103 ], [ 759038.073890707688406, 3788025.875274947378784 ], [ 759045.754790742299519, 3788026.087286848109215 ], [ 759045.499622060102411, 3788035.331550717819482 ], [ 759053.180514715844765, 3788035.543569162487984 ], [ 759053.690866696764715, 3788017.05504103237763 ], [ 759069.05268294760026, 3788017.479095845483243 ], [ 759069.307873280602507, 3788008.2348314342089 ], [ 759076.988789293565787, 3788008.446868046652526 ], [ 759076.733591377967969, 3788017.691132702399045 ], [ 759084.414500010898337, 3788017.903175859246403 ], [ 759084.669705509091727, 3788008.658910959493369 ], [ 759100.031538550741971, 3788009.083015685901046 ], [ 759100.286758665461093, 3787999.838750394061208 ], [ 759115.64860768429935, 3788000.262879833113402 ], [ 759115.903842415544204, 3787991.018614146392792 ], [ 759131.265707412152551, 3787991.442768297158182 ], [ 759131.520956759806722, 3787982.198502217885107 ], [ 759162.244719521258958, 3787983.046885147690773 ], [ 759162.499998650630005, 3787973.802618184592575 ], [ 759193.223794994410127, 3787974.651100940536708 ], [ 759193.47910390526522, 3787965.406833095476031 ], [ 759201.160061081405729, 3787965.618969290517271 ], [ 759201.670692421263084, 3787947.130433398298919 ], [ 759209.351664966437966, 3787947.342575405258685 ], [ 759209.606987395440228, 3787938.098307355772704 ], [ 759224.968948259949684, 3787938.522609780542552 ], [ 759225.224285304895602, 3787929.27834133990109 ], [ 759232.905273624812253, 3787929.490501757711172 ], [ 759233.160617703339085, 3787920.246233166195452 ], [ 759271.565600263187662, 3787921.307128538377583 ], [ 759272.076362598221749, 3787902.818589197006077 ], [ 759264.395350514212623, 3787902.606398011092097 ], [ 759264.650723275495693, 3787893.362128728069365 ], [ 759256.969703812850639, 3787893.149944088421762 ], [ 759257.735796054126695, 3787865.417137546464801 ], [ 759250.054754046839662, 3787865.204959940165281 ], [ 759250.565464297076687, 3787846.716423212550581 ], [ 759258.246521469205618, 3787846.928600330837071 ], [ 759257.991159036173485, 3787856.17286889301613 ], [ 759265.67220882861875, 3787856.385052553378046 ], [ 759265.416838264092803, 3787865.62932145409286 ], [ 759273.097880678018555, 3787865.84151165978983 ], [ 759273.608636422781274, 3787847.352973464876413 ], [ 759281.289694204810075, 3787847.565169483423233 ], [ 759281.545078835682943, 3787838.320900285616517 ], [ 759289.226144402753562, 3787838.533102358691394 ], [ 759289.992317747906782, 3787810.800294601358473 ], [ 759297.673406266141683, 3787811.012502240482718 ], [ 759297.92880386498291, 3787801.768232934176922 ], [ 759313.29099667549599, 3787802.192666624672711 ], [ 759313.546408889815211, 3787792.948396925348788 ], [ 759321.227513182559051, 3787793.160622975789011 ], [ 759320.972093385877088, 3787802.40489292005077 ], [ 759328.653190299053676, 3787802.617125515826046 ], [ 759328.142333893105388, 3787821.105666182003915 ], [ 759320.461252144537866, 3787820.893433096352965 ], [ 759319.950408706208691, 3787839.381973655894399 ], [ 759304.588276147609577, 3787838.957525406498462 ], [ 759304.077460841857828, 3787857.446065367199481 ], [ 759319.439563070656732, 3787857.870514595415443 ], [ 759319.694986163172871, 3787848.626244076061994 ], [ 759327.376045164419338, 3787848.838477896060795 ], [ 759327.631475289817899, 3787839.594207229558378 ], [ 759335.312542077503167, 3787839.806447103619576 ], [ 759335.567979236133397, 3787830.562176288571209 ], [ 759358.611203565029427, 3787831.198932980652899 ], [ 759358.100283203879371, 3787849.687476174905896 ], [ 759350.419223388773389, 3787849.47521715471521 ], [ 759349.908315994893201, 3787867.963760244194418 ], [ 759365.270405498333275, 3787868.388285563327372 ], [ 759365.781343221897259, 3787849.899741495493799 ], [ 759381.143463869113475, 3787850.324291036464274 ], [ 759381.398947071633302, 3787841.080018657725304 ], [ 759389.080015282146633, 3787841.292302634101361 ], [ 759389.335505517665297, 3787832.048030105885118 ], [ 759381.654429724789225, 3787831.835746374446899 ], [ 759381.909911828581244, 3787822.591474184766412 ], [ 759374.228828656021506, 3787822.379196997731924 ], [ 759374.484302627970465, 3787813.134925148915499 ], [ 759366.803212076425552, 3787812.922654506284744 ], [ 759367.82507214078214, 3787775.945569043047726 ], [ 759375.506193021778017, 3787776.157838705927134 ], [ 759376.017134922090918, 3787757.669296058360487 ], [ 759383.698271171189845, 3787757.881571532227099 ], [ 759384.720178708201274, 3787720.904486402403563 ], [ 759407.76367966120597, 3787721.541347685270011 ], [ 759408.274675626540557, 3787703.052804224658757 ], [ 759438.999407070223242, 3787703.902038846630603 ], [ 759439.765987883205526, 3787676.169221432413906 ], [ 759447.447193998261355, 3787676.381545103155077 ], [ 759447.702727418974973, 3787667.137272578198463 ], [ 759455.383941320702434, 3787667.349602304864675 ], [ 759455.639481774065644, 3787658.105329629965127 ], [ 759478.683147446019575, 3787658.742355875205249 ], [ 759478.427584246383049, 3787667.98662928538397 ], [ 759470.746369734057225, 3787667.774280658457428 ], [ 759470.49081356707029, 3787677.018553917761892 ], [ 759478.172020497033373, 3787677.230902790091932 ], [ 759477.660891349543817, 3787695.719450085889548 ], [ 759493.023275490733795, 3787696.14416770869866 ], [ 759493.278855503769591, 3787686.899893522728235 ], [ 759531.68485732912086, 3787687.961796609219164 ], [ 759531.429239405319095, 3787697.206072020344436 ], [ 759539.110432798857801, 3787697.418471782933921 ], [ 759538.85480674309656, 3787706.662747533526272 ], [ 759531.17362093157135, 3787706.450347524601966 ], [ 759530.918001908343285, 3787715.694623125717044 ], [ 759546.280358569114469, 3787716.119429931044579 ], [ 759547.30289202160202, 3787679.142326141241938 ], [ 759554.984100986621343, 3787679.354738014750183 ], [ 759555.495379578671418, 3787660.866186201572418 ], [ 759570.857828447478823, 3787661.291027869097888 ], [ 759571.113482082961127, 3787652.04675161652267 ], [ 759594.157179659581743, 3787652.684060631785542 ], [ 759593.901503277593292, 3787661.928337619174272 ], [ 759601.582728628301993, 3787662.140786803327501 ], [ 759601.838412592420354, 3787652.896509570069611 ], [ 759609.519645728170872, 3787653.108964810147882 ], [ 759610.031027171062306, 3787634.620410140603781 ], [ 759602.349778870935552, 3787634.407955391798168 ], [ 759602.605461185565218, 3787625.163678444456309 ], [ 759617.967973154038191, 3787625.588593752589077 ], [ 759617.712275675381534, 3787634.832871190737933 ], [ 759633.074773294036277, 3787635.25781218893826 ], [ 759633.330485936952755, 3787626.013534261379391 ], [ 759656.374256637995131, 3787626.650992275215685 ], [ 759656.118521248805337, 3787635.895270938519388 ], [ 759663.799770974670537, 3787636.107769788242877 ], [ 759663.544027453404851, 3787645.352048789151013 ], [ 759671.225269800168462, 3787645.564554185140878 ], [ 759671.481020903564058, 3787636.320274938363582 ], [ 759679.162271036766469, 3787636.532786388415843 ], [ 759679.418029172345996, 3787627.28850699076429 ], [ 759694.780545213143341, 3787627.713548301253468 ], [ 759695.036317962803878, 3787618.469268509186804 ], [ 759671.992521460400894, 3787617.831716729328036 ], [ 759672.248270913842134, 3787608.587437768466771 ], [ 759679.929543793201447, 3787608.799948483705521 ], [ 759680.185300278593786, 3787599.555669371969998 ], [ 759710.91042416007258, 3787600.40577425295487 ], [ 759711.16621042357292, 3787591.161494256928563 ], [ 759718.847499485360458, 3787591.374035983346403 ], [ 759718.591705639730208, 3787600.618316224310547 ], [ 759733.954269209760241, 3787601.043419064488262 ], [ 759734.465886679245159, 3787582.554857697803527 ], [ 759703.740699697402306, 3787581.704679177608341 ], [ 759703.996477278647944, 3787572.460399616044015 ], [ 759680.952566434629261, 3787571.822832611855119 ], [ 759681.208320719772018, 3787562.578553882427514 ], [ 759673.527009930112399, 3787562.366044393274933 ], [ 759673.01551597379148, 3787580.854601457249373 ], [ 759657.652925334055908, 3787580.42960039852187 ], [ 759657.908657423220575, 3787571.185322308447212 ], [ 759627.183448259485886, 3787570.335396770853549 ], [ 759626.416341326199472, 3787598.068228384945542 ], [ 759611.053783458075486, 3787597.643301947042346 ], [ 759610.79809521115385, 3787606.887578852474689 ], [ 759603.11682416475378, 3787606.675124838482589 ], [ 759602.861142950132489, 3787615.919401593506336 ], [ 759595.179879688890651, 3787615.706953634507954 ], [ 759594.924205506336875, 3787624.951230240054429 ], [ 759587.24295003071893, 3787624.738788336515427 ], [ 759586.9872828804655, 3787633.98306479351595 ], [ 759579.306035191053525, 3787633.770628944970667 ], [ 759579.050375072984025, 3787643.014905252493918 ], [ 759563.687895468669012, 3787642.590051964856684 ], [ 759564.199184826458804, 3787624.101500425487757 ], [ 759541.155421454226598, 3787623.464269215241075 ], [ 759541.666663120500743, 3787604.975719529669732 ], [ 759518.622856087051332, 3787604.338546488899738 ], [ 759518.878453349461779, 3787595.094272523187101 ], [ 759534.241006332216784, 3787595.519047760870308 ], [ 759534.496618208941072, 3787586.274773400276899 ], [ 759511.452766294009052, 3787585.637620730791241 ], [ 759510.941587482811883, 3787604.126168076880276 ], [ 759503.260319082648493, 3787603.913795963395387 ], [ 759503.004736434668303, 3787613.158069533295929 ], [ 759510.685997252701782, 3787613.370441891718656 ], [ 759510.430406472878531, 3787622.614715803880244 ], [ 759518.111659913090989, 3787622.827094706706703 ], [ 759517.856061001541093, 3787632.071368959266692 ], [ 759510.174815143458545, 3787631.858989811502397 ], [ 759509.91922326432541, 3787641.103263913653791 ], [ 759502.237985192448832, 3787640.890890820417553 ], [ 759501.982400345616043, 3787650.135164774022996 ], [ 759478.938710096059367, 3787649.498082562349737 ], [ 759479.705394748481922, 3787621.765263193286955 ], [ 759464.34289010707289, 3787621.340574687812477 ], [ 759463.831797883380204, 3787639.829119859263301 ], [ 759440.788087940192781, 3787639.192132883705199 ], [ 759440.277039010776207, 3787657.680676966439933 ], [ 759432.595817933790386, 3787657.468360085505992 ], [ 759432.851335091283545, 3787648.224088240880519 ], [ 759386.763967410195619, 3787646.950320723932236 ], [ 759386.508495745481923, 3787656.194591097999364 ], [ 759371.146056642872281, 3787655.770051837898791 ], [ 759370.890599592821673, 3787665.014321819413453 ], [ 759332.484543307684362, 3787663.953082694672048 ], [ 759332.739962447085418, 3787654.708813935518265 ], [ 759325.058744218433276, 3787654.496585255954415 ], [ 759324.803332661045715, 3787663.7408537697047 ], [ 759317.122122217086144, 3787663.528631145134568 ], [ 759316.86671769246459, 3787672.772899508476257 ], [ 759309.185515034128912, 3787672.560682937968522 ], [ 759308.93011754238978, 3787681.804951153229922 ], [ 759293.567728000460193, 3787681.380536425858736 ], [ 759293.823110327823088, 3787672.136268700473011 ], [ 759286.141908280085772, 3787671.92407103208825 ], [ 759285.886533534736373, 3787681.168338511604816 ], [ 759270.524145212140866, 3787680.743961584754288 ], [ 759271.034863824956119, 3787662.255427698139101 ], [ 759278.716073048883118, 3787662.467612522654235 ], [ 759278.971439113724045, 3787653.223345477133989 ], [ 759271.290222307667136, 3787653.011160898488015 ], [ 759271.545580241130665, 3787643.76689419336617 ], [ 759256.183132075588219, 3787643.342544423881918 ], [ 759255.672445987700485, 3787661.831076950300485 ], [ 759217.266404952504672, 3787660.770310332067311 ], [ 759217.521710360655561, 3787651.526045243721455 ], [ 759225.202925743535161, 3787651.738185722846538 ], [ 759225.458238184568472, 3787642.493920487351716 ], [ 759187.052125393762253, 3787641.433282315265387 ], [ 759186.796850862912834, 3787650.677546327933669 ], [ 759179.115636496338993, 3787650.465437349397689 ], [ 759178.094563211430795, 3787687.442493380513042 ], [ 759193.456931490334682, 3787687.866719594225287 ], [ 759193.712215799372643, 3787678.622454954776913 ], [ 759201.393407826311886, 3787678.834577266592532 ], [ 759201.138115935144015, 3787688.078842151910067 ], [ 759208.819300582632422, 3787688.290971009526402 ], [ 759208.053398868767545, 3787716.023766970261931 ], [ 759200.372236967785284, 3787715.811637379229069 ], [ 759200.627530505880713, 3787706.567372207529843 ], [ 759185.265192148974165, 3787706.143132414203137 ], [ 759184.499355380423367, 3787733.875926746055484 ], [ 759176.818209253135137, 3787733.663815565872937 ], [ 759176.052390290307812, 3787761.396610024385154 ], [ 759168.371267112903297, 3787761.184504411183298 ], [ 759168.116000609705225, 3787770.42876917636022 ], [ 759175.797116204863414, 3787770.640875034034252 ], [ 759175.541841570287943, 3787779.885140140540898 ], [ 759152.498518141685054, 3787779.248840732499957 ], [ 759152.243265704950318, 3787788.493105201050639 ], [ 759136.881066267378628, 3787788.068936607334763 ], [ 759136.370590076665394, 3787806.557464850600809 ], [ 759151.732759185018949, 3787806.981634422205389 ], [ 759151.477505101589486, 3787816.225899175740778 ], [ 759159.158582378877327, 3787816.437993657309562 ], [ 759158.392794087994844, 3787844.170789224561304 ], [ 759150.711739557795227, 3787843.958694010507315 ], [ 759149.945969073683955, 3787871.69148970535025 ], [ 759157.627000856562518, 3787871.90358565421775 ], [ 759157.371735348249786, 3787881.147851321380585 ], [ 759142.009687151061371, 3787880.723665236495435 ], [ 759142.520187289104797, 3787862.235134974122047 ], [ 759134.839148330735043, 3787862.023051871452481 ], [ 759134.583906118641607, 3787871.267316710203886 ], [ 759103.859782645478845, 3787870.419046321883798 ], [ 759103.604570214287378, 3787879.663310279138386 ], [ 759095.923547436133958, 3787879.451258187647909 ], [ 759095.668342038523406, 3787888.69552199402824 ], [ 759087.987327045761049, 3787888.483475959394127 ], [ 759087.476929769152775, 3787906.972003370523453 ], [ 759072.114930723793805, 3787906.547929223161191 ], [ 759072.370114471530542, 3787897.303665958344936 ], [ 759064.689107670681551, 3787897.091638579033315 ], [ 759064.178754791500978, 3787915.580164714716375 ], [ 759048.816772129735909, 3787915.156127880327404 ], [ 759049.071933678817004, 3787905.911865253467113 ], [ 759041.390935070347041, 3787905.699856531340629 ], [ 759039.860003040870652, 3787961.16543225524947 ], [ 759009.136192617705092, 3787960.317454501520842 ], [ 759009.646444828365929, 3787941.828930834308267 ], [ 759025.008379964041524, 3787942.252906132955104 ], [ 759026.284076715121046, 3787896.031596188433468 ], [ 759018.603071133489721, 3787895.81960661103949 ], [ 759018.347940463107079, 3787905.063868164550513 ], [ 759010.666942666517571, 3787904.851884642615914 ], [ 759010.92206575430464, 3787895.607623333577067 ], [ 758995.56005560583435, 3787895.183675679843873 ], [ 758995.304947682889178, 3787904.42793650040403 ], [ 758979.942953511606902, 3787904.004013558384031 ], [ 758978.922576993820257, 3787940.981055839918554 ], [ 758971.241610542405397, 3787940.769102841615677 ], [ 758970.731434157234617, 3787959.257624065969139 ], [ 758963.050483074621297, 3787959.045676879119128 ], [ 758962.795401641749777, 3787968.289937390480191 ], [ 758947.433515249518678, 3787967.866061429027468 ], [ 758947.17844843340572, 3787977.110321548301727 ], [ 758939.497513124952093, 3787976.898392773233354 ], [ 758939.242453343002126, 3787986.142652742564678 ], [ 758916.199671383015811, 3787985.506903489120305 ], [ 758916.964780840557069, 3787957.7741260654293 ], [ 758909.283831178443506, 3787957.56222298135981 ], [ 758909.538858984829858, 3787948.317964276298881 ], [ 758901.857901943731122, 3787948.106067736633122 ], [ 758902.877977355266921, 3787911.12903484608978 ], [ 758864.473043542471714, 3787910.069651535246521 ], [ 758864.218063424457796, 3787919.313908393494785 ], [ 758856.53708485304378, 3787919.102050388231874 ], [ 758851.692502502235584, 3788094.74294420145452 ], [ 758859.373337003635243, 3788094.95480684703216 ], [ 758859.118345919414423, 3788104.199065617285669 ], [ 758874.480000364826992, 3788104.622810299042612 ], [ 758874.224993566633202, 3788113.867069653235376 ], [ 758912.629095317795873, 3788114.926542835775763 ], [ 758912.374050057027489, 3788124.170803505927324 ], [ 758920.054863433120772, 3788124.382717288099229 ], [ 758919.544756100745872, 3788142.871239404194057 ], [ 758927.22555451374501, 3788143.083159974310547 ], [ 758926.970492442022078, 3788152.327421419788152 ], [ 758934.651283475803211, 3788152.539348535239697 ], [ 758934.39621327270288, 3788161.783610320650041 ] ], [ [ 758967.670329768327065, 3788070.188759442418814 ], [ 758967.925424817716703, 3788060.944497634191066 ], [ 758960.244557144353166, 3788060.732547759078443 ], [ 758960.499644062365405, 3788051.488286293111742 ], [ 758952.818769008619711, 3788051.276342964265496 ], [ 758954.094157457933761, 3788005.05503828311339 ], [ 758961.775070425122976, 3788005.26698039053008 ], [ 758961.519986249506474, 3788014.511241380125284 ], [ 758969.200891836546361, 3788014.723190033808351 ], [ 758968.435613270848989, 3788042.455974308308214 ], [ 758976.116496313363314, 3788042.66792999394238 ], [ 758975.351190062472597, 3788070.400715861003846 ], [ 758967.670329768327065, 3788070.188759442418814 ] ], [ [ 758976.626697737723589, 3788024.179406559560448 ], [ 758977.136896967887878, 3788005.690883508417755 ], [ 758992.498724322766066, 3788006.114811825565994 ], [ 758992.243609816534445, 3788015.359073793515563 ], [ 758999.924516216269694, 3788015.571047646924853 ], [ 758999.66939357877709, 3788024.815309953410178 ], [ 758976.626697737723589, 3788024.179406559560448 ] ], [ [ 758970.476345141767524, 3787968.501884820405394 ], [ 758970.731434157234617, 3787959.257624065969139 ], [ 758978.412385443458334, 3787959.469577551819384 ], [ 758978.667481492972001, 3787950.225316648837179 ], [ 758986.34844056412112, 3787950.437276191543788 ], [ 758986.093336932128295, 3787959.681537338532507 ], [ 758993.77428862452507, 3787959.893503426108509 ], [ 758993.519176861271262, 3787969.137764914892614 ], [ 758970.476345141767524, 3787968.501884820405394 ] ], [ [ 759001.96547756541986, 3787941.616952634882182 ], [ 759002.475712416693568, 3787923.12842983705923 ], [ 759010.156694844714366, 3787923.340407547540963 ], [ 759009.646444828365929, 3787941.828930834308267 ], [ 759001.96547756541986, 3787941.616952634882182 ] ], [ [ 759210.62827162060421, 3787901.121236120350659 ], [ 759210.883591304300353, 3787891.876968550030142 ], [ 759218.564609548076987, 3787892.089115389622748 ], [ 759219.075262433034368, 3787873.600580045953393 ], [ 759226.756296044331975, 3787873.812732696067542 ], [ 759226.50096229382325, 3787883.057000564411283 ], [ 759234.181988526368514, 3787883.269159759860486 ], [ 759233.671304213115945, 3787901.757696272805333 ], [ 759210.62827162060421, 3787901.121236120350659 ] ], [ [ 759206.521580616710708, 3787771.489361468702555 ], [ 759206.776885031256825, 3787762.245095480233431 ], [ 759191.414637254318222, 3787761.820840152446181 ], [ 759191.669925955473445, 3787752.576574747916311 ], [ 759214.713320672744885, 3787753.212966457474977 ], [ 759215.223941921256483, 3787734.724434467963874 ], [ 759222.905089064850472, 3787734.936577147804201 ], [ 759222.649771132972091, 3787744.180843339767307 ], [ 759230.33091089699883, 3787744.392992565408349 ], [ 759230.075584833743051, 3787753.637259097304195 ], [ 759237.756717219483107, 3787753.849414867348969 ], [ 759237.501383024849929, 3787763.093681739177555 ], [ 759222.139133621938527, 3787762.669376009143889 ], [ 759221.883814042783342, 3787771.913642486091703 ], [ 759206.521580616710708, 3787771.489361468702555 ] ], [ [ 759191.925214107497595, 3787743.332309439778328 ], [ 759192.435788764618337, 3787724.843779108021408 ], [ 759200.116942880675197, 3787725.055902644060552 ], [ 759199.861648244317621, 3787734.300168006215245 ], [ 759207.542794980923645, 3787734.512298087589443 ], [ 759207.287492213421501, 3787743.756563789676875 ], [ 759191.925214107497595, 3787743.332309439778328 ] ], [ [ 759330.441170417121612, 3787737.907236192375422 ], [ 759330.696593950968236, 3787728.662966670002788 ], [ 759346.058909703977406, 3787729.087446846533567 ], [ 759345.80347100563813, 3787738.331716858316213 ], [ 759330.441170417121612, 3787737.907236192375422 ] ], [ [ 759223.415723281446844, 3787716.448045052587986 ], [ 759223.926355301751755, 3787697.959513338748366 ], [ 759231.607532976893708, 3787698.171661340631545 ], [ 759231.862855745479465, 3787688.927395382430404 ], [ 759239.544041206361726, 3787689.139549439772964 ], [ 759239.288710855646059, 3787698.383815642911941 ], [ 759246.969888937310316, 3787698.595976246055216 ], [ 759246.71455045521725, 3787707.840242789126933 ], [ 759239.033379955682904, 3787707.628081941511482 ], [ 759238.77804850670509, 3787716.872348336037248 ], [ 759223.415723281446844, 3787716.448045052587986 ] ], [ [ 759216.500485433731228, 3787688.50310616614297 ], [ 759216.755792489158921, 3787679.258840792346746 ], [ 759232.118177965050563, 3787679.683129518292844 ], [ 759231.862855745479465, 3787688.927395382430404 ], [ 759216.500485433731228, 3787688.50310616614297 ] ], [ [ 759239.544041206361726, 3787689.139549439772964 ], [ 759239.799371008179151, 3787679.895283331628889 ], [ 759247.480564254103228, 3787680.107443445362151 ], [ 759247.225226870272309, 3787689.351709797978401 ], [ 759239.544041206361726, 3787689.139549439772964 ] ], [ [ 759509.663630835479125, 3787650.34753811173141 ], [ 759509.91922326432541, 3787641.103263913653791 ], [ 759525.281700019841082, 3787641.528028998058289 ], [ 759525.026092426851392, 3787650.772303686477244 ], [ 759509.663630835479125, 3787650.34753811173141 ] ], [ [ 759532.962938702316023, 3787641.740420992020518 ], [ 759533.218553327722475, 3787632.496146154589951 ], [ 759540.899799796403386, 3787632.708544202614576 ], [ 759540.644177588867024, 3787641.952819284517318 ], [ 759532.962938702316023, 3787641.740420992020518 ] ] ] } },
{ "type": "Feature", "properties": { "Code": 50, "type": "urbain" }, "geometry": { "type": "Polygon", "coordinates": [ [ [ 759671.992521460400894, 3787617.831716729328036 ], [ 759672.248270913842134, 3787608.587437768466771 ], [ 759679.929543793201447, 3787608.799948483705521 ], [ 759680.185300278593786, 3787599.555669371969998 ], [ 759687.86658094311133, 3787599.768186142202467 ], [ 759687.610816875705495, 3787609.012465498410165 ], [ 759695.292090162402019, 3787609.224988813977689 ], [ 759695.036317962803878, 3787618.469268509186804 ], [ 759671.992521460400894, 3787617.831716729328036 ] ] ] } },
{ "type": "Feature", "properties": { "Code": 20, "type": "foret_claire" }, "geometry": { "type": "Polygon", "coordinates": [ [ [ 759856.857699355343357, 3787881.986402007285506 ], [ 759864.538757439469919, 3787882.199077336583287 ], [ 759864.794719439931214, 3787872.954789333976805 ], [ 759880.156851384206675, 3787873.380158403422683 ], [ 759880.668804064043798, 3787854.891581698786467 ], [ 759888.349885507137515, 3787855.104275193996727 ], [ 759888.093901859945618, 3787864.348563742823899 ], [ 759903.456050192005932, 3787864.773970124311745 ], [ 759903.200050829094835, 3787874.018259261269122 ], [ 759918.562184811104089, 3787874.443691336084157 ], [ 759919.586239619646221, 3787837.466533401980996 ], [ 759927.267337246914394, 3787837.679257908370346 ], [ 759927.523357155034319, 3787828.434968417976052 ], [ 759919.84225194551982, 3787828.222244156524539 ], [ 759920.354274945217185, 3787809.733665952924639 ], [ 759928.035395319922827, 3787809.946389723569155 ], [ 759928.291413576458581, 3787800.702100519090891 ], [ 759951.334798669442534, 3787801.340308896731585 ], [ 759952.102918377378955, 3787773.60743964696303 ], [ 759959.784069896559231, 3787773.820187637582421 ], [ 759960.552207396249287, 3787746.087318508885801 ], [ 759975.914556541480124, 3787746.512831918895245 ], [ 759976.170616438146681, 3787737.268541911616921 ], [ 759983.851798898191191, 3787737.481307822279632 ], [ 759984.107865826459602, 3787728.237017661798745 ], [ 759991.789056073524989, 3787728.449789626989514 ], [ 759992.045130033511668, 3787719.205499317962676 ], [ 759999.726328066084534, 3787719.418277338147163 ], [ 759999.982409057556652, 3787710.173986878246069 ], [ 760007.663614876917563, 3787710.386770953889936 ], [ 760007.91970290010795, 3787701.142480344511569 ], [ 760030.963344327639788, 3787701.780869633425027 ], [ 760031.21945454692468, 3787692.536578383762389 ], [ 760038.900676345336251, 3787692.749387167859823 ], [ 760039.412910295999609, 3787674.260804463177919 ], [ 760062.456622410914861, 3787674.899267146363854 ], [ 760061.944342966657132, 3787693.387851324863732 ], [ 760069.625565581955016, 3787693.600685310084373 ], [ 760069.369417451205663, 3787702.844977787695825 ], [ 760107.775495673646219, 3787703.909243447706103 ], [ 760107.519309080438688, 3787713.153537247795612 ], [ 760115.200517754768953, 3787713.366409526206553 ], [ 760115.456711930339225, 3787704.122115480247885 ], [ 760130.81914505478926, 3787704.5478784465231 ], [ 760131.075353843974881, 3787695.303584006614983 ], [ 760138.756578294327483, 3787695.516474694013596 ], [ 760139.525224102544598, 3787667.78359120618552 ], [ 760131.843976905453019, 3787667.570701254997402 ], [ 760132.356389524647966, 3787649.082113230600953 ], [ 760086.268819636432454, 3787647.804908771067858 ], [ 760086.524979626410641, 3787638.560616374481469 ], [ 760078.843711109948345, 3787638.347771260421723 ], [ 760079.099862966686487, 3787629.103479206096381 ], [ 760071.418587072519585, 3787628.890640638303012 ], [ 760071.674730796134099, 3787619.646348923444748 ], [ 760063.99344752333127, 3787619.433516901917756 ], [ 760064.24958311393857, 3787610.189225526992232 ], [ 760056.568292463314719, 3787609.976400049868971 ], [ 760056.824419921031222, 3787600.732109017670155 ], [ 760049.143121891655028, 3787600.51929008634761 ], [ 760049.399241216364317, 3787591.274999392684549 ], [ 760034.036630606511608, 3787590.849380922503769 ], [ 760034.292734216200188, 3787581.605090815573931 ], [ 760026.611421634443104, 3787581.392291275784373 ], [ 760026.099229028332047, 3787599.880871093831956 ], [ 760010.7366348055657, 3787599.455289932899177 ], [ 760010.480552840628661, 3787608.699579493608326 ], [ 760002.799263616790995, 3787608.486798117868602 ], [ 760002.287113199010491, 3787626.975377034395933 ], [ 760009.968387258355506, 3787627.188158900942653 ], [ 760010.22447032481432, 3787617.943869149778038 ], [ 760017.905752170365304, 3787618.156657070852816 ], [ 760017.393570322310552, 3787636.645237159449607 ], [ 760009.71230364125222, 3787636.432448747102171 ], [ 760009.456219473271631, 3787645.676738689653575 ], [ 760001.774960578186437, 3787645.463956332299858 ], [ 760001.262805754551664, 3787663.952536011580378 ], [ 759985.900318905361928, 3787663.526989217381924 ], [ 759985.644255831954069, 3787672.771278708707541 ], [ 759993.325491572613828, 3787672.984049200545996 ], [ 759993.06942036608234, 3787682.228339034598321 ], [ 759977.706964253797196, 3787681.802803859114647 ], [ 759977.194850517902523, 3787700.291382827796042 ], [ 759984.876063307397999, 3787700.50414775731042 ], [ 759984.363932204199955, 3787718.992727599106729 ], [ 759969.001537157804705, 3787718.56720306025818 ], [ 759968.74548594490625, 3787727.811492633540183 ], [ 759953.383106878609397, 3787727.385992805007845 ], [ 759952.871033129980788, 3787745.874571254942566 ], [ 759945.18985906697344, 3787745.661830300465226 ], [ 759944.677798280725256, 3787764.150408642366529 ], [ 759921.634322810103185, 3787763.512222109362483 ], [ 759921.378314338158816, 3787772.756510687060654 ], [ 759913.697163838194683, 3787772.543794198893011 ], [ 759913.441162398317829, 3787781.788082627113909 ], [ 759898.078877173364162, 3787781.362668058369309 ], [ 759898.334863448515534, 3787772.118380121421069 ], [ 759875.291414393577725, 3787771.480306256562471 ], [ 759875.547377370996401, 3787762.236019149888307 ], [ 759867.866220510797575, 3787762.023340708110482 ], [ 759868.122175355441868, 3787752.779053941369057 ], [ 759860.44101111672353, 3787752.566382044926286 ], [ 759860.69695782859344, 3787743.322095619048923 ], [ 759822.29110178083647, 3787742.258831865154207 ], [ 759821.523373729316518, 3787769.991687749046832 ], [ 759829.204521784558892, 3787770.204328635707498 ], [ 759829.460439267684706, 3787760.960043 ], [ 759852.503907402278855, 3787761.598002724349499 ], [ 759852.247967171831988, 3787770.842289094813168 ], [ 759859.929116041515954, 3787771.054955182597041 ], [ 759859.673167678527534, 3787780.299241893924773 ], [ 759867.354309170041233, 3787780.511914525646716 ], [ 759867.0983526740456, 3787789.756201575975865 ], [ 759874.779486787156202, 3787789.968880754429847 ], [ 759874.523522158153355, 3787799.213168147020042 ], [ 759882.204648892045952, 3787799.425853870809078 ], [ 759881.692702817963436, 3787817.914429431315511 ], [ 759889.37381459097378, 3787818.127121945843101 ], [ 759888.861851150169969, 3787836.615698378998786 ], [ 759881.180754541885108, 3787836.403005374595523 ], [ 759880.924779578228481, 3787845.647293489426374 ], [ 759865.562602138612419, 3787845.221925890538841 ], [ 759865.050680889980868, 3787863.710501423105597 ], [ 759857.369607640663162, 3787863.497826582286507 ], [ 759856.857699355343357, 3787881.986402007285506 ] ], [ [ 760085.244174167979509, 3787684.782079310156405 ], [ 760085.500336361466907, 3787675.537786531727761 ], [ 760123.906530357897282, 3787676.602111512329429 ], [ 760123.650330252945423, 3787685.846405517775565 ], [ 760085.244174167979509, 3787684.782079310156405 ] ] ] } },
{ "type": "Feature", "properties": { "Code": 20, "type": "foret_claire" }, "geometry": { "type": "Polygon", "coordinates": [ [ [ 760225.044143720995635, 3787633.148609034717083 ], [ 760225.556733904406428, 3787614.66001587966457 ], [ 760233.238029043888673, 3787614.872979960869998 ], [ 760233.494330890942365, 3787605.628683280665427 ], [ 760256.538240278954618, 3787606.26761258719489 ], [ 760256.281915685278364, 3787615.511910004075617 ], [ 760263.963211640482768, 3787615.724899285938591 ], [ 760264.475875440868549, 3787597.236304054968059 ], [ 760279.838498292723671, 3787597.66230053640902 ], [ 760279.582151503884234, 3787606.906598595436662 ], [ 760294.944760008482262, 3787607.332620768342167 ], [ 760295.457483363687061, 3787588.844023763667792 ], [ 760303.138803085894324, 3787589.05704380851239 ], [ 760303.39517151855398, 3787579.812745203729719 ], [ 760311.07649902778212, 3787580.025771304499358 ], [ 760311.332874491112307, 3787570.78147254884243 ], [ 760319.014209785847925, 3787570.994504703208804 ], [ 760319.270592280081473, 3787561.750205797143281 ], [ 760457.534798985579982, 3787565.585857490077615 ], [ 760457.278280013240874, 3787574.830160819925368 ], [ 760434.234263714519329, 3787574.190743046347052 ], [ 760433.977766937110573, 3787583.43504573404789 ], [ 760426.296436161035672, 3787583.221918831113726 ], [ 760426.039946413831785, 3787592.466221367940307 ], [ 760387.633333508390933, 3787591.400680124294013 ], [ 760387.376881120726466, 3787600.644981529098004 ], [ 760364.332938574254513, 3787600.005731648765504 ], [ 760364.589368215529248, 3787590.761430981103331 ], [ 760356.908046859432943, 3787590.548360534477979 ], [ 760357.420889323344454, 3787572.059759979601949 ], [ 760342.058216896373779, 3787571.63363896869123 ], [ 760341.545404761098325, 3787590.122238540556282 ], [ 760333.864084018045105, 3787589.90918699465692 ], [ 760334.120482779340819, 3787580.664887405466288 ], [ 760326.439154657768086, 3787580.45184240443632 ], [ 760325.926371748093516, 3787598.940441186074167 ], [ 760310.563746446743608, 3787598.514369101729244 ], [ 760310.307369329151697, 3787607.758668143302202 ], [ 760302.626064566429704, 3787607.545641306322068 ], [ 760302.369694479741156, 3787616.78994019748643 ], [ 760294.688397503923625, 3787616.576919415034354 ], [ 760294.432034448022023, 3787625.821218155324459 ], [ 760240.663014406105503, 3787624.330247363541275 ], [ 760240.406703874352388, 3787633.574544478673488 ], [ 760225.044143720995635, 3787633.148609034717083 ] ] ] } },
{ "type": "Feature", "properties": { "Code": 20, "type": "foret_claire" }, "geometry": { "type": "Polygon", "coordinates": [ [ [ 760893.316265604807995, 3787651.70009606378153 ], [ 760893.57322063005995, 3787642.455778046045452 ], [ 760901.254525964381173, 3787642.669290495105088 ], [ 760900.997563356766477, 3787651.913608759641647 ], [ 760893.316265604807995, 3787651.70009606378153 ] ] ] } },
{ "type": "Feature", "properties": { "Code": 50, "type": "urbain" }, "geometry": { "type": "Polygon", "coordinates": [ [ [ 759518.622856087051332, 3787604.338546488899738 ], [ 759518.878453349461779, 3787595.094272523187101 ], [ 759534.241006332216784, 3787595.519047760870308 ], [ 759534.496618208941072, 3787586.274773400276899 ], [ 759542.177902587805875, 3787586.487170224543661 ], [ 759542.433521496830508, 3787577.242895713541657 ], [ 759550.114813660038635, 3787577.455298592336476 ], [ 759550.370439601363614, 3787568.211023932788521 ], [ 759565.733039704849944, 3787568.635848100297153 ], [ 759565.22175694454927, 3787587.124398493673652 ], [ 759549.859187169000506, 3787586.699573346879333 ], [ 759549.603560128249228, 3787595.943848197348416 ], [ 759541.922283128951676, 3787595.731444828677922 ], [ 759541.666663120500743, 3787604.975719529669732 ], [ 759518.622856087051332, 3787604.338546488899738 ] ] ] } },
{ "type": "Feature", "properties": { "Code": 60, "type": "bare" }, "geometry": { "type": "Polygon", "coordinates": [ [ [ 759694.780545213143341, 3787627.713548301253468 ], [ 759702.461803539423272, 3787627.926078406628221 ], [ 759702.717583871097304, 3787618.681798370089382 ], [ 759710.398849982535467, 3787618.894334531389177 ], [ 759710.654637346277013, 3787609.650054344907403 ], [ 759718.335911244037561, 3787609.862596561200917 ], [ 759718.847499485360458, 3787591.374035983346403 ], [ 759711.16621042357292, 3787591.161494256928563 ], [ 759710.91042416007258, 3787600.40577425295487 ], [ 759687.86658094311133, 3787599.768186142202467 ], [ 759687.610816875705495, 3787609.012465498410165 ], [ 759695.292090162402019, 3787609.224988813977689 ], [ 759694.780545213143341, 3787627.713548301253468 ] ] ] } },
{ "type": "Feature", "properties": { "Code": 60, "type": "bare" }, "geometry": { "type": "Polygon", "coordinates": [ [ [ 759955.687411491060629, 3787644.187394494190812 ], [ 759978.731185117387213, 3787644.825647063087672 ], [ 759978.987238956731744, 3787635.5813581016846 ], [ 759971.305973294889554, 3787635.368601190391928 ], [ 759971.562019001343288, 3787626.124312570784241 ], [ 759956.19947312574368, 3787625.698818140197545 ], [ 759956.455503117176704, 3787616.454530106391758 ], [ 759941.092942892108113, 3787616.029061367269605 ], [ 759941.348957168636844, 3787606.784773919731379 ], [ 759933.667669781018049, 3787606.572049245703965 ], [ 759933.923675924772397, 3787597.327762138098478 ], [ 759926.242381157702766, 3787597.11504400940612 ], [ 759925.730383483693004, 3787615.603617828805 ], [ 759933.411663086502813, 3787615.816336448304355 ], [ 759932.899648046004586, 3787634.304911137092859 ], [ 759955.943442583666183, 3787634.943106268532574 ], [ 759955.687411491060629, 3787644.187394494190812 ] ] ] } },
{ "type": "Feature", "properties": { "Code": 10, "type": "foret" }, "geometry": { "type": "Polygon", "coordinates": [ [ [ 760799.59951271628961, 3787704.604327525943518 ], [ 760814.962012526229955, 3787705.031210964079946 ], [ 760815.218895042780787, 3787695.786894834134728 ], [ 760830.581410835729912, 3787696.213802982121706 ], [ 760830.838307964615524, 3787686.969486456830055 ], [ 760846.200839741155505, 3787687.39641931373626 ], [ 760846.714662671205588, 3787668.907785563729703 ], [ 760854.395944029791281, 3787669.121260950807482 ], [ 760855.16669702809304, 3787641.388310300186276 ], [ 760847.485392922419123, 3787641.174835652578622 ], [ 760847.742301901103929, 3787631.930519204586744 ], [ 760855.423613589140587, 3787632.1439936067909 ], [ 760855.680529597681016, 3787622.899677008856088 ], [ 760863.361849073786288, 3787623.113157463725656 ], [ 760863.618772112182342, 3787613.868840715382248 ], [ 760871.300099374377169, 3787614.082327224779874 ], [ 760871.557029442396015, 3787604.838010325096548 ], [ 760894.601035205065273, 3787605.478506918530911 ], [ 760894.857987467199564, 3787596.234189373906702 ], [ 760917.90201781806536, 3787596.874741931911558 ], [ 760918.158992274431512, 3787587.630423744209111 ], [ 760933.521695362403989, 3787588.057489791885018 ], [ 760933.77868443063926, 3787578.813171206042171 ], [ 760795.514249619562179, 3787574.970488454215229 ], [ 760795.257397031411529, 3787584.214802607428282 ], [ 760764.532006402732804, 3787583.361149334348738 ], [ 760764.01836022734642, 3787601.84977595647797 ], [ 760756.337028245674446, 3787601.636377897113562 ], [ 760755.309759595664218, 3787638.613631300628185 ], [ 760801.397572577698156, 3787639.894120071083307 ], [ 760799.59951271628961, 3787704.604327525943518 ] ], [ [ 760840.060990416444838, 3787631.717051103245467 ], [ 760840.3178912603762, 3787622.472734997514635 ], [ 760847.999210327281617, 3787622.686202852986753 ], [ 760847.742301901103929, 3787631.930519204586744 ], [ 760840.060990416444838, 3787631.717051103245467 ] ] ] } },
{ "type": "Feature", "properties": { "Code": 20, "type": "foret_claire" }, "geometry": { "type": "Polygon", "coordinates": [ [ [ 760847.485392922419123, 3787641.174835652578622 ], [ 760847.742301901103929, 3787631.930519204586744 ], [ 760855.423613589140587, 3787632.1439936067909 ], [ 760855.16669702809304, 3787641.388310300186276 ], [ 760847.485392922419123, 3787641.174835652578622 ] ] ] } },
{ "type": "Feature", "properties": { "Code": 30, "type": "prairie" }, "geometry": { "type": "Polygon", "coordinates": [ [ [ 761030.808378603775054, 3787683.277256477158517 ], [ 761046.17093618423678, 3787683.704516461584717 ], [ 761046.428044515661895, 3787674.46019323123619 ], [ 761054.109331195941195, 3787674.673832426778972 ], [ 761054.880675619700924, 3787646.940862566698343 ], [ 761062.561985251959413, 3787647.154507324565202 ], [ 761063.076227267738432, 3787628.665860733017325 ], [ 761070.757552268798463, 3787628.879511298146099 ], [ 761071.014680029707961, 3787619.635187898762524 ], [ 761086.377345811342821, 3787620.062507436145097 ], [ 761086.634488183772191, 3787610.818183639552444 ], [ 761078.953147608553991, 3787610.604520966764539 ], [ 761079.210281845647842, 3787601.36019751150161 ], [ 761071.528933892259374, 3787601.146541384980083 ], [ 761071.271807237528265, 3787610.390864594373852 ], [ 761017.502430374617688, 3787608.895446396898478 ], [ 761018.273649452254176, 3787581.162482227664441 ], [ 760933.77868443063926, 3787578.813171206042171 ], [ 760933.521695362403989, 3787588.057489791885018 ], [ 760918.158992274431512, 3787587.630423744209111 ], [ 760917.90201781806536, 3787596.874741931911558 ], [ 760894.857987467199564, 3787596.234189373906702 ], [ 760894.601035205065273, 3787605.478506918530911 ], [ 760871.557029442396015, 3787604.838010325096548 ], [ 760871.300099374377169, 3787614.082327224779874 ], [ 760863.618772112182342, 3787613.868840715382248 ], [ 760863.361849073786288, 3787623.113157463725656 ], [ 760855.680529597681016, 3787622.899677008856088 ], [ 760855.16669702809304, 3787641.388310300186276 ], [ 760862.848001339589246, 3787641.601791248191148 ], [ 760862.334151395363733, 3787660.090425411704928 ], [ 760870.015440745977685, 3787660.303913152776659 ], [ 760870.272373576764949, 3787651.059595776721835 ], [ 760893.316265604807995, 3787651.70009606378153 ], [ 760893.57322063005995, 3787642.455778046045452 ], [ 760908.935831502778456, 3787642.882809245958924 ], [ 760909.192801140015945, 3787633.638490828685462 ], [ 760932.236741731176153, 3787634.279084142763168 ], [ 760932.493733562761918, 3787625.034765081945807 ], [ 760940.175055084866472, 3787625.24830854171887 ], [ 760940.68905225477647, 3787606.759670212864876 ], [ 760956.051726240781136, 3787607.186775046866387 ], [ 760955.794712767703459, 3787616.431094656232744 ], [ 760963.476042486028746, 3787616.644656769931316 ], [ 760963.990084044169635, 3787598.156017154920846 ], [ 760979.352774423314258, 3787598.583159298170358 ], [ 760978.838702535955235, 3787617.071799899451435 ], [ 761009.564025092171505, 3787617.926161760464311 ], [ 761009.306957989931107, 3787627.170483188237995 ], [ 761016.988281558617018, 3787627.384089651051909 ], [ 761016.73120632127393, 3787636.628411420620978 ], [ 761024.412522512371652, 3787636.842024430632591 ], [ 761024.155439139809459, 3787646.086346541065723 ], [ 761031.836747952504084, 3787646.299966097809374 ], [ 761030.808378603775054, 3787683.277256477158517 ] ], [ [ 760870.529305855045095, 3787641.815278497058898 ], [ 760870.786237580701709, 3787632.570961310528219 ], [ 760878.467549883760512, 3787632.784454614389688 ], [ 760878.210610575624742, 3787642.028772045858204 ], [ 760870.529305855045095, 3787641.815278497058898 ] ] ] } },
{ "type": "Feature", "properties": { "Code": 20, "type": "foret_claire" }, "geometry": { "type": "Polygon", "coordinates": [ [ [ 760870.529305855045095, 3787641.815278497058898 ], [ 760870.786237580701709, 3787632.570961310528219 ], [ 760878.467549883760512, 3787632.784454614389688 ], [ 760878.210610575624742, 3787642.028772045858204 ], [ 760870.529305855045095, 3787641.815278497058898 ] ] ] } },
{ "type": "Feature", "properties": { "Code": 30, "type": "prairie" }, "geometry": { "type": "Polygon", "coordinates": [ [ [ 759319.165338639169931, 3787589.574487672653049 ], [ 759319.420738220098428, 3787580.330220167525113 ], [ 759334.783295787288807, 3787580.754667312838137 ], [ 759334.527881042449735, 3787589.998935306444764 ], [ 759319.165338639169931, 3787589.574487672653049 ] ] ] } },
{ "type": "Feature", "properties": { "Code": 50, "type": "urbain" }, "geometry": { "type": "Polygon", "coordinates": [ [ [ 759933.667669781018049, 3787606.572049245703965 ], [ 759933.923675924772397, 3787597.327762138098478 ], [ 759941.604970894637518, 3787597.540486566256732 ], [ 759941.348957168636844, 3787606.784773919731379 ], [ 759933.667669781018049, 3787606.572049245703965 ] ] ] } },
{ "type": "Feature", "properties": { "Code": 20, "type": "foret_claire" }, "geometry": { "type": "Polygon", "coordinates": [ [ [ 760064.24958311393857, 3787610.189225526992232 ], [ 760065.017986580962315, 3787582.456351976376027 ], [ 760088.061927996575832, 3787583.094863998237997 ], [ 760088.318084130180068, 3787573.850572268478572 ], [ 760103.680727924453095, 3787574.276277959812433 ], [ 760103.424556626821868, 3787583.520570179913193 ], [ 760118.787186073372141, 3787583.946301563177258 ], [ 760118.530999060487375, 3787593.19059437001124 ], [ 760110.849691817304119, 3787592.977725283242762 ], [ 760110.593511835671961, 3787602.222017939668149 ], [ 760079.868315231637098, 3787601.370603611227125 ], [ 760079.612165027647279, 3787610.614895380567759 ], [ 760064.24958311393857, 3787610.189225526992232 ] ] ] } },
{ "type": "Feature", "properties": { "Code": 20, "type": "foret_claire" }, "geometry": { "type": "Polygon", "coordinates": [ [ [ 760840.060990416444838, 3787631.717051103245467 ], [ 760840.3178912603762, 3787622.472734997514635 ], [ 760847.999210327281617, 3787622.686202852986753 ], [ 760847.742301901103929, 3787631.930519204586744 ], [ 760840.060990416444838, 3787631.717051103245467 ] ] ] } },
{ "type": "Feature", "properties": { "Code": 30, "type": "prairie" }, "geometry": { "type": "Polygon", "coordinates": [ [ [ 759426.703152547939681, 3787592.546150310430676 ], [ 759442.065700646839105, 3787592.970774345565587 ], [ 759442.321221539517865, 3787583.726502923760563 ], [ 759434.639939806074835, 3787583.51418800232932 ], [ 759434.895452567259781, 3787574.269916920457035 ], [ 759419.532874547410756, 3787573.845306465867907 ], [ 759419.788371595088392, 3787564.601035969797522 ], [ 759396.744483345071785, 3787563.964168271049857 ], [ 759396.233534191851504, 3787582.452707890421152 ], [ 759426.958658276707865, 3787583.301879378966987 ], [ 759426.703152547939681, 3787592.546150310430676 ] ] ] } },
{ "type": "Feature", "properties": { "Code": 30, "type": "prairie" }, "geometry": { "type": "Polygon", "coordinates": [ [ [ 759534.496618208941072, 3787586.274773400276899 ], [ 759534.75222953595221, 3787577.030499135144055 ], [ 759542.433521496830508, 3787577.242895713541657 ], [ 759542.177902587805875, 3787586.487170224543661 ], [ 759534.496618208941072, 3787586.274773400276899 ] ] ] } },
{ "type": "Feature", "properties": { "Code": 50, "type": "urbain" }, "geometry": { "type": "Polygon", "coordinates": [ [ [ 759926.242381157702766, 3787597.11504400940612 ], [ 759926.498379168799147, 3787587.870757243130356 ], [ 759934.179681517998688, 3787588.083475125953555 ], [ 759933.923675924772397, 3787597.327762138098478 ], [ 759926.242381157702766, 3787597.11504400940612 ] ] ] } },
{ "type": "Feature", "properties": { "Code": 10, "type": "foret" }, "geometry": { "type": "Polygon", "coordinates": [ [ [ 760140.512746088206768, 3789018.516305670607835 ], [ 760140.769078621873632, 3789009.27199622662738 ], [ 760148.449227444478311, 3789009.484959565568715 ], [ 760148.705567011609674, 3789000.240649973973632 ], [ 760164.065880436683074, 3789000.66659506270662 ], [ 760164.578588256496005, 3788982.177975179627538 ], [ 760195.299278229707852, 3788983.029939013533294 ], [ 760195.555661651189439, 3788973.785628233104944 ], [ 760210.916023029014468, 3788974.211647466756403 ], [ 760211.172421068535186, 3788964.967336290981621 ], [ 760241.893176609883085, 3788965.819449391681701 ], [ 760242.149604436242953, 3788956.575137332081795 ], [ 760295.910987575305626, 3788958.066576139070094 ], [ 760296.936905735637993, 3788921.089321974664927 ], [ 760312.297363429213874, 3788921.515502095688134 ], [ 760312.553856759914197, 3788912.271188301965594 ], [ 760335.594567582942545, 3788912.910505006089807 ], [ 760335.081534863333218, 3788931.399134162347764 ], [ 760365.802424807101488, 3788932.251646616030484 ], [ 760366.05897178070154, 3788923.007331008091569 ], [ 760381.419433145434596, 3788923.43362455163151 ], [ 760381.162871002801694, 3788932.677940650843084 ], [ 760388.843094406882301, 3788932.891097120475024 ], [ 760388.586524128215387, 3788942.135413559153676 ], [ 760403.946956378640607, 3788942.561745891347528 ], [ 760404.716711067245342, 3788914.828795386943966 ], [ 760435.437669030739926, 3788915.681532721966505 ], [ 760435.181054348009638, 3788924.925850444473326 ], [ 760458.221752209006809, 3788925.56547034624964 ], [ 760457.965114221093245, 3788934.809788899961859 ], [ 760488.686017221771181, 3788935.662704635411501 ], [ 760488.429348343983293, 3788944.9070242671296 ], [ 760503.789785899221897, 3788945.333520432934165 ], [ 760504.04646994615905, 3788936.089200310409069 ], [ 760527.08715056325309, 3788936.728991083335131 ], [ 760527.857267654151656, 3788908.996029074303806 ], [ 760520.177017823676579, 3788908.782759918831289 ], [ 760520.947107194573618, 3788881.049799504224211 ], [ 760513.266834816080518, 3788880.836537387222052 ], [ 760513.52352258481551, 3788871.592217685654759 ], [ 760521.203802547883242, 3788871.805479556322098 ], [ 760521.460497349384241, 3788862.561159704811871 ], [ 760529.140785102150403, 3788862.774427631869912 ], [ 760528.884082716307603, 3788872.018747729249299 ], [ 760544.244643664569594, 3788872.445302978157997 ], [ 760543.987925557885319, 3788881.689623662736267 ], [ 760567.028745758230798, 3788882.32950453273952 ], [ 760567.285486618289724, 3788873.085183110553771 ], [ 760559.605205429368652, 3788872.871883431449533 ], [ 760560.632133012637496, 3788835.89459967892617 ], [ 760552.951821690774523, 3788835.68130728462711 ], [ 760553.208544622291811, 3788826.436986829619855 ], [ 760545.528225919697434, 3788826.223700982518494 ], [ 760545.78494071518071, 3788816.97938086790964 ], [ 760530.424288754002191, 3788816.552828567102551 ], [ 760530.680987828876823, 3788807.308509040158242 ], [ 760553.721988830016926, 3788807.948346205521375 ], [ 760553.978710105875507, 3788798.704026038292795 ], [ 760530.93768635194283, 3788798.064189609605819 ], [ 760531.19438432296738, 3788788.819870272651315 ], [ 760523.514035895350389, 3788788.606604311615229 ], [ 760523.770725730340928, 3788779.362285315059125 ], [ 760516.090369923738763, 3788779.149025900289416 ], [ 760516.34705162269529, 3788769.904707245528698 ], [ 760493.305962671525776, 3788769.264967546332628 ], [ 760494.589249125332572, 3788723.043379384092987 ], [ 760532.991254669148475, 3788724.109637580811977 ], [ 760532.734560561133549, 3788733.35395625140518 ], [ 760548.095349039067514, 3788733.7805041288957 ], [ 760547.838639210560359, 3788743.024823385756463 ], [ 760555.519026171881706, 3788743.238107021898031 ], [ 760555.262308207340539, 3788752.482426620088518 ], [ 760570.623067573527806, 3788752.909013287629932 ], [ 760570.366333888610825, 3788762.153333472087979 ], [ 760616.448571381857619, 3788763.433246177155524 ], [ 760616.962129210820422, 3788744.944602955132723 ], [ 760624.64251800859347, 3788745.157943301368505 ], [ 760624.899303679238074, 3788735.913621586281806 ], [ 760647.940494053298607, 3788736.553679695352912 ], [ 760647.683685629977845, 3788745.798002148978412 ], [ 760670.724855089210905, 3788746.43811770575121 ], [ 760670.468023361056112, 3788755.682440990582108 ], [ 760685.828788853134029, 3788756.109216693788767 ], [ 760686.34248209442012, 3788737.620569236110896 ], [ 760694.022880315664224, 3788737.833966047968715 ], [ 760694.279733692295849, 3788728.589642215985805 ], [ 760686.599327886826359, 3788728.376245650462806 ], [ 760687.113017815048806, 3788709.887598765548319 ], [ 760679.432597046135925, 3788709.674208992160857 ], [ 760679.689433597726747, 3788700.429885936900973 ], [ 760672.009005448315293, 3788700.216502712108195 ], [ 760672.522661726805381, 3788681.727857380639762 ], [ 760664.842218613252044, 3788681.514480946585536 ], [ 760665.099038340267725, 3788672.270158668980002 ], [ 760642.05768747383263, 3788671.630067914258689 ], [ 760641.800890499143861, 3788680.874389455188066 ], [ 760626.440006110235117, 3788680.447693299036473 ], [ 760625.669657379039563, 3788708.180657015182078 ], [ 760617.989238244481385, 3788707.967317651957273 ], [ 760617.73246181407012, 3788717.211638834793121 ], [ 760610.05205046676565, 3788716.998305526096374 ], [ 760610.565587606979534, 3788698.509663747623563 ], [ 760595.204735188977793, 3788698.083017016761005 ], [ 760595.461487762629986, 3788688.838696761988103 ], [ 760580.100620993063785, 3788688.412075727712363 ], [ 760580.357357846572995, 3788679.167756058741361 ], [ 760572.676917183562182, 3788678.954455238766968 ], [ 760573.447101680445485, 3788651.221497540362179 ], [ 760565.766638469416648, 3788651.008203760255128 ], [ 760566.023357947124168, 3788641.763884962536395 ], [ 760558.342887356644496, 3788641.550597727764398 ], [ 760558.599598698318005, 3788632.306279273238033 ], [ 760566.280076872790232, 3788632.519566262606531 ], [ 760566.793513068580069, 3788614.030929144937545 ], [ 760574.474006615811959, 3788614.244221942964941 ], [ 760574.730731469811872, 3788604.999903280287981 ], [ 760605.452738035470247, 3788605.853136500809342 ], [ 760605.96624675928615, 3788587.364497499074787 ], [ 760613.64676407945808, 3788587.577821064740419 ], [ 760614.160285763209686, 3788569.089181949384511 ], [ 760629.521351350820623, 3788569.515847001224756 ], [ 760630.034901162143797, 3788551.027207284234464 ], [ 760660.757095461129211, 3788551.880611033178866 ], [ 760661.013899874174967, 3788542.636290334630758 ], [ 760653.333343409118243, 3788542.422930191736668 ], [ 760653.590139686246403, 3788533.178609832655638 ], [ 760661.270703735295683, 3788533.391969729680568 ], [ 760661.527507044258527, 3788524.147649221587926 ], [ 760669.208078880794346, 3788524.361015173606575 ], [ 760669.464889221359044, 3788515.116694514639676 ], [ 760677.145468846778385, 3788515.330066521652043 ], [ 760677.402286219061352, 3788506.085745710879564 ], [ 760708.124637097353116, 3788506.939295766875148 ], [ 760708.381484252749942, 3788497.694974069017917 ], [ 760731.423272307962179, 3788498.335202034097165 ], [ 760730.909531941870227, 3788516.823847001418471 ], [ 760738.590113201644272, 3788517.037269417196512 ], [ 760738.333234606310725, 3788526.281592289917171 ], [ 760753.694382570451126, 3788526.708456515334547 ], [ 760753.951276333536953, 3788517.464133150875568 ], [ 760761.631858206237666, 3788517.677574468776584 ], [ 760761.888759000808932, 3788508.433250953443348 ], [ 760769.569348661229014, 3788508.646698326803744 ], [ 760769.826256487285718, 3788499.402374661993235 ], [ 760785.187451589270495, 3788499.829287819564342 ], [ 760785.444374030688778, 3788490.584963756613433 ], [ 760793.124979472369887, 3788490.798429540358484 ], [ 760793.638837865553796, 3788472.309781209565699 ], [ 760801.319458679179661, 3788472.523252803366631 ], [ 760801.576394631061703, 3788463.278928531333804 ], [ 760816.937652038526721, 3788463.705890130717307 ], [ 760817.194602605421096, 3788454.461565464735031 ], [ 760832.555875997408293, 3788454.888551774900407 ], [ 760833.069805808831006, 3788436.399901741649956 ], [ 760848.431110354140401, 3788436.826912269927561 ], [ 760848.688089598668739, 3788427.582586905919015 ], [ 760841.00742964015808, 3788427.369078737217933 ], [ 760841.264400748419575, 3788418.124753712676466 ], [ 760825.903066277736798, 3788417.697756769135594 ], [ 760826.160021666088142, 3788408.45343233179301 ], [ 760810.798672844422981, 3788408.026461084373295 ], [ 760811.055612512864172, 3788398.782137234695256 ], [ 760795.69424934219569, 3788398.355191682931036 ], [ 760795.437324840924703, 3788407.599515040405095 ], [ 760787.756651145638898, 3788407.386051469948143 ], [ 760788.270484428154305, 3788388.897405342198908 ], [ 760780.589795770356432, 3788388.683948563877493 ], [ 760780.84670399944298, 3788379.439625889528543 ], [ 760788.527400240767747, 3788379.653082421049476 ], [ 760790.582706856075674, 3788305.698502473067492 ], [ 760805.944221290177666, 3788306.125430502928793 ], [ 760806.201147298328578, 3788296.881107946392149 ], [ 760821.562677716487087, 3788297.308060687035322 ], [ 760821.819618338951841, 3788288.063737732823938 ], [ 760837.181164741166867, 3788288.490715186111629 ], [ 760837.438119978294708, 3788279.246391833294183 ], [ 760845.118901070090942, 3788279.459889764897525 ], [ 760845.632825053529814, 3788260.971242856699973 ], [ 760853.31362151610665, 3788261.184746596496552 ], [ 760853.827558456454426, 3788242.696099574211985 ], [ 760861.508370290976018, 3788242.909609122667462 ], [ 760861.765345515566878, 3788233.665285509545356 ], [ 760846.403706884942949, 3788233.238273205701262 ], [ 760846.660666390438564, 3788223.993950179778039 ], [ 760854.341493186540902, 3788224.207452934700996 ], [ 760854.598459722939879, 3788214.963129756506532 ], [ 760869.960129096405581, 3788215.390153677668422 ], [ 760870.474090844625607, 3788196.901506623253226 ], [ 760878.154941004235297, 3788197.115027543623 ], [ 760878.411928632878698, 3788187.870703913271427 ], [ 760886.092786580789834, 3788188.084230886772275 ], [ 760886.349781240103766, 3788178.839907106477767 ], [ 760955.477580221486278, 3788180.761931193526834 ], [ 760955.220517312409356, 3788190.00625719036907 ], [ 760978.263097905088216, 3788190.647046038415283 ], [ 760978.520183564047329, 3788181.402719303034246 ], [ 761001.56278874783311, 3788182.043564119376242 ], [ 761001.819896603934467, 3788172.799236740451306 ], [ 761009.500772991217673, 3788173.01286403555423 ], [ 761011.557676603086293, 3788099.058246454689652 ], [ 761026.919551322469488, 3788099.485516004730016 ], [ 761027.948050524806604, 3788062.508207525126636 ], [ 761043.309986727312207, 3788062.935500307939947 ], [ 761042.795707899378613, 3788081.424155342392623 ], [ 761065.838568240404129, 3788082.065143249928951 ], [ 761065.581405247678049, 3788091.309471649117768 ], [ 761080.943297998281196, 3788091.736828917637467 ], [ 761081.200476157478988, 3788082.492500025313348 ], [ 761073.519522096263245, 3788082.278818487655371 ], [ 761073.776692119194195, 3788073.034489938057959 ], [ 761066.09573068015743, 3788072.820814947597682 ], [ 761066.867214681697078, 3788045.08783060638234 ], [ 761082.229183263727464, 3788045.515185410622507 ], [ 761083.000707786530256, 3788017.782200447749346 ], [ 761090.681715134065598, 3788017.995886561460793 ], [ 761090.938896452076733, 3788008.751558185555041 ], [ 761083.257881521480158, 3788008.537872318178415 ], [ 761083.515054703457281, 3787999.293544282205403 ], [ 761068.153010291047394, 3787998.866191941313446 ], [ 761068.410167753929272, 3787989.621864491607994 ], [ 761060.729138271533884, 3787989.408198018092662 ], [ 761061.757732261787169, 3787952.430890161544085 ], [ 761054.076672652736306, 3787952.217230974230915 ], [ 761054.590951164136641, 3787933.728578110225499 ], [ 761062.272025938844308, 3787933.942236803937703 ], [ 761062.786317404359579, 3787915.453583824913949 ], [ 761055.105227463762276, 3787915.239925622940063 ], [ 761055.619501551613212, 3787896.751273519359529 ], [ 761047.938396649435163, 3787896.53762210952118 ], [ 761048.195525281131268, 3787887.293296448420733 ], [ 761040.514413000899367, 3787887.079651585780084 ], [ 761040.771533496794291, 3787877.835326264146715 ], [ 761048.452653359738179, 3787878.048970879986882 ], [ 761048.96690785838291, 3787859.560320028103888 ], [ 761056.648043091641739, 3787859.773970450740308 ], [ 761057.162310543819331, 3787841.285319488029927 ], [ 761064.843461146694608, 3787841.498975719790906 ], [ 761065.357741552521475, 3787823.010324642062187 ], [ 761073.038907526060939, 3787823.223986680619419 ], [ 761073.296054482227191, 3787813.979661040008068 ], [ 761065.61488092597574, 3787813.765999247319996 ], [ 761065.872019746573642, 3787804.521673945710063 ], [ 761058.190838812850416, 3787804.308018700219691 ], [ 761058.447969497879967, 3787795.063693740870804 ], [ 760935.548981068539433, 3787791.646070611197501 ], [ 760935.80598987871781, 3787782.401749687734991 ], [ 760928.124797258293256, 3787782.188202042132616 ], [ 760928.381797933019698, 3787772.943881459534168 ], [ 760920.700597935239784, 3787772.730340361595154 ], [ 760920.957590474747121, 3787763.486020121723413 ], [ 760936.320005840505473, 3787763.913108126726002 ], [ 760936.577012992464006, 3787754.668787488248199 ], [ 760944.258228563936427, 3787754.882340696640313 ], [ 760944.515242745634168, 3787745.638019907288253 ], [ 760967.558913438464515, 3787746.278716592118144 ], [ 760967.815949814976193, 3787737.034395160153508 ], [ 760975.497181371203624, 3787737.247973076067865 ], [ 760976.01126763119828, 3787718.759330002125353 ], [ 760983.692514557042159, 3787718.972913726698607 ], [ 760983.435464121052064, 3787728.217235462740064 ], [ 760998.797943421173841, 3787728.644422303885221 ], [ 760999.312074070330709, 3787710.155777942854911 ], [ 761006.993329192162491, 3787710.369380322750658 ], [ 761006.736256561474875, 3787719.613702701404691 ], [ 761029.780000408412889, 3787720.254548379220068 ], [ 761029.522904477431439, 3787729.498871593270451 ], [ 761037.204145253519528, 3787729.712499666493386 ], [ 761036.689936567679979, 3787748.201146871317178 ], [ 761059.733614627504721, 3787748.842070371843874 ], [ 761060.247868808684871, 3787730.353421689942479 ], [ 761067.929110403172672, 3787730.567074963822961 ], [ 761069.214774091495201, 3787684.345453688874841 ], [ 761076.896053803386167, 3787684.55911203334108 ], [ 761077.924605129985139, 3787647.581815741024911 ], [ 761085.605915375752375, 3787647.795479398220778 ], [ 761085.863059407332912, 3787638.551155316177756 ], [ 761093.544377440819517, 3787638.764825028833002 ], [ 761094.058679009554908, 3787620.276176656596363 ], [ 761101.740012412541546, 3787620.489852176047862 ], [ 761102.511483364738524, 3787592.756879591848701 ], [ 761117.874196278164163, 3787593.184248053468764 ], [ 761118.131367320660502, 3787583.939923556055874 ], [ 761456.11159236181993, 3787593.348394827917218 ], [ 761454.309048079303466, 3787658.058744260109961 ], [ 761431.265088452957571, 3787657.416864928323776 ], [ 761431.52257369318977, 3787648.172529749106616 ], [ 761408.478593163890764, 3787647.530707863159478 ], [ 761408.22113067121245, 3787656.775042300578207 ], [ 761392.85849317512475, 3787656.347192050889134 ], [ 761392.343596858438104, 3787674.83586022304371 ], [ 761376.980990512180142, 3787674.408034188207239 ], [ 761376.208687379490584, 3787702.141035680659115 ], [ 761368.527407261077315, 3787701.927131374832243 ], [ 761368.012550902902149, 3787720.415799017995596 ], [ 761391.05634637712501, 3787721.057532319799066 ], [ 761391.313797580776736, 3787711.81319771008566 ], [ 761398.995070731616579, 3787712.027121164370328 ], [ 761399.509986642748117, 3787693.538451738655567 ], [ 761407.191275163087994, 3787693.75238100066781 ], [ 761406.933809901820496, 3787702.996715913526714 ], [ 761414.615091045154259, 3787703.210651722270995 ], [ 761414.357617647619918, 3787712.454986975993961 ], [ 761422.038891412783414, 3787712.668929331935942 ], [ 761421.781409878865816, 3787721.913264928385615 ], [ 761429.462676267139614, 3787722.127213832456619 ], [ 761428.947696373099461, 3787740.615885802544653 ], [ 761436.628947801073082, 3787740.829841499216855 ], [ 761436.886445607640781, 3787731.585505219642073 ], [ 761452.248964242753573, 3787732.013435022905469 ], [ 761434.736820647260174, 3788360.628551917616278 ], [ 761427.056076881242916, 3788360.414567092433572 ], [ 761426.798533836379647, 3788369.658910076133907 ], [ 761419.117797858896665, 3788369.444931305479258 ], [ 761418.602725275442936, 3788387.933617066126317 ], [ 761433.964167100260966, 3788388.36158189503476 ], [ 761428.55545272375457, 3788582.492815675213933 ], [ 761420.874890971113928, 3788582.278824931476265 ], [ 761421.132446752046235, 3788573.034479761961848 ], [ 761413.451877620304003, 3788572.820495566818863 ], [ 761413.709425263339654, 3788563.576150740031153 ], [ 761406.028848751680925, 3788563.362173091620207 ], [ 761404.483600092120469, 3788618.828242001123726 ], [ 761396.803069289890118, 3788618.614269175566733 ], [ 761396.545533492811956, 3788627.858614078257233 ], [ 761381.184487672057003, 3788627.430686836596578 ], [ 761380.669444753439166, 3788645.91937594441697 ], [ 761388.349952393444255, 3788646.133336907252669 ], [ 761388.092422519577667, 3788655.377681850921363 ], [ 761426.49492586904671, 3788656.447582418099046 ], [ 761425.464649151894264, 3788693.424968068487942 ], [ 761387.062297487282194, 3788692.355062570888549 ], [ 761386.804764845175669, 3788701.599407989066094 ], [ 761371.443840781459585, 3788701.171489404980093 ], [ 761371.701358255231753, 3788691.927144480403513 ], [ 761364.020888946019113, 3788691.71319488575682 ], [ 761363.763379056588747, 3788700.957539565395564 ], [ 761356.082917536492459, 3788700.743596026208252 ], [ 761356.597921592881903, 3788682.254907259251922 ], [ 761341.236968830577098, 3788681.827040070667863 ], [ 761341.494454859988764, 3788672.582696321886033 ], [ 761333.813971201423556, 3788672.368772426154464 ], [ 761334.07144909305498, 3788663.124429018702358 ], [ 761326.390958055621013, 3788662.910511670168489 ], [ 761326.905897009884939, 3788644.42182563431561 ], [ 761319.22539100877475, 3788644.207915081176907 ], [ 761319.740312580484897, 3788625.719229917507619 ], [ 761312.059791615931317, 3788625.505326157435775 ], [ 761311.802338690846227, 3788634.749668445903808 ], [ 761304.121825514594093, 3788634.535770741291344 ], [ 761303.864379620412365, 3788643.780112877488136 ], [ 761296.183874232927337, 3788643.566221226938069 ], [ 761296.44131254311651, 3788634.32187933800742 ], [ 761288.760799776879139, 3788634.107994236052036 ], [ 761289.018229949404486, 3788624.863652685191482 ], [ 761296.698750299634412, 3788625.077537541743368 ], [ 761297.985930780880153, 3788578.855829993262887 ], [ 761290.305372510105371, 3788578.64194636978209 ], [ 761290.562799361767247, 3788569.397605390287936 ], [ 761282.882233710959554, 3788569.183728314004838 ], [ 761283.139652425306849, 3788559.939387677703053 ], [ 761260.097933950019069, 3788559.297794994432479 ], [ 761259.840537987882271, 3788568.542134891729802 ], [ 761252.159973156638443, 3788568.328283019829541 ], [ 761252.417361534782685, 3788559.083943369332701 ], [ 761198.653360357740894, 3788557.587158421985805 ], [ 761198.396025067777373, 3788566.831496348138899 ], [ 761190.715461874380708, 3788566.617694885004312 ], [ 761190.458133614971302, 3788575.862032661214471 ], [ 761175.097023009438999, 3788575.434448145795614 ], [ 761174.839709365041927, 3788584.678785522002727 ], [ 761182.520256981137209, 3788584.892574875149876 ], [ 761182.262935199425556, 3788594.136912595015019 ], [ 761236.02672115736641, 3788595.633616225328296 ], [ 761235.769345733919181, 3788604.877955764532089 ], [ 761243.449879819527268, 3788605.091796019580215 ], [ 761242.162956481333822, 3788651.313496369402856 ], [ 761272.884943189448677, 3788652.168925330042839 ], [ 761272.627526524942368, 3788661.413266668561846 ], [ 761280.308016129187308, 3788661.62713990919292 ], [ 761279.793165971641429, 3788680.115823369007558 ], [ 761287.473640612675808, 3788680.329703402705491 ], [ 761287.216207119519822, 3788689.574045520741493 ], [ 761302.57714184676297, 3788690.001824983861297 ], [ 761302.319692631484941, 3788699.246167690493166 ], [ 761310.000152718275785, 3788699.460067120846361 ], [ 761309.74269536533393, 3788708.70441016741097 ], [ 761325.103600983391516, 3788709.13222842477262 ], [ 761324.846127908327617, 3788718.37657206133008 ], [ 761347.887465119361877, 3788719.018347444012761 ], [ 761347.629968737717718, 3788728.262691914569587 ], [ 761355.310407299548388, 3788728.47662989096716 ], [ 761355.052902780123986, 3788737.720974702853709 ], [ 761424.176790796220303, 3788739.646702270954847 ], [ 761415.41898685193155, 3789053.954557809513062 ], [ 761100.531982027925551, 3789045.185589089989662 ], [ 761101.561101211584173, 3789008.208229020237923 ], [ 761093.880904319463298, 3789007.994485049974173 ], [ 761094.138175148051232, 3788998.750145516358316 ], [ 761055.737155832233839, 3788997.68152141943574 ], [ 761055.479922927566804, 3789006.925859722308815 ], [ 761040.119531802483834, 3789006.498453700914979 ], [ 761039.605094673461281, 3789024.987129607703537 ], [ 761031.924914586939849, 3789024.773435556795448 ], [ 761031.667702777893282, 3789034.017773406114429 ], [ 761016.307358388556167, 3789033.590403716079891 ], [ 761016.050161196035333, 3789042.834741168655455 ], [ 760931.568365104845725, 3789040.484655723907053 ], [ 760931.825478864135221, 3789031.240320978686213 ], [ 760924.145309225190431, 3789031.026714901905507 ], [ 760924.402414847165346, 3789021.782380497548729 ], [ 760916.722237827023491, 3789021.568780968431383 ], [ 760916.979335311567411, 3789012.324446904938668 ], [ 760909.299150911159813, 3789012.11085392255336 ], [ 760910.070417294395156, 3788984.377853039652109 ], [ 760925.430831808014773, 3788984.805043828207999 ], [ 760928.258932854048908, 3788883.117375839967281 ], [ 760982.020974104991183, 3788884.612723148427904 ], [ 760983.049570270930417, 3788847.635385296773165 ], [ 760975.369247711962089, 3788847.421746333595365 ], [ 760975.626387787051499, 3788838.177412355784327 ], [ 760952.585398584720679, 3788837.536534009501338 ], [ 760952.842515353579074, 3788828.29220086382702 ], [ 760945.162178443511948, 3788828.07858759816736 ], [ 760945.419287075172178, 3788818.83425479196012 ], [ 760937.738942785188556, 3788818.62064807349816 ], [ 760937.996043279650621, 3788809.376315610483289 ], [ 760922.635340144624934, 3788808.949121569283307 ], [ 760923.406592805753462, 3788781.216126224957407 ], [ 760938.76734144706279, 3788781.643318791408092 ], [ 760939.024439730681479, 3788772.39898670790717 ], [ 760946.704821942606941, 3788772.612592196557671 ], [ 760948.761648988584056, 3788698.657936988864094 ], [ 760956.442092079319991, 3788698.871546809561551 ], [ 760956.956308481865562, 3788680.382883464917541 ], [ 760972.317225612699986, 3788680.810121025890112 ], [ 760973.345712458016351, 3788643.832793511915952 ], [ 760981.026201666449197, 3788644.046420759987086 ], [ 760981.283329579979181, 3788634.802088872063905 ], [ 760996.64432377985213, 3788635.229361778590828 ], [ 760997.158608284778893, 3788616.74069730611518 ], [ 760989.478095914470032, 3788616.527058193460107 ], [ 760989.735229753539898, 3788607.282726346049458 ], [ 760935.971595800248906, 3788605.787430718075484 ], [ 760935.200351890060119, 3788633.520421378780156 ], [ 760919.839360961923376, 3788633.093249290250242 ], [ 760919.582293721148744, 3788642.337579209823161 ], [ 760927.2627814989537, 3788642.551162348594517 ], [ 760927.00570612156298, 3788651.795492608100176 ], [ 760934.68618651968427, 3788652.009082295000553 ], [ 760934.429103005328216, 3788661.253412895370275 ], [ 760911.387685178080574, 3788660.612661999184638 ], [ 760911.644745939876884, 3788651.368332136422396 ], [ 760896.283786575542763, 3788650.941196870058775 ], [ 760896.540831616381183, 3788641.696867596358061 ], [ 760873.499371350393631, 3788641.056212692521513 ], [ 760873.242349061882123, 3788650.300541229080409 ], [ 760888.603307199664414, 3788650.727638688869774 ], [ 760887.832191513502039, 3788678.460626346990466 ], [ 760880.151735094492324, 3788678.247073728591204 ], [ 760878.352498908527195, 3788742.957379870582372 ], [ 760870.672095783986151, 3788742.743831830564886 ], [ 760870.415067417081445, 3788751.988161413930357 ], [ 760862.734672080725431, 3788751.774619429837912 ], [ 760862.477650745538995, 3788761.018948862329125 ], [ 760877.838426453527063, 3788761.446039624046534 ], [ 760877.58138939703349, 3788770.690369642339647 ], [ 760885.261769973672926, 3788770.903924722224474 ], [ 760884.233585884911008, 3788807.881246735807508 ], [ 760876.553235645871609, 3788807.667690672446042 ], [ 760876.039155454724096, 3788826.156351758167148 ], [ 760868.358820589375682, 3788825.942801503930241 ], [ 760867.330683914013207, 3788862.920123831834644 ], [ 760875.010988441528752, 3788863.13367506954819 ], [ 760874.753945306641981, 3788872.378006134647876 ], [ 760882.434242454706691, 3788872.591563920956105 ], [ 760881.663086981512606, 3788900.324558425229043 ], [ 760866.302538397605531, 3788899.897447681054473 ], [ 760865.274384040385485, 3788936.874773053918034 ], [ 760842.233653712202795, 3788936.234151244629174 ], [ 760841.976636495324783, 3788945.478482087608427 ], [ 760849.656872149324045, 3788945.692016634624451 ], [ 760849.399846795247868, 3788954.936347818933427 ], [ 760841.719618725939654, 3788954.722813025582582 ], [ 760841.462600404163823, 3788963.967144059017301 ], [ 760787.701062734937295, 3788962.472575220279396 ], [ 760787.44409695325885, 3788971.716904627159238 ], [ 760779.763885687687434, 3788971.503419752698392 ], [ 760779.506926938309334, 3788980.747749007306993 ], [ 760771.826723461737856, 3788980.534270188305527 ], [ 760771.569771744776517, 3788989.778599294368178 ], [ 760763.889576057787053, 3788989.56512653036043 ], [ 760762.60484711045865, 3789035.786772253457457 ], [ 760693.483436428941786, 3789033.86578988051042 ], [ 760694.254070666385815, 3789006.13280879938975 ], [ 760686.573892191285267, 3789005.919398557394743 ], [ 760686.830761581426486, 3788996.675071965903044 ], [ 760663.790204626042396, 3788996.034879787359387 ], [ 760663.53335798997432, 3789005.279205641709268 ], [ 760648.17300287692342, 3789004.852441871073097 ], [ 760647.916170858312398, 3789014.096767328679562 ], [ 760640.236001192475669, 3789013.883394649252295 ], [ 760639.979176206514239, 3789023.127719955984503 ], [ 760616.938691188814119, 3789022.487638988532126 ], [ 760616.681888405000791, 3789031.73196365358308 ], [ 760509.159755468252115, 3789028.745665568392724 ], [ 760509.673148112022318, 3789010.257023213431239 ], [ 760501.992982120369561, 3789010.043763958849013 ], [ 760502.249670029850677, 3789000.799443169496953 ], [ 760494.569496658165008, 3789000.586190461181104 ], [ 760494.056135456776246, 3789019.074831643607467 ], [ 760486.37597745785024, 3789018.861584745813161 ], [ 760486.119303614250384, 3789028.105905233882368 ], [ 760140.512746088206768, 3789018.516305670607835 ] ], [ [ 760954.899429605575278, 3788754.337539121508598 ], [ 760955.156541399657726, 3788745.093206831719726 ], [ 760962.836946772877127, 3788745.306824184022844 ], [ 760962.579827394452877, 3788754.551156721077859 ], [ 760954.899429605575278, 3788754.337539121508598 ] ], [ [ 760755.722987487097271, 3788730.29704158147797 ], [ 760755.9799009852577, 3788721.052715878468007 ], [ 760763.660316212801263, 3788721.266168907750398 ], [ 760763.403395130415447, 3788730.510494857560843 ], [ 760755.722987487097271, 3788730.29704158147797 ] ], [ [ 760955.413652641116641, 3788735.84887463785708 ], [ 760955.670763329719193, 3788726.604542537592351 ], [ 760978.712025569169782, 3788727.245412023272365 ], [ 760978.45489212765824, 3788736.489744861144572 ], [ 760955.413652641116641, 3788735.84887463785708 ] ], [ [ 761132.063202412216924, 3788740.763662296812981 ], [ 761132.320487539633177, 3788731.519324535503983 ], [ 761116.959637659951113, 3788731.091819862835109 ], [ 761117.474175918148831, 3788712.603145609144121 ], [ 761140.515496549662203, 3788713.244410592596978 ], [ 761140.258204944198951, 3788722.488748410716653 ], [ 761147.938637980027124, 3788722.702516254037619 ], [ 761147.681338237249292, 3788731.94685441441834 ], [ 761155.361763892462477, 3788732.160628804005682 ], [ 761155.10445601225365, 3788741.404967304319143 ], [ 761132.063202412216924, 3788740.763662296812981 ] ], [ [ 761171.49458164582029, 3788704.855180080980062 ], [ 761172.009222764871083, 3788686.366502949036658 ], [ 761179.689686955418438, 3788686.580295011866838 ], [ 761179.947014269419014, 3788677.335956342983991 ], [ 761187.627486249431968, 3788677.54975446080789 ], [ 761187.112815899890848, 3788696.038432386703789 ], [ 761179.432359088328667, 3788695.824633776210248 ], [ 761179.175030667800456, 3788705.068972636479884 ], [ 761171.49458164582029, 3788704.855180080980062 ] ], [ [ 761071.905985214980319, 3788692.832114855293185 ], [ 761072.934868648997508, 3788655.854774157516658 ], [ 761080.615352932247333, 3788656.068483566865325 ], [ 761080.358125319005921, 3788665.312818845734 ], [ 761088.038602223386988, 3788665.526534801349044 ], [ 761087.781366472947411, 3788674.770870421547443 ], [ 761080.100897152908146, 3788674.557154218200594 ], [ 761079.586439161677845, 3788693.045825248584151 ], [ 761071.905985214980319, 3788692.832114855293185 ] ], [ [ 761118.245979157276452, 3788684.870134940836579 ], [ 761118.503245797473937, 3788675.625798243097961 ], [ 761126.183716140454635, 3788675.839545951690525 ], [ 761125.926441916148178, 3788685.083882895763963 ], [ 761118.245979157276452, 3788684.870134940836579 ] ], [ [ 760735.25064838421531, 3788637.213474184274673 ], [ 760735.507533606956713, 3788627.969150169752538 ], [ 760712.466063464060426, 3788627.328892973251641 ], [ 760712.979786748532206, 3788608.840246704872698 ], [ 760751.382313848589547, 3788609.90737107815221 ], [ 760751.639212582493201, 3788600.663046858273447 ], [ 760797.722297350643203, 3788601.943802564404905 ], [ 760797.465353112551384, 3788611.188128260429949 ], [ 760805.145860371412709, 3788611.4016098449938 ], [ 760804.888907996937633, 3788620.645935882814229 ], [ 760797.208408322185278, 3788620.43245405331254 ], [ 760796.951462979312055, 3788629.676779938861728 ], [ 760766.229496658197604, 3788628.822914644610137 ], [ 760765.972581099253148, 3788638.067239643540233 ], [ 760735.25064838421531, 3788637.213474184274673 ] ], [ [ 761334.586403215769678, 3788644.635742489714175 ], [ 761334.843879446620122, 3788635.391399367712438 ], [ 761342.524393442086875, 3788635.605322277639061 ], [ 761342.781876703491434, 3788626.360979003366083 ], [ 761358.142920476384461, 3788626.788843232672662 ], [ 761357.885422046412714, 3788636.033187 ], [ 761365.565936656203121, 3788636.247128813527524 ], [ 761365.308430088567548, 3788645.491472921334207 ], [ 761334.586403215769678, 3788644.635742489714175 ] ], [ [ 760613.133240187657066, 3788606.066460559144616 ], [ 760613.390002409461886, 3788596.822140764445066 ], [ 760621.07051234995015, 3788597.035470877308398 ], [ 760620.813742544036359, 3788606.279790917877108 ], [ 760613.133240187657066, 3788606.066460559144616 ] ], [ [ 760753.437488255091012, 3788535.95277997571975 ], [ 760753.694382570451126, 3788526.708456515334547 ], [ 760761.374956859275699, 3788526.921898080036044 ], [ 760761.11805496015586, 3788536.166221785359085 ], [ 760753.437488255091012, 3788535.95277997571975 ] ], [ [ 761255.763360093347728, 3788438.907536550424993 ], [ 761257.050257713883184, 3788392.685845896136016 ], [ 761264.73096663877368, 3788392.899693086277694 ], [ 761264.988352086395025, 3788383.655354992020875 ], [ 761272.669068800401874, 3788383.869208236690611 ], [ 761273.183853202965111, 3788365.380531845148653 ], [ 761303.906782775186002, 3788366.236005859915167 ], [ 761303.134514336823486, 3788393.969023548997939 ], [ 761310.81522449105978, 3788394.182908544782549 ], [ 761310.557792987558059, 3788403.427248210646212 ], [ 761318.23849576280918, 3788403.641139753162861 ], [ 761317.723615927854553, 3788422.129819863475859 ], [ 761310.042928320122883, 3788421.915927826892585 ], [ 761309.5280614385847, 3788440.404607824981213 ], [ 761255.763360093347728, 3788438.907536550424993 ] ], [ [ 760834.354620668687858, 3788390.17827832698822 ], [ 760834.868542745243758, 3788371.689629627391696 ], [ 760819.507132846862078, 3788371.262647745665163 ], [ 760819.764077889034525, 3788362.018324029631913 ], [ 760796.721941822674125, 3788361.377899202983826 ], [ 760796.978863561642356, 3788352.133576322346926 ], [ 760820.021022378932685, 3788352.774000410921872 ], [ 760820.277966316440143, 3788343.529676886275411 ], [ 760827.958693914697506, 3788343.743163937237114 ], [ 760828.215644883224741, 3788334.498840261716396 ], [ 760866.619323857594281, 3788335.566368804778904 ], [ 760866.362334971199743, 3788344.810693710576743 ], [ 760874.043063795659691, 3788345.024218568112701 ], [ 760874.300060265464708, 3788335.77989341551438 ], [ 760881.980796878575347, 3788335.993424328044057 ], [ 760882.237800379516557, 3788326.749099023640156 ], [ 760889.918544779880904, 3788326.962635990697891 ], [ 760890.175555311725475, 3788317.718310537282377 ], [ 760882.494803327717818, 3788317.504773816559464 ], [ 760883.008807566482574, 3788299.01612368458882 ], [ 760890.689574717544019, 3788299.229659913107753 ], [ 760890.946583591401577, 3788289.985334745142609 ], [ 760913.988909023231827, 3788290.625980496406555 ], [ 760914.245940095046535, 3788281.381654684431851 ], [ 760952.649857821408659, 3788282.449522390961647 ], [ 760952.906926257768646, 3788273.205195443239063 ], [ 760968.268509947578423, 3788273.632386138197035 ], [ 760968.78267549618613, 3788255.143731543794274 ], [ 760976.463482814258896, 3788255.357335850130767 ], [ 760976.720572342746891, 3788246.113008448854089 ], [ 760999.763018275843933, 3788246.753858435899019 ], [ 761000.020130001707003, 3788237.509530392009765 ], [ 761015.381776813417673, 3788237.936794728040695 ], [ 761016.153154174564406, 3788210.203809687402099 ], [ 761031.514847304322757, 3788210.631097749341279 ], [ 761031.771987152285874, 3788201.38676909962669 ], [ 761039.45284160785377, 3788201.600422335788608 ], [ 761039.709988486371003, 3788192.356093535199761 ], [ 761047.390850730007514, 3788192.569752825424075 ], [ 761047.905157994828187, 3788174.081095017492771 ], [ 761070.947791452286765, 3788174.722109215799719 ], [ 761071.204967005178332, 3788165.477779715321958 ], [ 761086.566738834255375, 3788165.905153525527567 ], [ 761086.052356842206791, 3788184.393813606817275 ], [ 761078.371485991869122, 3788184.180123059079051 ], [ 761077.342745705274865, 3788221.157443377189338 ], [ 761069.661905393237248, 3788220.943758144974709 ], [ 761069.404726522392593, 3788230.188088216818869 ], [ 761046.362229565274902, 3788229.547069584485143 ], [ 761046.105072891688906, 3788238.791399010457098 ], [ 761038.424248564988375, 3788238.577738489955664 ], [ 761038.167098921956494, 3788247.822067764122039 ], [ 761022.805466050165705, 3788247.394765130709857 ], [ 761022.54833102109842, 3788256.639094008598477 ], [ 761014.867522474960424, 3788256.425451896619052 ], [ 761014.610394476447254, 3788265.669780625030398 ], [ 761006.929593718843535, 3788265.456144568044692 ], [ 761006.672472751000896, 3788274.700473144650459 ], [ 760998.99167978100013, 3788274.486843140795827 ], [ 760998.734565843595192, 3788283.731171567458659 ], [ 760991.053780661663041, 3788283.517547618132085 ], [ 760990.796673754928634, 3788292.761875892989337 ], [ 760983.115896361763589, 3788292.548258000519127 ], [ 760982.858796485816129, 3788301.792586121242493 ], [ 760975.178026879904792, 3788301.578974282834679 ], [ 760974.406746685854159, 3788329.311958484351635 ], [ 760982.087493541184813, 3788329.52557106083259 ], [ 760981.830391453811899, 3788338.769899564329535 ], [ 760989.511130929458886, 3788338.983518688939512 ], [ 760990.025349718169309, 3788320.494861285667866 ], [ 760997.706104566110298, 3788320.70848621847108 ], [ 760996.677634443040006, 3788357.685802390798926 ], [ 760988.996909929439425, 3788357.472176472656429 ], [ 760988.739798600319773, 3788366.716505507007241 ], [ 760981.059081875486299, 3788366.502885643858463 ], [ 760980.801977577153593, 3788375.747214526869357 ], [ 760965.44055990781635, 3788375.319993211422116 ], [ 760965.697649038978852, 3788366.075664820615202 ], [ 760958.016932927188464, 3788365.862063860055059 ], [ 760958.788174253073521, 3788338.129079996608198 ], [ 760951.107435595011339, 3788337.915486075449735 ], [ 760951.364507347927429, 3788328.671158556826413 ], [ 760920.641524428501725, 3788327.81684686569497 ], [ 760920.384483009926043, 3788337.061173401307315 ], [ 760912.703745374456048, 3788336.847610983997583 ], [ 760912.446710986550897, 3788346.091937367338687 ], [ 760889.404522058553994, 3788345.451287185307592 ], [ 760889.14750986895524, 3788354.695612925104797 ], [ 760881.466788219171576, 3788354.48207521950826 ], [ 760880.95277734939009, 3788372.970726491417736 ], [ 760873.272071070619859, 3788372.757194594945759 ], [ 760873.529069198295474, 3788363.512869156897068 ], [ 760865.848355541005731, 3788363.299343808088452 ], [ 760865.334373900550418, 3788381.787994286976755 ], [ 760857.653675614390522, 3788381.574474745430052 ], [ 760857.396691548870876, 3788390.818799881730229 ], [ 760834.354620668687858, 3788390.17827832698822 ] ], [ [ 761273.441244574030861, 3788356.136193790938705 ], [ 761273.698635391774587, 3788346.891855833120644 ], [ 761266.017888342961669, 3788346.678003575187176 ], [ 761266.275271023623645, 3788337.433665956836194 ], [ 761258.59451659664046, 3788337.219820246100426 ], [ 761259.109265130478889, 3788318.731145788915455 ], [ 761266.790034724632278, 3788318.944991006981581 ], [ 761266.532653150847182, 3788328.189328435342759 ], [ 761274.213415366830304, 3788328.403180201072246 ], [ 761273.956025655963458, 3788337.647517969366163 ], [ 761281.636780493194237, 3788337.861376281827688 ], [ 761281.121984243858606, 3788356.350052597466856 ], [ 761273.441244574030861, 3788356.136193790938705 ] ], [ [ 761181.786983584752306, 3788335.081709686666727 ], [ 761182.044282292248681, 3788325.837374875321984 ], [ 761174.36352253309451, 3788325.623598720878363 ], [ 761174.878103121183813, 3788307.134929874446243 ], [ 761182.558878047508188, 3788307.348705538082868 ], [ 761182.301580446423031, 3788316.593040158972144 ], [ 761197.663115745410323, 3788317.02061087731272 ], [ 761197.405802423832938, 3788326.264946086797863 ], [ 761205.08656279661227, 3788326.478741144295782 ], [ 761204.829241338302381, 3788335.723076694644988 ], [ 761181.786983584752306, 3788335.081709686666727 ] ], [ [ 761145.698551947483793, 3788250.813891895581037 ], [ 761146.727571873227134, 3788213.836561568081379 ], [ 761162.089271961827762, 3788214.264063857961446 ], [ 761162.346540727186948, 3788205.019731021020561 ], [ 761185.389115145779215, 3788205.661030972842127 ], [ 761184.874531561508775, 3788224.149698221124709 ], [ 761177.193688383791596, 3788223.935924776364118 ], [ 761176.936403345316648, 3788233.180258296430111 ], [ 761153.893897791509517, 3788232.538975030183792 ], [ 761153.379371555405669, 3788251.027640874497592 ], [ 761145.698551947483793, 3788250.813891895581037 ] ], [ [ 761245.806577218929306, 3788244.348784174770117 ], [ 761246.578637087251991, 3788216.615776962134987 ], [ 761269.621195511892438, 3788217.257285580039024 ], [ 761268.84906739264261, 3788244.990295012015849 ], [ 761245.806577218929306, 3788244.348784174770117 ] ], [ [ 761269.878570444765501, 3788208.012949293013662 ], [ 761270.135944824316539, 3788198.768613101448864 ], [ 761262.455076644779183, 3788198.554771087132394 ], [ 761262.712442887364887, 3788189.31043523689732 ], [ 761255.031567328609526, 3788189.096599770244211 ], [ 761255.288925434579141, 3788179.852264262270182 ], [ 761247.608042497886345, 3788179.638435341883451 ], [ 761247.865392467007041, 3788170.394100174307823 ], [ 761263.227173712686636, 3788170.821763820480555 ], [ 761263.74190232437104, 3788152.333092784043401 ], [ 761294.465527939843014, 3788153.188493715599179 ], [ 761294.208133577485569, 3788162.432830171193928 ], [ 761301.889032910345122, 3788162.646696403622627 ], [ 761301.374227358493954, 3788181.13537009479478 ], [ 761293.693343192222528, 3788180.9215033701621 ], [ 761293.178550593205728, 3788199.41017694817856 ], [ 761277.816813209326938, 3788198.98246141616255 ], [ 761277.559431246481836, 3788208.226797854993492 ], [ 761269.878570444765501, 3788208.012949293013662 ] ], [ [ 761164.919197955285199, 3788112.576407879590988 ], [ 761165.176460635615513, 3788103.332076088525355 ], [ 761157.495519489049911, 3788103.118324750103056 ], [ 761158.267281461274251, 3788075.385330684483051 ], [ 761165.948245357256383, 3788075.599081283900887 ], [ 761166.205505824880674, 3788066.354749872349203 ], [ 761173.886477508232929, 3788066.568506525829434 ], [ 761174.143745005596429, 3788057.324174963403493 ], [ 761204.867664120509289, 3788058.179263600613922 ], [ 761204.353067907388322, 3788076.66792879300192 ], [ 761212.034033031319268, 3788076.881717195734382 ], [ 761211.776726511539891, 3788086.126050180289894 ], [ 761204.095768970786594, 3788085.912261529825628 ], [ 761203.838469480979256, 3788095.156594364438206 ], [ 761196.157519727596082, 3788094.942811768501997 ], [ 761195.900227267760783, 3788104.187144451308995 ], [ 761172.857401986257173, 3788103.545833728276193 ], [ 761172.600131722749211, 3788112.79016576660797 ], [ 761164.919197955285199, 3788112.576407879590988 ] ], [ [ 761341.838163516134955, 3788108.250095883850008 ], [ 761342.095600057276897, 3788099.005758518353105 ], [ 761349.776553701609373, 3788099.2196608283557 ], [ 761349.519109577289782, 3788108.463998440653086 ], [ 761341.838163516134955, 3788108.250095883850008 ] ], [ [ 761328.278210005955771, 3788043.111953559331596 ], [ 761329.050460844533518, 3788015.378945223521441 ], [ 761367.455570309306495, 3788016.448445678222924 ], [ 761367.970477264723741, 3787997.959771461319178 ], [ 761406.375667683314532, 3787999.029426966793835 ], [ 761406.118176567135379, 3788008.273765261285007 ], [ 761413.799207682255656, 3788008.487715511117131 ], [ 761413.28420862252824, 3788026.97639287635684 ], [ 761390.241161389974877, 3788026.334559549577534 ], [ 761389.983683779020794, 3788035.578897633589804 ], [ 761382.302676027291454, 3788035.364965546876192 ], [ 761382.045205445727333, 3788044.609303480014205 ], [ 761328.278210005955771, 3788043.111953559331596 ] ], [ [ 761414.056706381496042, 3787999.243376970756799 ], [ 761414.829199156956747, 3787971.51036191964522 ], [ 761422.510260809678584, 3787971.724317484069616 ], [ 761422.252756188623607, 3787980.968655986711383 ], [ 761437.614864942501299, 3787981.396586509421468 ], [ 761437.357344601419754, 3787990.640925600659102 ], [ 761421.995251013780944, 3787990.21299458341673 ], [ 761421.737745285150595, 3787999.457333274651319 ], [ 761414.056706381496042, 3787999.243376970756799 ] ], [ [ 761357.757046972867101, 3787812.64524196786806 ], [ 761358.01447338226717, 3787803.400907395873219 ], [ 761334.970885099493898, 3787802.759243039879948 ], [ 761335.22828820720315, 3787793.514909302815795 ], [ 761304.503476366400719, 3787792.659446022938937 ], [ 761305.275591376237571, 3787764.926448340527713 ], [ 761359.044173483736813, 3787766.423570055980235 ], [ 761359.8164427470183, 3787738.690568048972636 ], [ 761367.497692330158316, 3787738.90446704113856 ], [ 761366.725400319090113, 3787766.637469789013267 ], [ 761389.769082054379396, 3787767.279206790495664 ], [ 761389.511627528816462, 3787776.523541970178485 ], [ 761381.830407661269419, 3787776.309623088687658 ], [ 761381.572960164630786, 3787785.553958115167916 ], [ 761389.254172449582256, 3787785.767877242062241 ], [ 761388.996716816676781, 3787795.012212610803545 ], [ 761373.634307617787272, 3787794.584380163345486 ], [ 761373.119425021926872, 3787813.073050200939178 ], [ 761357.757046972867101, 3787812.64524196786806 ] ], [ [ 761058.962229208555073, 3787776.575044107623398 ], [ 761059.219358234549873, 3787767.33071943372488 ], [ 761074.581780968001112, 3787767.75803425675258 ], [ 761074.324636776815169, 3787777.002359420992434 ], [ 761058.962229208555073, 3787776.575044107623398 ] ], [ [ 761051.538147174753249, 3787767.117071474902332 ], [ 761051.795268065063283, 3787757.872747141867876 ], [ 761059.476486707571894, 3787758.086394855286926 ], [ 761059.219358234549873, 3787767.33071943372488 ], [ 761051.538147174753249, 3787767.117071474902332 ] ], [ [ 761266.61213424266316, 3787773.101595934014767 ], [ 761266.869467445998453, 3787763.857264700811356 ], [ 761274.55069182254374, 3787764.071088827680796 ], [ 761274.293351036612876, 3787773.315420308150351 ], [ 761266.61213424266316, 3787773.101595934014767 ] ], [ [ 761281.974568034755066, 3787773.529250981751829 ], [ 761282.231916403281502, 3787764.284919254947454 ], [ 761289.913141189608723, 3787764.498755982611328 ], [ 761289.655785238370299, 3787773.743087956681848 ], [ 761281.974568034755066, 3787773.529250981751829 ] ], [ [ 761243.825795546290465, 3787763.215830123052001 ], [ 761244.340414796955884, 3787744.727169421035796 ], [ 761252.021653724135831, 3787744.940974153578281 ], [ 761251.507019308162853, 3787763.429635348729789 ], [ 761243.825795546290465, 3787763.215830123052001 ] ], [ [ 761182.633262068382464, 3787752.261286711320281 ], [ 761182.890510756406002, 3787743.016958379652351 ], [ 761190.571748045040295, 3787743.230712708551437 ], [ 761190.31449177430477, 3787752.475041286088526 ], [ 761182.633262068382464, 3787752.261286711320281 ] ], [ [ 761406.161410795757547, 3787730.729721221141517 ], [ 761406.418877718155272, 3787721.485386023763567 ], [ 761414.100143696181476, 3787721.699322326108813 ], [ 761413.842669191304594, 3787730.943657769821584 ], [ 761406.161410795757547, 3787730.729721221141517 ] ], [ [ 761238.202975052641705, 3787689.047392641659826 ], [ 761238.460272945230827, 3787679.803063251078129 ], [ 761253.82285674882587, 3787680.230662963353097 ], [ 761253.56554369116202, 3787689.474992847535759 ], [ 761238.202975052641705, 3787689.047392641659826 ] ], [ [ 761261.504148958483711, 3787680.444472270086408 ], [ 761262.533425985369831, 3787643.467152694240212 ], [ 761270.214748729020357, 3787643.680967315565795 ], [ 761270.472074184566736, 3787634.436637412756681 ], [ 761285.834735452081077, 3787634.864285062532872 ], [ 761286.092075519030914, 3787625.619954761117697 ], [ 761293.773414042894728, 3787625.833787790499628 ], [ 761293.51606639358215, 3787635.078118338249624 ], [ 761308.878728890558705, 3787635.505803790874779 ], [ 761308.364001601701602, 3787653.994466157164425 ], [ 761300.682685415958986, 3787653.780619788449258 ], [ 761300.425328523851931, 3787663.02495086658746 ], [ 761277.381403942010365, 3787662.383448820095509 ], [ 761277.124069243785925, 3787671.627779255155474 ], [ 761269.442769041866995, 3787671.41395759396255 ], [ 761269.185441372566856, 3787680.658287877216935 ], [ 761261.504148958483711, 3787680.444472270086408 ] ] ] } },
{ "type": "Feature", "properties": { "Code": 20, "type": "foret_claire" }, "geometry": { "type": "Polygon", "coordinates": [ [ [ 758866.480607437668368, 3787558.576113289222121 ], [ 758867.500408752588555, 3787521.599102319218218 ], [ 758936.632157486397773, 3787523.505956626031548 ], [ 758936.377139743999578, 3787532.750211424194276 ], [ 758928.695841099019162, 3787532.538313280325383 ], [ 758928.440830390085466, 3787541.782567929010838 ], [ 758913.078248872305267, 3787541.358790051192045 ], [ 758912.823252778500319, 3787550.603044306393713 ], [ 758920.504535853746347, 3787550.814930339809507 ], [ 758920.249531629611738, 3787560.059184936340898 ], [ 758866.480607437668368, 3787558.576113289222121 ] ] ] } },
{ "type": "Feature", "properties": { "Code": 30, "type": "prairie" }, "geometry": { "type": "Polygon", "coordinates": [ [ [ 759342.71999665396288, 3787571.72263219114393 ], [ 759343.230838561081327, 3787553.234096190426499 ], [ 759350.912140598054975, 3787553.446334778796881 ], [ 759350.401283527025953, 3787571.934871267993003 ], [ 759342.71999665396288, 3787571.72263219114393 ] ] ] } },
{ "type": "Feature", "properties": { "Code": 30, "type": "prairie" }, "geometry": { "type": "Polygon", "coordinates": [ [ [ 759542.433521496830508, 3787577.242895713541657 ], [ 759542.689139856141992, 3787567.9986212993972 ], [ 759550.370439601363614, 3787568.211023932788521 ], [ 759550.114813660038635, 3787577.455298592336476 ], [ 759542.433521496830508, 3787577.242895713541657 ] ] ] } },
{ "type": "Feature", "properties": { "Code": 30, "type": "prairie" }, "geometry": { "type": "Polygon", "coordinates": [ [ [ 759565.477398599497974, 3787577.880123249720782 ], [ 759565.733039704849944, 3787568.635848100297153 ], [ 759581.095640622079372, 3787569.060697466600686 ], [ 759580.839984352816828, 3787578.304973106365651 ], [ 759565.477398599497974, 3787577.880123249720782 ] ] ] } },
{ "type": "Feature", "properties": { "Code": 30, "type": "prairie" }, "geometry": { "type": "Polygon", "coordinates": [ [ [ 759734.465886679245159, 3787582.554857697803527 ], [ 759734.977501947665587, 3787564.066296712029725 ], [ 759750.340126988245174, 3787564.491422791499645 ], [ 759750.08430446498096, 3787573.73570372723043 ], [ 759742.402999425539747, 3787573.523137292359024 ], [ 759742.147183934110217, 3787582.767418078612536 ], [ 759734.465886679245159, 3787582.554857697803527 ] ] ] } },
{ "type": "Feature", "properties": { "Code": 30, "type": "prairie" }, "geometry": { "type": "Polygon", "coordinates": [ [ [ 759903.454473344958387, 3787587.232641393318772 ], [ 759903.710448059253395, 3787577.988355457782745 ], [ 759919.073066902696155, 3787578.413759232498705 ], [ 759918.817077024141327, 3787587.658045659773052 ], [ 759903.454473344958387, 3787587.232641393318772 ] ] ] } },
{ "type": "Feature", "properties": { "Code": 10, "type": "foret" }, "geometry": { "type": "Polygon", "coordinates": [ [ [ 758967.386783507652581, 3787801.893262804951519 ], [ 758990.430024069151841, 3787802.529110802337527 ], [ 758990.685118375229649, 3787793.284851277247071 ], [ 758998.366206551203504, 3787793.496812965720892 ], [ 758998.621307890862226, 3787784.252553293015808 ], [ 759013.983500016154721, 3787784.676495080813766 ], [ 759014.238615971757099, 3787775.432235014159232 ], [ 759021.9197199215414, 3787775.644215113949031 ], [ 759022.429965351475403, 3787757.155694778542966 ], [ 759030.1110846681986, 3787757.367680689319968 ], [ 759030.36621414241381, 3787748.123420420102775 ], [ 759045.728468550369143, 3787748.547410653438419 ], [ 759046.493899174034595, 3787720.814628952648491 ], [ 759054.175049428944476, 3787721.026632786728442 ], [ 759054.43019945488777, 3787711.782372167799622 ], [ 759069.792515738867223, 3787712.206398244947195 ], [ 759069.537350548664108, 3787721.450659353751689 ], [ 759077.218501413590275, 3787721.662682086694986 ], [ 759076.963328092359006, 3787730.906943537294865 ], [ 759084.644471578183584, 3787731.118972815573215 ], [ 759084.899652481544763, 3787721.874711121432483 ], [ 759092.580803752178326, 3787722.086746454704553 ], [ 759093.091179076931439, 3787703.598222866188735 ], [ 759108.453512557316571, 3787704.022311456035823 ], [ 759108.963916015345603, 3787685.533787271007895 ], [ 759101.282734009320848, 3787685.321740314830095 ], [ 759101.537927332916297, 3787676.077478609513491 ], [ 759093.856737947789952, 3787675.865438197739422 ], [ 759093.601552206324413, 3787685.109699659049511 ], [ 759078.239189210697077, 3787684.68563724681735 ], [ 759077.984018084593117, 3787693.92989831417799 ], [ 759047.25932485924568, 3787693.08184811193496 ], [ 759047.514465656946413, 3787683.837588023394346 ], [ 759039.83328527607955, 3787683.625591467134655 ], [ 759040.088417943101376, 3787674.381331717595458 ], [ 759047.769605905981734, 3787674.593328029848635 ], [ 759048.279884757823311, 3787656.104808328673244 ], [ 759040.598681630799547, 3787655.892812506295741 ], [ 759041.364073047181591, 3787628.160034405067563 ], [ 759049.045298920245841, 3787628.372029494028538 ], [ 759049.810708144214004, 3787600.639251518063247 ], [ 759065.173205991275609, 3787601.063259130343795 ], [ 759065.428356465650722, 3787591.81899950793013 ], [ 759057.747099858475849, 3787591.606992797926068 ], [ 759058.002242202288471, 3787582.36273351451382 ], [ 759042.639714433811605, 3787581.938739480916411 ], [ 759043.405092681525275, 3787554.205963672604412 ], [ 759051.08637921011541, 3787554.417956806253642 ], [ 759051.596643795259297, 3787535.929439588915557 ], [ 759059.277945690206252, 3787536.14143853308633 ], [ 759059.022806090069935, 3787545.385697337798774 ], [ 759066.704100606846623, 3787545.597702825907618 ], [ 759066.95924778888002, 3787536.353443777188659 ], [ 759074.640550090232864, 3787536.565455320756882 ], [ 759074.130240013590083, 3787555.053974003531039 ], [ 759081.811527354875579, 3787555.265992337372154 ], [ 759081.301199919660576, 3787573.754511892795563 ], [ 759088.982472300296649, 3787573.966537014115602 ], [ 759088.727300177561119, 3787583.21079718042165 ], [ 759119.452361403265968, 3787584.058961644303054 ], [ 759119.707563853589818, 3787574.814700501505286 ], [ 759135.070110849570483, 3787575.238820045255125 ], [ 759135.580544431461021, 3787556.750297065358609 ], [ 759120.217967107892036, 3787556.326178499963135 ], [ 759120.473167911637574, 3787547.081917644478381 ], [ 759112.791871973196976, 3787546.869868055451661 ], [ 759113.047064646263607, 3787537.625607538968325 ], [ 759128.409671890782192, 3787538.049712525215 ], [ 759128.664879178744741, 3787528.805451615247875 ], [ 758936.632157486397773, 3787523.505956626031548 ], [ 758936.377139743999578, 3787532.750211424194276 ], [ 758928.695841099019162, 3787532.538313280325383 ], [ 758928.440830390085466, 3787541.782567929010838 ], [ 758913.078248872305267, 3787541.358790051192045 ], [ 758912.823252778500319, 3787550.603044306393713 ], [ 758920.504535853746347, 3787550.814930339809507 ], [ 758920.249531629611738, 3787560.059184936340898 ], [ 758866.480607437668368, 3787558.576113289222121 ], [ 758860.361615312751383, 3787780.438211222179234 ], [ 758914.129265721188858, 3787781.921323917806149 ], [ 758914.384283107705414, 3787772.677067027427256 ], [ 758945.108689564745873, 3787773.524697620887309 ], [ 758944.853641849244013, 3787782.768955489154905 ], [ 758960.215831131557934, 3787783.192809075117111 ], [ 758959.960767703130841, 3787792.437067526392639 ], [ 758967.641855066874996, 3787792.649004013743252 ], [ 758967.386783507652581, 3787801.893262804951519 ] ], [ [ 759023.960688473540358, 3787701.690136063843966 ], [ 759024.470925125060603, 3787683.201617256272584 ], [ 759032.152105098939501, 3787683.413601212203503 ], [ 759031.896979465498589, 3787692.657860813196748 ], [ 759039.578152060508728, 3787692.869851312600076 ], [ 759039.323018296156079, 3787702.114111252594739 ], [ 759023.960688473540358, 3787701.690136063843966 ] ] ] } },
{ "type": "Feature", "properties": { "Code": 10, "type": "foret" }, "geometry": { "type": "Polygon", "coordinates": [ [ [ 759219.564133859006688, 3787577.57192798377946 ], [ 759242.607962585170753, 3787578.208362449891865 ], [ 759242.863285797415301, 3787568.964097487740219 ], [ 759250.544570027617738, 3787569.176254663616419 ], [ 759250.799900272628292, 3787559.931989552918822 ], [ 759266.162484507309273, 3787560.356322317384183 ], [ 759266.41782936709933, 3787551.112056813202798 ], [ 759297.143030604231171, 3787551.960796964354813 ], [ 759297.398405242245644, 3787542.716530575882643 ], [ 759320.442331051337533, 3787543.353151104412973 ], [ 759320.697727885912172, 3787534.108884077519178 ], [ 759182.434064009226859, 3787530.290015806443989 ], [ 759182.178803648333997, 3787539.534278429113328 ], [ 759174.497498501441441, 3787539.322178686503321 ], [ 759174.242245173431002, 3787548.566441159229726 ], [ 759158.879650653805584, 3787548.142260083928704 ], [ 759159.134888818021864, 3787538.897998099215329 ], [ 759151.453584281494841, 3787538.685917256399989 ], [ 759150.943122567841783, 3787557.174440830945969 ], [ 759204.712152447900735, 3787558.659142458345741 ], [ 759204.456867694156244, 3787567.903406101278961 ], [ 759219.819434325559996, 3787568.327663756441325 ], [ 759219.564133859006688, 3787577.57192798377946 ] ] ] } },
{ "type": "Feature", "properties": { "Code": 50, "type": "urbain" }, "geometry": { "type": "Polygon", "coordinates": [ [ [ 759565.733039704849944, 3787568.635848100297153 ], [ 759565.988680260372348, 3787559.391573046799749 ], [ 759573.669988198787905, 3787559.603994335047901 ], [ 759573.925635786377825, 3787550.359719131607562 ], [ 759589.288267438532785, 3787550.784580118954182 ], [ 759589.543929640203714, 3787541.540304522030056 ], [ 759604.906577271176502, 3787541.965190218761563 ], [ 759604.650899905594997, 3787551.20946630788967 ], [ 759596.969583570258692, 3787550.997020062990487 ], [ 759596.713913236861117, 3787560.241296001709998 ], [ 759581.351296341395937, 3787559.816421923227608 ], [ 759581.095640622079372, 3787569.060697466600686 ], [ 759565.733039704849944, 3787568.635848100297153 ] ] ] } },
{ "type": "Feature", "properties": { "Code": 30, "type": "prairie" }, "geometry": { "type": "Polygon", "coordinates": [ [ [ 759581.095640622079372, 3787569.060697466600686 ], [ 759581.351296341395937, 3787559.816421923227608 ], [ 759596.713913236861117, 3787560.241296001709998 ], [ 759596.969583570258692, 3787550.997020062990487 ], [ 759604.650899905594997, 3787551.20946630788967 ], [ 759604.906577271176502, 3787541.965190218761563 ], [ 759627.950550243491307, 3787542.602566015906632 ], [ 759627.439149470767006, 3787561.091119756922126 ], [ 759604.395221990183927, 3787560.453742489684373 ], [ 759604.139543524943292, 3787569.698018769267946 ], [ 759581.095640622079372, 3787569.060697466600686 ] ] ] } },
{ "type": "Feature", "properties": { "Code": 30, "type": "prairie" }, "geometry": { "type": "Polygon", "coordinates": [ [ [ 759896.029138943995349, 3787577.775663019623607 ], [ 759896.285105525748804, 3787568.531377425882965 ], [ 759903.966422223253176, 3787568.744069618172944 ], [ 759903.710448059253395, 3787577.988355457782745 ], [ 759896.029138943995349, 3787577.775663019623607 ] ] ] } },
{ "type": "Feature", "properties": { "Code": 60, "type": "bare" }, "geometry": { "type": "Polygon", "coordinates": [ [ [ 759918.817077024141327, 3787587.658045659773052 ], [ 759934.179681517998688, 3787588.083475125953555 ], [ 759934.435686560813338, 3787578.839188208337873 ], [ 759926.754376629600301, 3787578.626470570918173 ], [ 759927.010373539524153, 3787569.382183995563537 ], [ 759911.647739124950022, 3787568.956768109928817 ], [ 759911.391757379053161, 3787578.201054194942117 ], [ 759919.073066902696155, 3787578.413759232498705 ], [ 759918.817077024141327, 3787587.658045659773052 ] ] ] } },
{ "type": "Feature", "properties": { "Code": 10, "type": "foret" }, "geometry": { "type": "Polygon", "coordinates": [ [ [ 761017.502430374617688, 3787608.895446396898478 ], [ 761018.273649452254176, 3787581.162482227664441 ], [ 761087.405911982990801, 3787583.08521281927824 ], [ 761086.891630003112368, 3787601.573859937954694 ], [ 761071.528933892259374, 3787601.146541384980083 ], [ 761071.271807237528265, 3787610.390864594373852 ], [ 761017.502430374617688, 3787608.895446396898478 ] ] ] } },
{ "type": "Feature", "properties": { "Code": 20, "type": "foret_claire" }, "geometry": { "type": "Polygon", "coordinates": [ [ [ 761036.689936567679979, 3787748.201146871317178 ], [ 761059.733614627504721, 3787748.842070371843874 ], [ 761060.247868808684871, 3787730.353421689942479 ], [ 761067.929110403172672, 3787730.567074963822961 ], [ 761069.214774091495201, 3787684.345453688874841 ], [ 761076.896053803386167, 3787684.55911203334108 ], [ 761077.924605129985139, 3787647.581815741024911 ], [ 761085.605915375752375, 3787647.795479398220778 ], [ 761085.863059407332912, 3787638.551155316177756 ], [ 761093.544377440819517, 3787638.764825028833002 ], [ 761094.058679009554908, 3787620.276176656596363 ], [ 761101.740012412541546, 3787620.489852176047862 ], [ 761102.511483364738524, 3787592.756879591848701 ], [ 761117.874196278164163, 3787593.184248053468764 ], [ 761118.131367320660502, 3787583.939923556055874 ], [ 761087.405911982990801, 3787583.08521281927824 ], [ 761086.891630003112368, 3787601.573859937954694 ], [ 761079.210281845647842, 3787601.36019751150161 ], [ 761078.953147608553991, 3787610.604520966764539 ], [ 761086.634488183772191, 3787610.818183639552444 ], [ 761086.377345811342821, 3787620.062507436145097 ], [ 761071.014680029707961, 3787619.635187898762524 ], [ 761070.757552268798463, 3787628.879511298146099 ], [ 761063.076227267738432, 3787628.665860733017325 ], [ 761062.561985251959413, 3787647.154507324565202 ], [ 761054.880675619700924, 3787646.940862566698343 ], [ 761054.109331195941195, 3787674.673832426778972 ], [ 761046.428044515661895, 3787674.46019323123619 ], [ 761046.17093618423678, 3787683.704516461584717 ], [ 761038.489657292258926, 3787683.490883319173008 ], [ 761038.232555990340188, 3787692.735206398181617 ], [ 761045.913827299955301, 3787692.948839787393808 ], [ 761045.399607872474007, 3787711.437486723996699 ], [ 761053.080864222836681, 3787711.651126905810088 ], [ 761052.823746097157709, 3787720.895450762473047 ], [ 761045.142497329274192, 3787720.681810334790498 ], [ 761044.628274584189057, 3787739.170457840897143 ], [ 761036.947041187086143, 3787738.956823221407831 ], [ 761036.689936567679979, 3787748.201146871317178 ] ] ] } },
{ "type": "Feature", "properties": { "Code": 20, "type": "foret_claire" }, "geometry": { "type": "Polygon", "coordinates": [ [ [ 758916.199671383015811, 3787985.506903489120305 ], [ 758939.242453343002126, 3787986.142652742564678 ], [ 758939.497513124952093, 3787976.898392773233354 ], [ 758947.17844843340572, 3787977.110321548301727 ], [ 758947.433515249518678, 3787967.866061429027468 ], [ 758962.795401641749777, 3787968.289937390480191 ], [ 758963.050483074621297, 3787959.045676879119128 ], [ 758970.731434157234617, 3787959.257624065969139 ], [ 758971.241610542405397, 3787940.769102841615677 ], [ 758978.922576993820257, 3787940.981055839918554 ], [ 758979.942953511606902, 3787904.004013558384031 ], [ 758995.304947682889178, 3787904.42793650040403 ], [ 758995.56005560583435, 3787895.183675679843873 ], [ 759010.92206575430464, 3787895.607623333577067 ], [ 759011.177188293659128, 3787886.363362120464444 ], [ 759018.85820125520695, 3787886.57534515298903 ], [ 759018.603071133489721, 3787895.81960661103949 ], [ 759026.284076715121046, 3787896.031596188433468 ], [ 759025.008379964041524, 3787942.252906132955104 ], [ 759009.646444828365929, 3787941.828930834308267 ], [ 759009.136192617705092, 3787960.317454501520842 ], [ 759039.860003040870652, 3787961.16543225524947 ], [ 759041.390935070347041, 3787905.699856531340629 ], [ 759049.071933678817004, 3787905.911865253467113 ], [ 759048.816772129735909, 3787915.156127880327404 ], [ 759064.178754791500978, 3787915.580164714716375 ], [ 759064.689107670681551, 3787897.091638579033315 ], [ 759072.370114471530542, 3787897.303665958344936 ], [ 759072.114930723793805, 3787906.547929223161191 ], [ 759087.476929769152775, 3787906.972003370523453 ], [ 759087.987327045761049, 3787888.483475959394127 ], [ 759095.668342038523406, 3787888.69552199402824 ], [ 759095.923547436133958, 3787879.451258187647909 ], [ 759103.604570214287378, 3787879.663310279138386 ], [ 759103.859782645478845, 3787870.419046321883798 ], [ 759134.583906118641607, 3787871.267316710203886 ], [ 759134.839148330735043, 3787862.023051871452481 ], [ 759142.520187289104797, 3787862.235134974122047 ], [ 759142.009687151061371, 3787880.723665236495435 ], [ 759157.371735348249786, 3787881.147851321380585 ], [ 759157.627000856562518, 3787871.90358565421775 ], [ 759149.945969073683955, 3787871.69148970535025 ], [ 759150.711739557795227, 3787843.958694010507315 ], [ 759158.392794087994844, 3787844.170789224561304 ], [ 759159.158582378877327, 3787816.437993657309562 ], [ 759151.477505101589486, 3787816.225899175740778 ], [ 759151.732759185018949, 3787806.981634422205389 ], [ 759136.370590076665394, 3787806.557464850600809 ], [ 759136.881066267378628, 3787788.068936607334763 ], [ 759152.243265704950318, 3787788.493105201050639 ], [ 759152.498518141685054, 3787779.248840732499957 ], [ 759175.541841570287943, 3787779.885140140540898 ], [ 759175.797116204863414, 3787770.640875034034252 ], [ 759168.116000609705225, 3787770.42876917636022 ], [ 759168.371267112903297, 3787761.184504411183298 ], [ 759176.052390290307812, 3787761.396610024385154 ], [ 759176.818209253135137, 3787733.663815565872937 ], [ 759184.499355380423367, 3787733.875926746055484 ], [ 759185.265192148974165, 3787706.143132414203137 ], [ 759200.627530505880713, 3787706.567372207529843 ], [ 759200.372236967785284, 3787715.811637379229069 ], [ 759208.053398868767545, 3787716.023766970261931 ], [ 759208.819300582632422, 3787688.290971009526402 ], [ 759201.138115935144015, 3787688.078842151910067 ], [ 759201.393407826311886, 3787678.834577266592532 ], [ 759193.712215799372643, 3787678.622454954776913 ], [ 759193.456931490334682, 3787687.866719594225287 ], [ 759178.094563211430795, 3787687.442493380513042 ], [ 759179.115636496338993, 3787650.465437349397689 ], [ 759186.796850862912834, 3787650.677546327933669 ], [ 759187.052125393762253, 3787641.433282315265387 ], [ 759225.458238184568472, 3787642.493920487351716 ], [ 759225.202925743535161, 3787651.738185722846538 ], [ 759217.521710360655561, 3787651.526045243721455 ], [ 759217.266404952504672, 3787660.770310332067311 ], [ 759255.672445987700485, 3787661.831076950300485 ], [ 759256.183132075588219, 3787643.342544423881918 ], [ 759271.545580241130665, 3787643.76689419336617 ], [ 759271.290222307667136, 3787653.011160898488015 ], [ 759278.971439113724045, 3787653.223345477133989 ], [ 759278.716073048883118, 3787662.467612522654235 ], [ 759271.034863824956119, 3787662.255427698139101 ], [ 759270.524145212140866, 3787680.743961584754288 ], [ 759285.886533534736373, 3787681.168338511604816 ], [ 759286.141908280085772, 3787671.92407103208825 ], [ 759293.823110327823088, 3787672.136268700473011 ], [ 759293.567728000460193, 3787681.380536425858736 ], [ 759308.93011754238978, 3787681.804951153229922 ], [ 759309.185515034128912, 3787672.560682937968522 ], [ 759316.86671769246459, 3787672.772899508476257 ], [ 759317.122122217086144, 3787663.528631145134568 ], [ 759324.803332661045715, 3787663.7408537697047 ], [ 759325.058744218433276, 3787654.496585255954415 ], [ 759332.739962447085418, 3787654.708813935518265 ], [ 759332.484543307684362, 3787663.953082694672048 ], [ 759370.890599592821673, 3787665.014321819413453 ], [ 759371.146056642872281, 3787655.770051837898791 ], [ 759386.508495745481923, 3787656.194591097999364 ], [ 759386.763967410195619, 3787646.950320723932236 ], [ 759432.851335091283545, 3787648.224088240880519 ], [ 759432.595817933790386, 3787657.468360085505992 ], [ 759440.277039010776207, 3787657.680676966439933 ], [ 759440.788087940192781, 3787639.192132883705199 ], [ 759463.831797883380204, 3787639.829119859263301 ], [ 759464.34289010707289, 3787621.340574687812477 ], [ 759487.386647374136373, 3787621.977616894990206 ], [ 759487.642215407686308, 3787612.733343719504774 ], [ 759503.004736434668303, 3787613.158069533295929 ], [ 759503.260319082648493, 3787603.913795963395387 ], [ 759510.941587482811883, 3787604.126168076880276 ], [ 759511.452766294009052, 3787585.637620730791241 ], [ 759534.496618208941072, 3787586.274773400276899 ], [ 759534.75222953595221, 3787577.030499135144055 ], [ 759542.433521496830508, 3787577.242895713541657 ], [ 759542.689139856141992, 3787567.9986212993972 ], [ 759565.733039704849944, 3787568.635848100297153 ], [ 759565.988680260372348, 3787559.391573046799749 ], [ 759573.669988198787905, 3787559.603994335047901 ], [ 759573.925635786377825, 3787550.359719131607562 ], [ 759589.288267438532785, 3787550.784580118954182 ], [ 759589.543929640203714, 3787541.540304522030056 ], [ 759474.324098365497775, 3787538.354465042706579 ], [ 759474.068549892748706, 3787547.598736966494471 ], [ 759458.705924346577376, 3787547.174064979888499 ], [ 759458.961457655299455, 3787537.92979354551062 ], [ 759320.697727885912172, 3787534.108884077519178 ], [ 759320.442331051337533, 3787543.353151104412973 ], [ 759297.398405242245644, 3787542.716530575882643 ], [ 759297.143030604231171, 3787551.960796964354813 ], [ 759266.41782936709933, 3787551.112056813202798 ], [ 759266.162484507309273, 3787560.356322317384183 ], [ 759250.799900272628292, 3787559.931989552918822 ], [ 759250.544570027617738, 3787569.176254663616419 ], [ 759242.863285797415301, 3787568.964097487740219 ], [ 759242.607962585170753, 3787578.208362449891865 ], [ 759219.564133859006688, 3787577.57192798377946 ], [ 759219.819434325559996, 3787568.327663756441325 ], [ 759204.456867694156244, 3787567.903406101278961 ], [ 759204.712152447900735, 3787558.659142458345741 ], [ 759150.943122567841783, 3787557.174440830945969 ], [ 759151.453584281494841, 3787538.685917256399989 ], [ 759159.134888818021864, 3787538.897998099215329 ], [ 759158.879650653805584, 3787548.142260083928704 ], [ 759174.242245173431002, 3787548.566441159229726 ], [ 759174.497498501441441, 3787539.322178686503321 ], [ 759182.178803648333997, 3787539.534278429113328 ], [ 759182.434064009226859, 3787530.290015806443989 ], [ 759128.664879178744741, 3787528.805451615247875 ], [ 759128.409671890782192, 3787538.049712525215 ], [ 759113.047064646263607, 3787537.625607538968325 ], [ 759112.791871973196976, 3787546.869868055451661 ], [ 759120.473167911637574, 3787547.081917644478381 ], [ 759120.217967107892036, 3787556.326178499963135 ], [ 759135.580544431461021, 3787556.750297065358609 ], [ 759135.070110849570483, 3787575.238820045255125 ], [ 759119.707563853589818, 3787574.814700501505286 ], [ 759119.452361403265968, 3787584.058961644303054 ], [ 759088.727300177561119, 3787583.21079718042165 ], [ 759088.982472300296649, 3787573.966537014115602 ], [ 759081.301199919660576, 3787573.754511892795563 ], [ 759081.811527354875579, 3787555.265992337372154 ], [ 759074.130240013590083, 3787555.053974003531039 ], [ 759074.640550090232864, 3787536.565455320756882 ], [ 759066.95924778888002, 3787536.353443777188659 ], [ 759066.704100606846623, 3787545.597702825907618 ], [ 759059.022806090069935, 3787545.385697337798774 ], [ 759059.277945690206252, 3787536.14143853308633 ], [ 759051.596643795259297, 3787535.929439588915557 ], [ 759051.08637921011541, 3787554.417956806253642 ], [ 759043.405092681525275, 3787554.205963672604412 ], [ 759042.639714433811605, 3787581.938739480916411 ], [ 759058.002242202288471, 3787582.36273351451382 ], [ 759057.747099858475849, 3787591.606992797926068 ], [ 759065.428356465650722, 3787591.81899950793013 ], [ 759065.173205991275609, 3787601.063259130343795 ], [ 759049.810708144214004, 3787600.639251518063247 ], [ 759049.045298920245841, 3787628.372029494028538 ], [ 759041.364073047181591, 3787628.160034405067563 ], [ 759040.598681630799547, 3787655.892812506295741 ], [ 759048.279884757823311, 3787656.104808328673244 ], [ 759047.769605905981734, 3787674.593328029848635 ], [ 759040.088417943101376, 3787674.381331717595458 ], [ 759039.83328527607955, 3787683.625591467134655 ], [ 759047.514465656946413, 3787683.837588023394346 ], [ 759047.25932485924568, 3787693.08184811193496 ], [ 759062.621671065688133, 3787693.505860613659024 ], [ 759062.876827027532272, 3787684.261600033845752 ], [ 759070.558008017251268, 3787684.473615490831435 ], [ 759070.813171012559906, 3787675.229354764334857 ], [ 759078.49435978801921, 3787675.441376275382936 ], [ 759078.239189210697077, 3787684.68563724681735 ], [ 759093.601552206324413, 3787685.109699659049511 ], [ 759093.856737947789952, 3787675.865438197739422 ], [ 759101.537927332916297, 3787676.077478609513491 ], [ 759101.282734009320848, 3787685.321740314830095 ], [ 759108.963916015345603, 3787685.533787271007895 ], [ 759108.708714560838416, 3787694.778049316257238 ], [ 759116.389889187412336, 3787694.990102817770094 ], [ 759117.155514650978148, 3787667.257316233124584 ], [ 759109.474317278130911, 3787667.04526346642524 ], [ 759110.239915055688471, 3787639.312478477600962 ], [ 759087.196255916496739, 3787638.676360177341849 ], [ 759086.430726377293468, 3787666.409142964985222 ], [ 759078.749529816559516, 3787666.197115399409086 ], [ 759079.770204443251714, 3787629.220072848722339 ], [ 759087.451431332039647, 3787629.432099438738078 ], [ 759087.706606198800728, 3787620.187838796060532 ], [ 759118.431546112988144, 3787621.036007172893733 ], [ 759118.686750758904964, 3787611.791745646856725 ], [ 759134.049237099243328, 3787612.215867147315294 ], [ 759133.794017289299518, 3787621.460129163227975 ], [ 759141.475253182579763, 3787621.672199607826769 ], [ 759141.220025241840631, 3787630.916461961343884 ], [ 759148.901253755786456, 3787631.128538950812072 ], [ 759148.646017684135586, 3787640.372801646124572 ], [ 759140.964796752319671, 3787640.160724411718547 ], [ 759140.709567713784054, 3787649.404986958019435 ], [ 759133.028354566544294, 3787649.19291577860713 ], [ 759132.517910006805323, 3787667.681440668646246 ], [ 759140.199107990018092, 3787667.893512336071581 ], [ 759139.943877304671332, 3787677.13777516875416 ], [ 759124.581496706465259, 3787676.713637645356357 ], [ 759123.815846850164235, 3787704.446425247937441 ], [ 759116.134679601876996, 3787704.234365202020854 ], [ 759115.624258784228005, 3787722.722890258766711 ], [ 759107.943106904160231, 3787722.510836023837328 ], [ 759108.198310005129315, 3787713.266573693137616 ], [ 759100.517150745494291, 3787713.054526003543288 ], [ 759100.772345715551637, 3787703.810264011844993 ], [ 759093.091179076931439, 3787703.598222866188735 ], [ 759092.580803752178326, 3787722.086746454704553 ], [ 759084.899652481544763, 3787721.874711121432483 ], [ 759084.644471578183584, 3787731.118972815573215 ], [ 759076.963328092359006, 3787730.906943537294865 ], [ 759077.218501413590275, 3787721.662682086694986 ], [ 759069.537350548664108, 3787721.450659353751689 ], [ 759069.792515738867223, 3787712.206398244947195 ], [ 759062.111357495537959, 3787711.994382055476308 ], [ 759061.601041730726138, 3787730.482903880532831 ], [ 759046.2387561815558, 3787730.058889423497021 ], [ 759045.728468550369143, 3787748.547410653438419 ], [ 759053.409596058656462, 3787748.759415220003575 ], [ 759053.15444383781869, 3787758.003676223102957 ], [ 759037.792204188066535, 3787757.579672900494188 ], [ 759038.04734124452807, 3787748.335412386339158 ], [ 759030.36621414241381, 3787748.123420420102775 ], [ 759030.1110846681986, 3787757.367680689319968 ], [ 759022.429965351475403, 3787757.155694778542966 ], [ 759021.9197199215414, 3787775.644215113949031 ], [ 759014.238615971757099, 3787775.432235014159232 ], [ 759013.983500016154721, 3787784.676495080813766 ], [ 758998.621307890862226, 3787784.252553293015808 ], [ 758998.366206551203504, 3787793.496812965720892 ], [ 758990.685118375229649, 3787793.284851277247071 ], [ 758990.430024069151841, 3787802.529110802337527 ], [ 758967.386783507652581, 3787801.893262804951519 ], [ 758967.641855066874996, 3787792.649004013743252 ], [ 758959.960767703130841, 3787792.437067526392639 ], [ 758960.215831131557934, 3787783.192809075117111 ], [ 758944.853641849244013, 3787782.768955489154905 ], [ 758945.108689564745873, 3787773.524697620887309 ], [ 758914.384283107705414, 3787772.677067027427256 ], [ 758914.129265721188858, 3787781.921323917806149 ], [ 758860.361615312751383, 3787780.438211222179234 ], [ 758859.34175258630421, 3787817.415232897736132 ], [ 758867.022814564057626, 3787817.627088216133416 ], [ 758867.277788650477305, 3787808.382832409348339 ], [ 758882.639928378746845, 3787808.806561458855867 ], [ 758882.384939127834514, 3787818.050817753653973 ], [ 758890.066001713857986, 3787818.262691974174231 ], [ 758889.811004332383163, 3787827.506948607973754 ], [ 758905.173114949837327, 3787827.930716435890645 ], [ 758904.663088212255388, 3787846.41923096915707 ], [ 758896.982047966565005, 3787846.207343416288495 ], [ 758897.237054027384147, 3787836.963086345233023 ], [ 758889.556006402242929, 3787836.75120533676818 ], [ 758889.046008897130378, 3787855.239719084929675 ], [ 758873.683944586082362, 3787854.815974991768599 ], [ 758873.428960175719112, 3787864.060231520794332 ], [ 758865.747935907216743, 3787863.848368681035936 ], [ 758865.237980606267229, 3787882.33688153559342 ], [ 758857.556971705169417, 3787882.12502450728789 ], [ 758856.53708485304378, 3787919.102050388231874 ], [ 758864.218063424457796, 3787919.313908393494785 ], [ 758864.473043542471714, 3787910.069651535246521 ], [ 758879.835016458528116, 3787910.493385958950967 ], [ 758880.090011193184182, 3787901.24912870908156 ], [ 758895.452000085962936, 3787901.672887844033539 ], [ 758895.196990186581388, 3787910.917145583312958 ], [ 758902.877977355266921, 3787911.12903484608978 ], [ 758901.857901943731122, 3787948.106067736633122 ], [ 758909.538858984829858, 3787948.317964276298881 ], [ 758909.283831178443506, 3787957.56222298135981 ], [ 758916.964780840557069, 3787957.7741260654293 ], [ 758916.199671383015811, 3787985.506903489120305 ] ], [ [ 758903.38801177078858, 3787892.640518975444138 ], [ 758903.643028155900538, 3787883.39626118214801 ], [ 758911.32403827435337, 3787883.608156011905521 ], [ 758911.579061693395488, 3787874.363898071460426 ], [ 758919.260079597821459, 3787874.575798957142979 ], [ 758919.005048596300185, 3787883.82005714206025 ], [ 758926.686059120809659, 3787884.031964573077857 ], [ 758926.431019988493063, 3787893.276223097927868 ], [ 758903.38801177078858, 3787892.640518975444138 ] ], [ [ 759034.220227786456235, 3787886.999330119229853 ], [ 759034.475372524466366, 3787877.755068268626928 ], [ 759049.83741503348574, 3787878.179077947512269 ], [ 759049.582255130750127, 3787887.423340287525207 ], [ 759034.220227786456235, 3787886.999330119229853 ] ], [ [ 758942.558187728514895, 3787865.967280592769384 ], [ 758942.813240380492061, 3787856.723021865356714 ], [ 758958.175308345584199, 3787857.146879360545427 ], [ 758958.430375613621436, 3787847.902620241977274 ], [ 758966.111417483421974, 3787848.114558195695281 ], [ 758966.366491785272956, 3787838.870298924390227 ], [ 758974.047541439998895, 3787839.082242934964597 ], [ 758974.302622775663622, 3787829.837983517441899 ], [ 759005.026853755814955, 3787830.68582158209756 ], [ 759004.771742090699263, 3787839.930081976111978 ], [ 758997.090691623277962, 3787839.718112764880061 ], [ 758996.835586991743185, 3787848.962373012211174 ], [ 758973.792459555668756, 3787848.326502449344844 ], [ 758973.537377122789621, 3787857.570762057323009 ], [ 758965.85634263290558, 3787857.35881755920127 ], [ 758965.601267233956605, 3787866.603077020030469 ], [ 758942.558187728514895, 3787865.967280592769384 ] ], [ [ 759042.411545449402183, 3787868.722807957790792 ], [ 759042.921847346937284, 3787850.234284245874733 ], [ 759050.602891449816525, 3787850.446291501168162 ], [ 759050.347733193077147, 3787859.690553553868085 ], [ 759058.028769917553291, 3787859.902567354496568 ], [ 759057.773603529552929, 3787869.146829747594893 ], [ 759042.411545449402183, 3787868.722807957790792 ] ], [ [ 758951.259451672667637, 3787829.202171123120934 ], [ 758951.514509712927975, 3787819.957912533544004 ], [ 758959.195574126672, 3787820.169843454379588 ], [ 758958.940508504165336, 3787829.414102288428694 ], [ 758951.259451672667637, 3787829.202171123120934 ] ], [ [ 759005.281964872265235, 3787821.441561281681061 ], [ 759005.537075440282933, 3787812.197301076725125 ], [ 759013.218148857238702, 3787812.409275853540748 ], [ 759012.963030706974678, 3787821.653536303900182 ], [ 759005.281964872265235, 3787821.441561281681061 ] ], [ [ 759074.411564697977155, 3787823.349563284311444 ], [ 759074.666743506910279, 3787814.105300879105926 ], [ 759066.985668464447372, 3787813.893275700509548 ], [ 759067.496009271359071, 3787795.404751666821539 ], [ 759082.858189888531342, 3787795.828807345591486 ], [ 759083.623742476804182, 3787768.0960205453448 ], [ 759098.985969399800524, 3787768.52009995887056 ], [ 759098.730770587921143, 3787777.764362620655447 ], [ 759091.049664606805891, 3787777.552319519221783 ], [ 759090.794472828391008, 3787786.796582030132413 ], [ 759098.475571227259934, 3787787.008625376038253 ], [ 759098.220371317816898, 3787796.252888226415962 ], [ 759090.539280501310714, 3787796.040844636037946 ], [ 759089.773700226913206, 3787823.773633031174541 ], [ 759074.411564697977155, 3787823.349563284311444 ] ], [ [ 759029.345692953676917, 3787785.100462070200592 ], [ 759029.855954645434394, 3787766.611941053066403 ], [ 759037.537066583056003, 3787766.823933508247137 ], [ 759037.026789726805873, 3787785.312455014325678 ], [ 759029.345692953676917, 3787785.100462070200592 ] ], [ [ 759092.070426232181489, 3787740.575270428787917 ], [ 759092.325615266570821, 3787731.331008393783122 ], [ 759107.68790325417649, 3787731.755098450928926 ], [ 759107.432699055410922, 3787740.999360974412411 ], [ 759092.070426232181489, 3787740.575270428787917 ] ], [ [ 759286.908029220649041, 3787644.191269163973629 ], [ 759287.163401769124903, 3787634.947002064436674 ], [ 759294.84463414514903, 3787635.15919875446707 ], [ 759294.589254014659673, 3787644.40346609801054 ], [ 759286.908029220649041, 3787644.191269163973629 ] ], [ [ 759202.669859046000056, 3787632.61325427563861 ], [ 759203.435723189497367, 3787604.88046162808314 ], [ 759211.116976075572893, 3787605.092588283587247 ], [ 759210.861680994741619, 3787614.336852648295462 ], [ 759226.224172213464044, 3787614.761125349439681 ], [ 759225.968861419591121, 3787624.005390300415456 ], [ 759233.650099751306698, 3787624.217536345124245 ], [ 759233.394780826405622, 3787633.461801635101438 ], [ 759202.669859046000056, 3787632.61325427563861 ] ], [ [ 759318.654537829337642, 3787608.063022967427969 ], [ 759318.909938508877531, 3787598.818755272310227 ], [ 759326.5912020271644, 3787599.030976183712482 ], [ 759326.335793765727431, 3787608.275244123768061 ], [ 759318.654537829337642, 3787608.063022967427969 ] ], [ [ 759319.165338639169931, 3787589.574487672653049 ], [ 759319.420738220098428, 3787580.330220167525113 ], [ 759334.783295787288807, 3787580.754667312838137 ], [ 759334.527881042449735, 3787589.998935306444764 ], [ 759319.165338639169931, 3787589.574487672653049 ] ], [ [ 759426.703152547939681, 3787592.546150310430676 ], [ 759426.958658276707865, 3787583.301879378966987 ], [ 759396.233534191851504, 3787582.452707890421152 ], [ 759396.744483345071785, 3787563.964168271049857 ], [ 759419.788371595088392, 3787564.601035969797522 ], [ 759419.532874547410756, 3787573.845306465867907 ], [ 759434.895452567259781, 3787574.269916920457035 ], [ 759434.639939806074835, 3787583.51418800232932 ], [ 759442.321221539517865, 3787583.726502923760563 ], [ 759442.065700646839105, 3787592.970774345565587 ], [ 759426.703152547939681, 3787592.546150310430676 ] ], [ [ 759342.71999665396288, 3787571.72263219114393 ], [ 759343.230838561081327, 3787553.234096190426499 ], [ 759350.912140598054975, 3787553.446334778796881 ], [ 759350.401283527025953, 3787571.934871267993003 ], [ 759342.71999665396288, 3787571.72263219114393 ] ] ] } },
{ "type": "Feature", "properties": { "Code": 50, "type": "urbain" }, "geometry": { "type": "Polygon", "coordinates": [ [ [ 759903.710448059253395, 3787577.988355457782745 ], [ 759911.391757379053161, 3787578.201054194942117 ], [ 759911.647739124950022, 3787568.956768109928817 ], [ 759919.329056230606511, 3787569.169472903013229 ], [ 759919.585045008105226, 3787559.925186667591333 ], [ 759904.222395836608484, 3787559.499783873558044 ], [ 759904.478368899435736, 3787550.255498224403709 ], [ 759896.797037037904374, 3787550.042806522455066 ], [ 759896.285105525748804, 3787568.531377425882965 ], [ 759903.966422223253176, 3787568.744069618172944 ], [ 759903.710448059253395, 3787577.988355457782745 ] ] ] } },
{ "type": "Feature", "properties": { "Code": 10, "type": "foret" }, "geometry": { "type": "Polygon", "coordinates": [ [ [ 759458.705924346577376, 3787547.174064979888499 ], [ 759458.961457655299455, 3787537.92979354551062 ], [ 759474.324098365497775, 3787538.354465042706579 ], [ 759474.068549892748706, 3787547.598736966494471 ], [ 759458.705924346577376, 3787547.174064979888499 ] ] ] } },
{ "type": "Feature", "properties": { "Code": 30, "type": "prairie" }, "geometry": { "type": "Polygon", "coordinates": [ [ [ 759977.706964253797196, 3787681.802803859114647 ], [ 759993.06942036608234, 3787682.228339034598321 ], [ 759993.325491572613828, 3787672.984049200545996 ], [ 759985.644255831954069, 3787672.771278708707541 ], [ 759985.900318905361928, 3787663.526989217381924 ], [ 760001.262805754551664, 3787663.952536011580378 ], [ 760001.774960578186437, 3787645.463956332299858 ], [ 760009.456219473271631, 3787645.676738689653575 ], [ 760009.71230364125222, 3787636.432448747102171 ], [ 760017.393570322310552, 3787636.645237159449607 ], [ 760017.905752170365304, 3787618.156657070852816 ], [ 760010.22447032481432, 3787617.943869149778038 ], [ 760009.968387258355506, 3787627.188158900942653 ], [ 760002.287113199010491, 3787626.975377034395933 ], [ 760002.799263616790995, 3787608.486798117868602 ], [ 760010.480552840628661, 3787608.699579493608326 ], [ 760010.7366348055657, 3787599.455289932899177 ], [ 760026.099229028332047, 3787599.880871093831956 ], [ 760027.123612037394196, 3787562.903711840044707 ], [ 760019.442284495919012, 3787562.690919090993702 ], [ 760019.698371289181523, 3787553.446629761252552 ], [ 759904.478368899435736, 3787550.255498224403709 ], [ 759904.222395836608484, 3787559.499783873558044 ], [ 759919.585045008105226, 3787559.925186667591333 ], [ 759919.329056230606511, 3787569.169472903013229 ], [ 759927.010373539524153, 3787569.382183995563537 ], [ 759926.754376629600301, 3787578.626470570918173 ], [ 759934.435686560813338, 3787578.839188208337873 ], [ 759933.923675924772397, 3787597.327762138098478 ], [ 759941.604970894637518, 3787597.540486566256732 ], [ 759941.092942892108113, 3787616.029061367269605 ], [ 759956.455503117176704, 3787616.454530106391758 ], [ 759956.19947312574368, 3787625.698818140197545 ], [ 759971.562019001343288, 3787626.124312570784241 ], [ 759971.305973294889554, 3787635.368601190391928 ], [ 759978.987238956731744, 3787635.5813581016846 ], [ 759978.731185117387213, 3787644.825647063087672 ], [ 759963.368669162271544, 3787644.400139050092548 ], [ 759963.112629936775193, 3787653.644427614286542 ], [ 759970.793880230165087, 3787653.857178716454655 ], [ 759970.28178496286273, 3787672.345756623893976 ], [ 759977.963020295836031, 3787672.558514515869319 ], [ 759977.706964253797196, 3787681.802803859114647 ] ] ] } },
{ "type": "Feature", "properties": { "Code": 10, "type": "foret", "texture": "forest_floor.jpg", "model3D": "cedar_tree.glb" }, "geometry": { "type": "Polygon", "coordinates": [ [ [ 758827.211586221121252, 3788982.192198470234871 ], [ 759487.701485086116008, 3789000.437432132661343 ], [ 759488.724233173648827, 3788963.460278223268688 ], [ 759481.044079100945964, 3788963.247857523616403 ], [ 759482.322463921504095, 3788917.026418508961797 ], [ 759490.002655916032381, 3788917.238837983924896 ], [ 759490.25833881564904, 3788907.9945502220653 ], [ 759474.897939860937186, 3788907.569718061480671 ], [ 759475.153607042273507, 3788898.325430884957314 ], [ 759467.473400286165997, 3788898.11302449926734 ], [ 759467.729059333447367, 3788888.868737663142383 ], [ 759460.048845195677131, 3788888.656337824650109 ], [ 759460.304496109252796, 3788879.412051327992231 ], [ 759452.624274590285495, 3788879.199658036231995 ], [ 759452.879917370039038, 3788869.955371879506856 ], [ 759445.19968847092241, 3788869.742985132150352 ], [ 759445.455323116621003, 3788860.498699315357953 ], [ 759437.775086835841648, 3788860.286319112870842 ], [ 759438.030713347834535, 3788851.04203363833949 ], [ 759430.350469686673023, 3788850.829659982584417 ], [ 759430.606088064960204, 3788841.58537484658882 ], [ 759415.245586182689294, 3788841.160646927077323 ], [ 759415.501188843045384, 3788831.916362375020981 ], [ 759407.820930623798631, 3788831.704008112195879 ], [ 759408.076525150565431, 3788822.459723900537938 ], [ 759400.39625954919029, 3788822.247376183047891 ], [ 759400.651845942251384, 3788813.003092313185334 ], [ 759392.971572960494086, 3788812.79075114056468 ], [ 759393.227151220082305, 3788803.546467609703541 ], [ 759370.186310740653425, 3788802.909482633229345 ], [ 759370.441865698317997, 3788793.665199931245297 ], [ 759424.203882749890909, 3788795.151584710925817 ], [ 759424.71509719453752, 3788776.663016167469323 ], [ 759432.395401326357387, 3788776.875381565187126 ], [ 759432.65101530845277, 3788767.631097192876041 ], [ 759463.372264203149825, 3788768.480620814021677 ], [ 759463.116619884734973, 3788777.724906164221466 ], [ 759440.075705660739914, 3788777.087753262836486 ], [ 759439.564460879657418, 3788795.576322784181684 ], [ 759485.646200148039497, 3788796.850688232574612 ], [ 759485.390531428391114, 3788806.094974603969604 ], [ 759493.070814433973283, 3788806.307391143869609 ], [ 759492.815137580619194, 3788815.551677855663002 ], [ 759500.495413204771467, 3788815.764100940898061 ], [ 759501.006781530333683, 3788797.275527122430503 ], [ 759516.367363725206815, 3788797.700391218066216 ], [ 759516.111664669006132, 3788806.944678567815572 ], [ 759523.791948487982154, 3788807.157120311632752 ], [ 759523.536241297842935, 3788816.401408002711833 ], [ 759531.216517735854723, 3788816.613856291864067 ], [ 759531.727946734521538, 3788798.125280516687781 ], [ 759593.170286903623492, 3788799.82508975174278 ], [ 759593.937608297797851, 3788772.092220929916948 ], [ 759616.978557473863475, 3788772.729751156643033 ], [ 759617.234352924395353, 3788763.485461005475372 ], [ 759624.914677307708189, 3788763.697983438614756 ], [ 759624.658874272950925, 3788772.942273833788931 ], [ 759632.339191275648773, 3788773.154802812729031 ], [ 759632.083380106952973, 3788782.399093548767269 ], [ 759662.804619813919999, 3788783.249273452907801 ], [ 759663.827982534887269, 3788746.272107163444161 ], [ 759671.508323307032697, 3788746.484666913282126 ], [ 759671.764170196373016, 3788737.240375333931297 ], [ 759679.444518755422905, 3788737.452941138762981 ], [ 759679.700372678576969, 3788728.208649411797523 ], [ 759687.380729025811888, 3788728.42122127301991 ], [ 759688.660028311656788, 3788682.199762837961316 ], [ 759680.979634044575505, 3788681.987192201428115 ], [ 759682.003033236367628, 3788645.0100281490013 ], [ 759674.322608837625012, 3788644.797464792616665 ], [ 759674.578449676511809, 3788635.553174264263362 ], [ 759659.21758632035926, 3788635.128066944424063 ], [ 759659.729236012673937, 3788616.639487150125206 ], [ 759675.090129704214633, 3788617.06459349161014 ], [ 759675.857645620591938, 3788589.331723047420382 ], [ 759691.2185856285505, 3788589.756853122729808 ], [ 759691.474438334815204, 3788580.512562674935907 ], [ 759706.835394324269146, 3788580.93771746288985 ], [ 759706.067789052263834, 3788608.670590559951961 ], [ 759690.706878565717489, 3788608.245434302370995 ], [ 759690.195169302634895, 3788626.734015863854438 ], [ 759697.875609276117757, 3788626.946591331157833 ], [ 759697.619746235664934, 3788636.19088250072673 ], [ 759712.980611626524478, 3788636.616052830591798 ], [ 759712.724732868140563, 3788645.860344583168626 ], [ 759720.405158283771016, 3788646.072939444333315 ], [ 759719.381607413291931, 3788683.050108395051211 ], [ 759780.824775386834517, 3788684.751101954840124 ], [ 759781.080724601401016, 3788675.506807614583522 ], [ 759796.441533798002638, 3788675.932118523865938 ], [ 759796.697497630259022, 3788666.687823789659888 ], [ 759804.377910117967986, 3788666.900488451123238 ], [ 759804.633880984038115, 3788657.656193566974252 ], [ 759796.95346091222018, 3788657.443529149517417 ], [ 759797.209423643886112, 3788648.199234605301172 ], [ 759820.250707220751792, 3788648.837246021255851 ], [ 759820.506692153867334, 3788639.592950838152319 ], [ 759843.548000315437093, 3788640.231018228922039 ], [ 759843.80400744988583, 3788630.986722404137254 ], [ 759851.484451495110989, 3788631.199423890560865 ], [ 759851.228436776669696, 3788640.443719960283488 ], [ 759904.991497704992071, 3788641.932808510493487 ], [ 759906.271831228979863, 3788595.711320540402085 ], [ 759921.63278345100116, 3788596.13682866981253 ], [ 759921.888863672036678, 3788586.892530871089548 ], [ 759937.249831877066754, 3788587.318063711747527 ], [ 759937.50592671497725, 3788578.073765520937741 ], [ 759952.866910903016105, 3788578.499323075637221 ], [ 759953.123020358150825, 3788569.255024488084018 ], [ 759968.484020527917892, 3788569.680606756359339 ], [ 759969.252391092129983, 3788541.947710092645139 ], [ 759976.932914233766496, 3788542.160509943030775 ], [ 759976.676783679286018, 3788551.404808979015797 ], [ 759984.357299441471696, 3788551.617615376133472 ], [ 759984.10116075235419, 3788560.861914754845202 ], [ 760014.823195501347072, 3788561.713204328902066 ], [ 760015.079364525503479, 3788552.468903969507664 ], [ 760022.759881306439638, 3788552.681741869077086 ], [ 760022.503704698407091, 3788561.926042474340647 ], [ 760030.184214099193923, 3788562.138886921107769 ], [ 760030.440398290986195, 3788552.894586071372032 ], [ 760038.120915478793904, 3788553.107436573132873 ], [ 760038.377106703585014, 3788543.863135575316846 ], [ 760061.418682242161594, 3788544.501724152360111 ], [ 760061.162468266091309, 3788553.746025885920972 ], [ 760068.842986269504763, 3788553.958901592995971 ], [ 760069.099207829451188, 3788544.714599614031613 ], [ 760076.779733619885519, 3788544.927481375169009 ], [ 760076.523504476295784, 3788554.171783599536866 ], [ 760099.565060320543125, 3788554.810467426199466 ], [ 760099.308807874331251, 3788564.054770484101027 ], [ 760114.669830955099314, 3788564.480591698084027 ], [ 760114.926098568830639, 3788555.236288149375468 ], [ 760130.287137632491067, 3788555.66213407414034 ], [ 760130.543419862864539, 3788546.417830133344978 ], [ 760138.223947283928283, 3788546.630762301851064 ], [ 760138.480236547184177, 3788537.386458207853138 ], [ 760146.160771756665781, 3788537.599396433215588 ], [ 760146.417068052571267, 3788528.355092189274728 ], [ 760161.778154249768704, 3788528.780987051315606 ], [ 760161.521842786343768, 3788538.025291784200817 ], [ 760176.882914631394669, 3788538.451212340034544 ], [ 760176.62658744934015, 3788547.695517660584301 ], [ 760168.946059008827433, 3788547.482553987763822 ], [ 760168.689738859422505, 3788556.726859155576676 ], [ 760176.370259716059081, 3788556.939823074731976 ], [ 760176.113931431667879, 3788566.18412858620286 ], [ 760183.794444908970036, 3788566.397099052090198 ], [ 760184.050780777120963, 3788557.152793294750154 ], [ 760191.731302041560411, 3788557.365769815631211 ], [ 760191.474958589300513, 3788566.610075818374753 ], [ 760206.835986563470215, 3788567.036048253532499 ], [ 760207.092345183249563, 3788557.791741760913283 ], [ 760214.772867059335113, 3788558.004737184382975 ], [ 760215.029232711764053, 3788548.760430542752147 ], [ 760238.070822315523401, 3788549.399453883524984 ], [ 760238.327210168354213, 3788540.155146599281579 ], [ 760246.00774802826345, 3788540.368166736327112 ], [ 760246.264142913511023, 3788531.123859303072095 ], [ 760276.986326727084816, 3788531.976001876406372 ], [ 760277.242751396261156, 3788522.731693554669619 ], [ 760292.603859694558196, 3788523.157802156638354 ], [ 760292.860298979794607, 3788513.913493440952152 ], [ 760300.540861018933356, 3788514.126556947827339 ], [ 760301.053753103362396, 3788495.637939308770001 ], [ 760293.373175896704197, 3788495.424876293167472 ], [ 760293.629613528028131, 3788486.180567864794284 ], [ 760262.907276407582685, 3788485.328379793092608 ], [ 760263.420089346589521, 3788466.839765182230622 ], [ 760271.100688488455489, 3788467.052802257239819 ], [ 760271.613514389726333, 3788448.564187536481768 ], [ 760279.294128902372904, 3788448.777230421546847 ], [ 760279.037708643707447, 3788458.021537981461734 ], [ 760286.718315777136013, 3788458.234587412327528 ], [ 760286.974743619561195, 3788448.990279607940465 ], [ 760294.655358540127054, 3788449.203335095196962 ], [ 760294.398923114058562, 3788458.447643145453185 ], [ 760302.079530655522831, 3788458.660705178976059 ], [ 760302.335973665234633, 3788449.416396882850677 ], [ 760310.016588994301856, 3788449.629464972764254 ], [ 760310.273039036314003, 3788440.385156527161598 ], [ 760317.953662152518518, 3788440.598230672068894 ], [ 760318.210119226714596, 3788431.353922074660659 ], [ 760325.890750131220557, 3788431.567002273630351 ], [ 760325.634285473381169, 3788440.811311116907746 ], [ 760340.995532725704834, 3788441.237490908708423 ], [ 760341.508491824613884, 3788422.748872338794172 ], [ 760349.189130924758501, 3788422.961971195414662 ], [ 760348.676156658679247, 3788441.450590257532895 ], [ 760379.39865442935843, 3788442.303050656337291 ], [ 760379.142136134556495, 3788451.547361310105771 ], [ 760402.18398885440547, 3788452.18677350692451 ], [ 760402.697070394875482, 3788433.698150815907866 ], [ 760387.33580470958259, 3788433.271870700642467 ], [ 760388.361900502350181, 3788396.294628429692239 ], [ 760380.681237631011754, 3788396.081498805433512 ], [ 760381.1942670509452, 3788377.592878733295947 ], [ 760373.513589217327535, 3788377.379755901172757 ], [ 760373.770095516461879, 3788368.13544625416398 ], [ 760366.089410302694887, 3788367.922329968772829 ], [ 760365.832911587087438, 3788377.166639370843768 ], [ 760350.471556939417496, 3788376.740425210911781 ], [ 760350.728040487854742, 3788367.496116300113499 ], [ 760335.366671488853171, 3788367.069927834440023 ], [ 760335.1102031073533, 3788376.314236254896969 ], [ 760319.748850092641078, 3788375.888072501402348 ], [ 760319.492396326852031, 3788385.132380525581539 ], [ 760304.131059294566512, 3788384.706241484265774 ], [ 760303.87462014448829, 3788393.950549112632871 ], [ 760288.513299095444381, 3788393.524434783495963 ], [ 760288.000449475483038, 3788412.013049344532192 ], [ 760295.681094730622135, 3788412.226103850640357 ], [ 760295.424661510041915, 3788421.47041151765734 ], [ 760280.063386370427907, 3788421.044308317359537 ], [ 760280.319804423837923, 3788411.800001140218228 ], [ 760249.597226258250885, 3788410.94787133205682 ], [ 760249.853613425977528, 3788401.703565231990069 ], [ 760234.492310399771668, 3788401.277538623195142 ], [ 760234.235938399215229, 3788410.521844233386219 ], [ 760226.555294775404036, 3788410.308840134646744 ], [ 760226.298929807031527, 3788419.553145593032241 ], [ 760195.57638768653851, 3788418.701191226020455 ], [ 760195.063716765260324, 3788437.189800467342138 ], [ 760156.660619538277388, 3788436.124996823258698 ], [ 760156.916917356429622, 3788426.880693381186575 ], [ 760149.236290939501487, 3788426.667751799803227 ], [ 760149.492580623016693, 3788417.42344869999215 ], [ 760141.8119468257064, 3788417.210513665340841 ], [ 760141.555664725834504, 3788426.454816520214081 ], [ 760064.749413804267533, 3788424.325810264796019 ], [ 760065.005620068404824, 3788415.081509862560779 ], [ 760057.32498851348646, 3788414.868644136935472 ], [ 760057.581186643219553, 3788405.62434407742694 ], [ 760049.9005477091996, 3788405.411484897136688 ], [ 760050.669116042787209, 3788377.678586024325341 ], [ 760066.030439616413787, 3788378.104309211485088 ], [ 760066.286643126280978, 3788368.86000928748399 ], [ 760089.32865276618395, 3788369.498640589416027 ], [ 760089.072426505852491, 3788378.74294124962762 ], [ 760104.433752117911354, 3788379.168727445881814 ], [ 760104.689993545180187, 3788369.924426294397563 ], [ 760120.051335139665753, 3788370.350237202830613 ], [ 760119.795078545226716, 3788379.594538844656199 ], [ 760135.156405788031407, 3788380.02037544734776 ], [ 760135.412677549407817, 3788370.776073315180838 ], [ 760150.774020774872042, 3788371.201934629585594 ], [ 760150.517733846558258, 3788380.446237253490835 ], [ 760165.879062720574439, 3788380.872124262619764 ], [ 760166.391666359966621, 3788362.383518129121512 ], [ 760174.072346270084381, 3788362.596470592543483 ], [ 760173.55972746363841, 3788381.085077217780054 ], [ 760181.240392409963533, 3788381.298036473803222 ], [ 760181.496709672384895, 3788372.05373286921531 ], [ 760189.177382406778634, 3788372.266698180232197 ], [ 760189.690030445111915, 3788353.778090763837099 ], [ 760197.370718549820594, 3788353.991061885841191 ], [ 760197.114387222798541, 3788363.235365792177618 ], [ 760227.837111348402686, 3788364.087314268108457 ], [ 760228.093473009532318, 3788354.843009380623698 ], [ 760235.774162134504877, 3788355.056012006476521 ], [ 760236.286898969905451, 3788336.567402026616037 ], [ 760251.648308165138587, 3788336.99342519743368 ], [ 760251.904690922820009, 3788327.749119859188795 ], [ 760259.585403409670107, 3788327.962140650488436 ], [ 760259.841793199535459, 3788318.717835162766278 ], [ 760267.522513474337757, 3788318.930862009059638 ], [ 760267.778910296270624, 3788309.686556370928884 ], [ 760275.459638358559459, 3788309.899589272215962 ], [ 760275.716042212676257, 3788300.655283484142274 ], [ 760268.035306567093357, 3788300.442250827327371 ], [ 760268.291702286573127, 3788291.19794537872076 ], [ 760237.56873141170945, 3788290.345878743100911 ], [ 760237.82509624643717, 3788281.101574372500181 ], [ 760230.144346453947946, 3788280.888573711272329 ], [ 760230.400703154038638, 3788271.64426968107 ], [ 760245.762218108982779, 3788272.070276814047247 ], [ 760247.300437733763829, 3788216.60445168800652 ], [ 760239.619634654955007, 3788216.39144644420594 ], [ 760240.132354953326285, 3788197.902839321177453 ], [ 760232.451536911423318, 3788197.689840869046748 ], [ 760232.707888650707901, 3788188.445537697058171 ], [ 760225.027063230169006, 3788188.232545791193843 ], [ 760225.283406834932975, 3788178.988242958672345 ], [ 760209.921741438796744, 3788178.562278538942337 ], [ 760209.665413000388071, 3788187.8065808811225 ], [ 760201.984588191146031, 3788187.593607876915485 ], [ 760201.728266784688458, 3788196.837910066824406 ], [ 760171.004999921424314, 3788195.986080076079816 ], [ 760171.773871489102021, 3788168.253176735714078 ], [ 760156.412193782161921, 3788167.827301016077399 ], [ 760156.668468036223203, 3788158.583000583574176 ], [ 760141.306775978649966, 3788158.157150558661669 ], [ 760142.075549936387688, 3788130.424251305405051 ], [ 760149.756418612087145, 3788130.637172430753708 ], [ 760149.500153594068252, 3788139.881472333334386 ], [ 760180.223600006196648, 3788140.733220826368779 ], [ 760180.992484403541312, 3788113.000318462960422 ], [ 760196.354254331556149, 3788113.426229040138423 ], [ 760196.097944917390123, 3788122.670530223287642 ], [ 760211.459700495004654, 3788123.096466493792832 ], [ 760211.203375363489613, 3788132.340768263209611 ], [ 760226.565116590936668, 3788132.76673022704199 ], [ 760226.308775742072612, 3788142.011032583191991 ], [ 760233.989639078499749, 3788142.224023262504488 ], [ 760233.476940560969524, 3788160.712628750596195 ], [ 760241.157788935583085, 3788160.925626219715923 ], [ 760241.414146053022705, 3788151.681323182303458 ], [ 760264.456715149106458, 3788152.320352660026401 ], [ 760264.969473229022697, 3788133.831745397765189 ], [ 760272.650345169007778, 3788134.044767333194613 ], [ 760272.9067309651291, 3788124.800463599618524 ], [ 760295.949370758025907, 3788125.439566475339234 ], [ 760296.205778751987964, 3788116.19526209961623 ], [ 760288.524891033768654, 3788115.982221752405167 ], [ 760288.781290893442929, 3788106.737917719874531 ], [ 760273.419500903459266, 3788106.311856420245022 ], [ 760273.675885045551695, 3788097.067552971187979 ], [ 760265.994982773321681, 3788096.854532017372549 ], [ 760265.738606214290485, 3788106.098835219629109 ], [ 760250.376817448297516, 3788105.672811724245548 ], [ 760250.889539683237672, 3788087.184206396341324 ], [ 760258.570449130609632, 3788087.39721450349316 ], [ 760259.595917317084968, 3788050.420004009269178 ], [ 760251.914977538050152, 3788050.206996884662658 ], [ 760252.171335623599589, 3788040.962694743648171 ], [ 760244.49038846604526, 3788040.74969416577369 ], [ 760245.003087817458436, 3788022.26109066279605 ], [ 760291.088864819845185, 3788023.539185697212815 ], [ 760290.832469922257587, 3788032.783488873858005 ], [ 760313.875338429585099, 3788033.42262218426913 ], [ 760313.618920231936499, 3788042.666926193516701 ], [ 760321.299869226524606, 3788042.879983477294445 ], [ 760321.043442894471809, 3788052.124287827406079 ], [ 760328.724384509492666, 3788052.337351657450199 ], [ 760328.467950043035671, 3788061.581656348425895 ], [ 760336.148884279769845, 3788061.79472672380507 ], [ 760335.635998526588082, 3788080.28333688294515 ], [ 760350.997837279224768, 3788080.709497519303113 ], [ 760350.741378409438767, 3788089.953803231939673 ], [ 760358.422290509450249, 3788090.166893247980624 ], [ 760358.165823505143635, 3788099.411199301481247 ], [ 760365.846728225704283, 3788099.624295862391591 ], [ 760365.59025308676064, 3788108.868602257687598 ], [ 760373.271150428801775, 3788109.081705364398658 ], [ 760372.758183330413885, 3788127.570318931248039 ], [ 760403.481714074150659, 3788128.422796331811696 ], [ 760403.225199365289882, 3788137.667104240506887 ], [ 760418.586950796074234, 3788138.093381235841662 ], [ 760418.843480671290308, 3788128.84907283494249 ], [ 760426.52436427550856, 3788129.062220538035035 ], [ 760426.267826817114837, 3788138.306529183872044 ], [ 760433.948703042929992, 3788138.519683432765305 ], [ 760434.205248084501363, 3788129.275374541524798 ], [ 760441.886132096289657, 3788129.488534845411777 ], [ 760441.373026295565069, 3788147.977153216954321 ], [ 760449.053895346587524, 3788148.190320313442498 ], [ 760448.797334035509266, 3788157.43462988641113 ], [ 760471.839919663150795, 3788158.074169716797769 ], [ 760471.583335051080212, 3788167.318480122368783 ], [ 760479.264189751818776, 3788167.531672913115472 ], [ 760479.520781947299838, 3788158.28736226214096 ], [ 760487.201644435874186, 3788158.500561106950045 ], [ 760487.458243662724271, 3788149.256250304635614 ], [ 760495.139113938785158, 3788149.469455203972757 ], [ 760494.625899766921066, 3788167.958077396266162 ], [ 760486.945044657215476, 3788167.744872003793716 ], [ 760486.688444326864555, 3788176.989182996563613 ], [ 760479.007597004645504, 3788176.77598366048187 ], [ 760478.494409854989499, 3788195.264605440199375 ], [ 760440.090252139605582, 3788194.198700808919966 ], [ 760439.833695653593168, 3788203.443010613322258 ], [ 760424.472049163654447, 3788203.016692373901606 ], [ 760424.215507292421535, 3788212.261001782957464 ], [ 760416.534691936802119, 3788212.047851868439466 ], [ 760416.278157097287476, 3788221.292161125224084 ], [ 760423.958964869379997, 3788221.505311284679919 ], [ 760423.189334291033447, 3788249.238240365870297 ], [ 760453.912476422730833, 3788250.090906960424036 ], [ 760454.169050833792426, 3788240.846596188377589 ], [ 760461.849844460142776, 3788241.059778342489153 ], [ 760461.593262465670705, 3788250.304089361336082 ], [ 760476.954835164709948, 3788250.730473063886166 ], [ 760477.211432325770147, 3788241.48616155423224 ], [ 760492.573021008865908, 3788241.912569969426841 ], [ 760492.829632784705609, 3788232.668258063029498 ], [ 760515.872040089918301, 3788233.307917204219848 ], [ 760516.385307486285456, 3788214.819292207248509 ], [ 760524.066125496057793, 3788215.032524030189961 ], [ 760524.322765949647874, 3788205.788211426697671 ], [ 760539.684417748358101, 3788206.214693484362215 ], [ 760539.941072816727683, 3788196.970380485989153 ], [ 760547.621906606247649, 3788197.183630719780922 ], [ 760547.878568706102669, 3788187.939317570067942 ], [ 760555.559410282876343, 3788188.15257385885343 ], [ 760555.816079413983971, 3788178.908260558266193 ], [ 760571.177778346580453, 3788179.334791546687484 ], [ 760571.947827928001061, 3788151.601850742474198 ], [ 760564.266955609666184, 3788151.388582836836576 ], [ 760565.806994371348992, 3788095.922705273143947 ], [ 760558.126076759072021, 3788095.709445141721517 ], [ 760558.382740371278487, 3788086.465132794808596 ], [ 760543.020890592364594, 3788086.038631925359368 ], [ 760543.277538486523554, 3788076.794320163317025 ], [ 760566.320336209842935, 3788077.434080179780722 ], [ 760566.577006301376969, 3788068.189767775125802 ], [ 760589.619828612310812, 3788068.829583761282265 ], [ 760589.876520900754258, 3788059.585270715411752 ], [ 760597.557469662977383, 3788059.798555065877736 ], [ 760597.814168982557021, 3788050.554241868201643 ], [ 760613.176082285237499, 3788050.980828979052603 ], [ 760612.919367799535394, 3788060.225142668001354 ], [ 760620.600317173986696, 3788060.438445920590311 ], [ 760620.343594553298317, 3788069.682759949471802 ], [ 760628.024536549579352, 3788069.896069747395813 ], [ 760626.997610214166343, 3788106.873327802866697 ], [ 760634.678522082511336, 3788107.086644885130227 ], [ 760634.421781535260379, 3788116.330959882121533 ], [ 760626.740877250093035, 3788116.117642553988844 ], [ 760626.484143734094687, 3788125.361957399640232 ], [ 760634.165040436200798, 3788125.575274974573404 ], [ 760633.65155658160802, 3788144.063905444927514 ], [ 760656.694202413316816, 3788144.703897448722273 ], [ 760656.437436908483505, 3788153.948213564231992 ], [ 760664.118311677593738, 3788154.161557078827173 ], [ 760664.375084765721112, 3788144.917240717448294 ], [ 760672.055967323016375, 3788145.130590287502855 ], [ 760672.569527009269223, 3788126.641957357991487 ], [ 760680.250424936646596, 3788126.855312737170607 ], [ 760680.763997580623254, 3788108.366679697297513 ], [ 760696.125824382063001, 3788108.793408371973783 ], [ 760696.639425149769522, 3788090.304774729069322 ], [ 760704.320354022784159, 3788090.518148025963455 ], [ 760705.090773782110773, 3788062.785197535529733 ], [ 760697.409822159912437, 3788062.571824977174401 ], [ 760698.180214200168848, 3788034.838876080233604 ], [ 760690.499240032630041, 3788034.625510559417307 ], [ 760691.269604354165494, 3788006.892563258297741 ], [ 760706.631598390755244, 3788007.319299123715609 ], [ 760706.888400559546426, 3787998.074983056169003 ], [ 760722.250410579377785, 3787998.501743631437421 ], [ 760722.507227361784317, 3787989.257427165750414 ], [ 760730.188240261515602, 3787989.470816659741104 ], [ 760730.701887335279025, 3787970.982183520682156 ], [ 760746.063944078749046, 3787971.408980424981564 ], [ 760747.091292261844501, 3787934.431713321246207 ], [ 760754.772351272171363, 3787934.645120239350945 ], [ 760755.286037215264514, 3787916.156486767809838 ], [ 760762.967111595207825, 3787916.369899494107813 ], [ 760763.223961321287788, 3787907.125582654029131 ], [ 760778.586125860922039, 3787907.552426517009735 ], [ 760778.842990200268105, 3787898.30810928158462 ], [ 760786.524080358911306, 3787898.521540417801589 ], [ 760786.780951728578657, 3787889.277223029639572 ], [ 760794.462049675174057, 3787889.490660220384598 ], [ 760794.718928075046279, 3787880.246342682745308 ], [ 760802.40003380831331, 3787880.459785927087069 ], [ 760802.143147825612687, 3787889.70410371106118 ], [ 760809.824246181175113, 3787889.917553503066301 ], [ 760809.053562170127407, 3787917.650508166756481 ], [ 760816.734637981746346, 3787917.86396499723196 ], [ 760816.477734623709694, 3787927.108283654786646 ], [ 760801.115598370553926, 3787926.681375802494586 ], [ 760800.858709625783376, 3787935.925694062374532 ], [ 760785.496589356684126, 3787935.49881091946736 ], [ 760785.239715225296095, 3787944.743128782138228 ], [ 760777.558662980562076, 3787944.529696415644139 ], [ 760777.044928226037882, 3787963.018331935629249 ], [ 760769.363891350920312, 3787962.804905377328396 ], [ 760769.10703072801698, 3787972.049223034642637 ], [ 760776.788060020306148, 3787972.262649838346988 ], [ 760776.531191262067296, 3787981.506967835593969 ], [ 760761.169148048036732, 3787981.08012003544718 ], [ 760760.655439206399024, 3787999.568755332380533 ], [ 760752.974433072260581, 3787999.355340391397476 ], [ 760752.203888416290283, 3788027.088293310720474 ], [ 760759.884871801361442, 3788027.30170898931101 ], [ 760758.857440861873329, 3788064.278981865849346 ], [ 760766.538394119823352, 3788064.492404830176383 ], [ 760766.024660170078278, 3788082.98104233155027 ], [ 760773.705598466331139, 3788083.194472088478506 ], [ 760772.934970649657771, 3788110.927429791539907 ], [ 760765.25405510282144, 3788110.71399929607287 ], [ 760764.997185642365366, 3788119.958318475168198 ], [ 760795.720818722620606, 3788120.81207924336195 ], [ 760795.977718515670858, 3788111.567759080789983 ], [ 760834.382302382495254, 3788112.63510057516396 ], [ 760834.12536467355676, 3788121.879421968944371 ], [ 760841.806274476111867, 3788122.092909415252507 ], [ 760842.063219768228009, 3788112.848587776534259 ], [ 760857.42505515483208, 3788113.27558108093217 ], [ 760857.682015060679987, 3788104.031259044539183 ], [ 760865.362940644146875, 3788104.244764901697636 ], [ 760866.390805074595846, 3788067.267476723063737 ], [ 760858.709849158767611, 3788067.053971850778908 ], [ 760859.223762892419472, 3788048.565328824799508 ], [ 760851.542792015476152, 3788048.351830744184554 ], [ 760852.313635722966865, 3788020.618867656216025 ], [ 760859.994629349093884, 3788020.832364998292178 ], [ 760861.536347343586385, 3787965.36643991433084 ], [ 760853.855308219790459, 3787965.15294404886663 ], [ 760854.112251702114008, 3787955.908623781055212 ], [ 760846.431205199216492, 3787955.695134463720024 ], [ 760846.688140546204522, 3787946.450814535841346 ], [ 760839.007086666184478, 3787946.237331765238196 ], [ 760839.264013877720572, 3787936.993012178689241 ], [ 760823.901891563204117, 3787936.566066029947251 ], [ 760824.672624385682866, 3787908.833109319675714 ], [ 760840.034792197169736, 3787909.260053990408778 ], [ 760840.805565544054843, 3787881.52709666127339 ], [ 760848.486672503640875, 3787881.7405777098611 ], [ 760849.257463626330718, 3787854.007620496209711 ], [ 760856.938593539875001, 3787854.221107106655836 ], [ 760857.452466691145673, 3787835.732468948699534 ], [ 760865.133611973840743, 3787835.945961367804557 ], [ 760864.876668091863394, 3787845.190280643757433 ], [ 760872.557805997086689, 3787845.40377960819751 ], [ 760871.786948287626728, 3787873.136738752946258 ], [ 760879.468063649255782, 3787873.350244757253677 ], [ 760878.954140581190586, 3787891.838885152712464 ], [ 760894.31634158664383, 3787892.265917047392577 ], [ 760894.573318562470376, 3787883.021596309263259 ], [ 760917.616644353256561, 3787883.662190666887909 ], [ 760917.359644629061222, 3787892.906512143090367 ], [ 760932.721847680048086, 3787893.333607042208314 ], [ 760932.464832237455994, 3787902.577929108403623 ], [ 760940.145926486118697, 3787902.791486254427582 ], [ 760939.8889029083075, 3787912.035808659624308 ], [ 760970.613251621602103, 3787912.890101237688214 ], [ 760970.356197159620933, 3787922.134424724150449 ], [ 760985.718357578036375, 3787922.561609308701009 ], [ 760986.746632771799341, 3787885.584313966799527 ], [ 760994.427743619657122, 3787885.797914725262672 ], [ 760995.19896695879288, 3787858.064943477511406 ], [ 760979.836699972045608, 3787857.637749738991261 ], [ 760979.579641243908554, 3787866.882072900421917 ], [ 760964.217390240635723, 3787866.454903872217983 ], [ 760964.731476813089103, 3787847.966258628759533 ], [ 760934.006916601676494, 3787847.111998147796839 ], [ 760934.263928727945313, 3787837.867676655296236 ], [ 760911.220487968763337, 3787837.227048188447952 ], [ 760911.734465067158453, 3787818.738406961783767 ], [ 760919.415626947768033, 3787818.95194299146533 ], [ 760919.929617000743747, 3787800.46330165443942 ], [ 760935.291971705853939, 3787800.890391630120575 ], [ 760935.548981068539433, 3787791.646070611197501 ], [ 760927.867796030826867, 3787791.432522719725966 ], [ 760928.124797258293256, 3787782.188202042132616 ], [ 760897.400028823874891, 3787781.33407446462661 ], [ 760897.143057926907204, 3787790.578394157811999 ], [ 760874.099506496684626, 3787789.937863890081644 ], [ 760873.842557794880122, 3787799.182182940188795 ], [ 760858.480206363019533, 3787798.755193771794438 ], [ 760858.737139899516478, 3787789.510875215288252 ], [ 760843.374774121097289, 3787789.083911741152406 ], [ 760843.888609206420369, 3787770.59527589706704 ], [ 760836.207411458366551, 3787770.381804103497416 ], [ 760836.464320589555427, 3787761.137486572377384 ], [ 760828.783115463564172, 3787760.924021324142814 ], [ 760829.040016459883191, 3787751.67970413248986 ], [ 760813.677591656567529, 3787751.252793031278998 ], [ 760813.420705825323239, 3787760.497109731193632 ], [ 760798.058297005132772, 3787760.070223338901997 ], [ 760797.801425786688924, 3787769.314539640210569 ], [ 760782.439032949623652, 3787768.887677956372499 ], [ 760782.182176343630999, 3787778.1319938628003 ], [ 760774.500987814040855, 3787777.918572225607932 ], [ 760774.244138238369487, 3787787.162887979764491 ], [ 760766.562957495800219, 3787786.949472396168858 ], [ 760766.049271852476522, 3787805.438103698659688 ], [ 760758.368106480222195, 3787805.224693924188614 ], [ 760758.624941995483823, 3787795.980378471780568 ], [ 760750.943769244477153, 3787795.766975244041532 ], [ 760750.430112826754339, 3787814.255605750717223 ], [ 760735.06779826967977, 3787813.828817212488502 ], [ 760735.324611589545384, 3787804.584502403624356 ], [ 760712.281118538230658, 3787803.944367588032037 ], [ 760712.794698025565594, 3787785.455739732366055 ], [ 760720.475877336924896, 3787785.669111211318523 ], [ 760720.732673834776506, 3787776.424797179643065 ], [ 760736.09504823514726, 3787776.851558547932655 ], [ 760736.351859345799312, 3787767.607244119048119 ], [ 760767.076640929793939, 3787768.460841476451606 ], [ 760767.333481818204746, 3787759.216526159550995 ], [ 760775.014685308444314, 3787759.429941003676504 ], [ 760775.27153322705999, 3787750.185625534504652 ], [ 760782.952744504320435, 3787750.39904643362388 ], [ 760783.209599453024566, 3787741.154730814974755 ], [ 760798.572037785197608, 3787741.58159102126956 ], [ 760799.085776355583221, 3787723.09295908221975 ], [ 760791.404541922034696, 3787722.879526321776211 ], [ 760791.661402796162292, 3787713.635210741311312 ], [ 760760.936436778050847, 3787712.781543686054647 ], [ 760761.193266769987531, 3787703.537229184992611 ], [ 760730.46827369381208, 3787702.683663919568062 ], [ 760731.238669366925023, 3787674.9507239414379 ], [ 760738.919940076768398, 3787675.164105068426579 ], [ 760739.176745112286881, 3787665.91979168727994 ], [ 760746.858023608918302, 3787666.133178868796676 ], [ 760747.114835674525239, 3787656.888865334913135 ], [ 760754.796121956780553, 3787657.102258572354913 ], [ 760755.052941052475944, 3787647.857944888062775 ], [ 760747.371647187857889, 3787647.644551897421479 ], [ 760747.628458148683421, 3787638.400238556787372 ], [ 760739.947156905080192, 3787638.186852113343775 ], [ 760739.690353526500985, 3787647.431165208574384 ], [ 760724.327766817761585, 3787647.00441072974354 ], [ 760724.584555031731725, 3787637.760098126251251 ], [ 760678.496754318242893, 3787636.479987374972552 ], [ 760677.983268325682729, 3787654.968609724193811 ], [ 760662.620700052590109, 3787654.541955559048802 ], [ 760662.363971392856911, 3787663.78626638604328 ], [ 760623.957592199440114, 3787662.719739996828139 ], [ 760624.214282947708853, 3787653.475430400110781 ], [ 760608.851717536221258, 3787653.048864438664168 ], [ 760608.081689129467122, 3787680.781792037654668 ], [ 760600.400429476983845, 3787680.568517771083862 ], [ 760599.887089610565454, 3787699.057136153802276 ], [ 760584.524601248675026, 3787698.630605534650385 ], [ 760584.267945652245544, 3787707.874914376530796 ], [ 760576.586709359893575, 3787707.661658270750195 ], [ 760576.330060794018209, 3787716.905966963153332 ], [ 760568.648832289036363, 3787716.692716912832111 ], [ 760568.392190753482282, 3787725.937025454360992 ], [ 760553.029749520355836, 3787725.510543762240559 ], [ 760552.773122597718611, 3787734.754851907957345 ], [ 760529.729485029238276, 3787734.115175884217024 ], [ 760529.986089204438031, 3787724.870868477970362 ], [ 760499.261211641714908, 3787724.018056301865727 ], [ 760499.517784935655072, 3787714.773749973159283 ], [ 760484.155332215246744, 3787714.347382178995758 ], [ 760484.41188979241997, 3787705.103076437488198 ], [ 760492.093123632483184, 3787705.316256938036531 ], [ 760492.349688240326941, 3787696.071951047051698 ], [ 760476.987205599201843, 3787695.645596836693585 ], [ 760477.500302830245346, 3787677.15698632132262 ], [ 760485.181559213669971, 3787677.370159784797579 ], [ 760484.925003291573375, 3787686.614465238992125 ], [ 760500.287501506274566, 3787687.040831558872014 ], [ 760500.80064312776085, 3787668.55221975967288 ], [ 760508.481907706242055, 3787668.76541187800467 ], [ 760508.738485271693207, 3787659.521105875726789 ], [ 760531.782302979612723, 3787660.160719294566661 ], [ 760532.038902740110643, 3787650.916412647813559 ], [ 760578.126589165069163, 3787652.195808119140565 ], [ 760578.383233867469244, 3787642.951500094030052 ], [ 760601.427102586021647, 3787643.591282144654542 ], [ 760601.683769483235665, 3787634.346973477862775 ], [ 760594.002472123480402, 3787634.133706739638001 ], [ 760594.259130886639468, 3787624.889398413244635 ], [ 760601.940435828524642, 3787625.102664905134588 ], [ 760602.197101621772163, 3787615.858356426935643 ], [ 760594.515789097640663, 3787615.645090180449188 ], [ 760594.772446756716818, 3787606.400782044045627 ], [ 760587.091126855229959, 3787606.18752234429121 ], [ 760586.834476778400131, 3787615.431830235291272 ], [ 760563.790541045600548, 3787614.79208819847554 ], [ 760564.047168375691399, 3787605.547781045548618 ], [ 760556.365849290974438, 3787605.33454654738307 ], [ 760556.622468487126753, 3787596.090239733923227 ], [ 760548.941142025636509, 3787595.877011781092733 ], [ 760549.197753087501042, 3787586.632705310359597 ], [ 760541.516419247142039, 3787586.419483904726803 ], [ 760541.259815767407417, 3787595.663790128659457 ], [ 760533.578489714069292, 3787595.450574776157737 ], [ 760533.065296263550408, 3787613.939187020994723 ], [ 760479.296125758904964, 3787612.446852518245578 ], [ 760478.526490671327338, 3787640.179766432847828 ], [ 760463.163917859317735, 3787639.7534403745085 ], [ 760462.394323299871758, 3787667.486353672109544 ], [ 760454.713059946894646, 3787667.273199355695397 ], [ 760454.969584435923025, 3787658.028895074035972 ], [ 760431.925772857153788, 3787657.38947066385299 ], [ 760432.18227404798381, 3787648.145167213398963 ], [ 760424.50099634740036, 3787647.932038589380682 ], [ 760424.244502738816664, 3787657.176341793965548 ], [ 760416.563232824672014, 3787656.963219224475324 ], [ 760416.306746246991679, 3787666.20752227678895 ], [ 760385.581698962720111, 3787665.355094019323587 ], [ 760385.838155211415142, 3787656.110791949555278 ], [ 760370.475617629941553, 3787655.684616114478558 ], [ 760370.219176545855589, 3787664.928917691577226 ], [ 760339.494134162086993, 3787664.076640639919788 ], [ 760339.237722855643369, 3787673.320941330865026 ], [ 760331.556470352690667, 3787673.107887573540211 ], [ 760331.30006607726682, 3787682.35218811314553 ], [ 760269.850114057771862, 3787680.647982893511653 ], [ 760269.593769889324903, 3787689.89228156581521 ], [ 760231.187594422604889, 3787688.827356832567602 ], [ 760231.443900679703802, 3787679.583059389609843 ], [ 760208.40017510112375, 3787678.944180890452117 ], [ 760209.681584383593872, 3787632.722698791418225 ], [ 760225.044143720995635, 3787633.148609034717083 ], [ 760225.556733904406428, 3787614.66001587966457 ], [ 760233.238029043888673, 3787614.872979960869998 ], [ 760233.494330890942365, 3787605.628683280665427 ], [ 760256.538240278954618, 3787606.26761258719489 ], [ 760256.281915685278364, 3787615.511910004075617 ], [ 760263.963211640482768, 3787615.724899285938591 ], [ 760264.475875440868549, 3787597.236304054968059 ], [ 760279.838498292723671, 3787597.66230053640902 ], [ 760279.582151503884234, 3787606.906598595436662 ], [ 760294.944760008482262, 3787607.332620768342167 ], [ 760295.457483363687061, 3787588.844023763667792 ], [ 760303.138803085894324, 3787589.05704380851239 ], [ 760303.39517151855398, 3787579.812745203729719 ], [ 760311.07649902778212, 3787580.025771304499358 ], [ 760311.332874491112307, 3787570.78147254884243 ], [ 760319.014209785847925, 3787570.994504703208804 ], [ 760319.270592280081473, 3787561.750205797143281 ], [ 760019.698371289181523, 3787553.446629761252552 ], [ 760019.442284495919012, 3787562.690919090993702 ], [ 760027.123612037394196, 3787562.903711840044707 ], [ 760026.611421634443104, 3787581.392291275784373 ], [ 760034.292734216200188, 3787581.605090815573931 ], [ 760034.036630606511608, 3787590.849380922503769 ], [ 760049.399241216364317, 3787591.274999392684549 ], [ 760049.143121891655028, 3787600.51929008634761 ], [ 760056.824419921031222, 3787600.732109017670155 ], [ 760056.568292463314719, 3787609.976400049868971 ], [ 760064.24958311393857, 3787610.189225526992232 ], [ 760063.99344752333127, 3787619.433516901917756 ], [ 760071.674730796134099, 3787619.646348923444748 ], [ 760071.418587072519585, 3787628.890640638303012 ], [ 760079.099862966686487, 3787629.103479206096381 ], [ 760078.843711109948345, 3787638.347771260421723 ], [ 760086.524979626410641, 3787638.560616374481469 ], [ 760086.268819636432454, 3787647.804908771067858 ], [ 760132.356389524647966, 3787649.082113230600953 ], [ 760131.843976905453019, 3787667.570701254997402 ], [ 760139.525224102544598, 3787667.78359120618552 ], [ 760138.756578294327483, 3787695.516474694013596 ], [ 760131.075353843974881, 3787695.303584006614983 ], [ 760130.81914505478926, 3787704.5478784465231 ], [ 760115.456711930339225, 3787704.122115480247885 ], [ 760114.944323028204963, 3787722.610703667625785 ], [ 760107.263121936353855, 3787722.397831142880023 ], [ 760106.750745995319448, 3787740.886419219896197 ], [ 760083.707189437933266, 3787740.247837977483869 ], [ 760083.451023388188332, 3787749.49213142041117 ], [ 760060.407491413410753, 3787748.853606143500656 ], [ 760060.15134755987674, 3787758.097898948006332 ], [ 760044.789009094703943, 3787757.672246441245079 ], [ 760044.532879855018109, 3787766.916538849007338 ], [ 760036.851718510501087, 3787766.703721801284701 ], [ 760036.595596302533522, 3787775.948014059104025 ], [ 760021.233289390918799, 3787775.522398372646421 ], [ 760020.977181796915829, 3787784.766690235584974 ], [ 760013.296036229468882, 3787784.553891597315669 ], [ 760012.527732890564948, 3787812.28676702035591 ], [ 759997.165487860678695, 3787811.8611871721223 ], [ 759996.653313211048953, 3787830.349770282395184 ], [ 759988.972206167527474, 3787830.1369893187657 ], [ 759988.460044479928911, 3787848.625572320539504 ], [ 759957.73567900294438, 3787847.774509504903108 ], [ 759957.479627663269639, 3787857.01880016643554 ], [ 759949.798544386518188, 3787856.806049968115985 ], [ 759949.542500078910962, 3787866.050340479239821 ], [ 759926.499274218687788, 3787865.412126950453967 ], [ 759926.24325210810639, 3787874.656416823621839 ], [ 759903.200050829094835, 3787874.018259261269122 ], [ 759903.456050192005932, 3787864.773970124311745 ], [ 759888.093901859945618, 3787864.348563742823899 ], [ 759888.349885507137515, 3787855.104275193996727 ], [ 759880.668804064043798, 3787854.891581698786467 ], [ 759880.156851384206675, 3787873.380158403422683 ], [ 759864.794719439931214, 3787872.954789333976805 ], [ 759864.538757439469919, 3787882.199077336583287 ], [ 759849.176641475409269, 3787881.773732977453619 ], [ 759848.920694089727476, 3787891.018020589370281 ], [ 759841.239643995533697, 3787890.805357614066452 ], [ 759840.983703642035834, 3787900.049645074177533 ], [ 759848.664746153634042, 3787900.262308294884861 ], [ 759848.408797667128965, 3787909.506596094928682 ], [ 759833.046728014131077, 3787909.081275466363877 ], [ 759832.790794142521918, 3787918.325562871526927 ], [ 759817.428740468458273, 3787917.900266952812672 ], [ 759818.196494936477393, 3787890.167406493332237 ], [ 759825.877544419607148, 3787890.38005056604743 ], [ 759826.13346905738581, 3787881.135763691272587 ], [ 759818.452411991776899, 3787880.923119863495231 ], [ 759818.708328496781178, 3787871.678833330050111 ], [ 759803.346199812251143, 3787871.253565065097064 ], [ 759803.602100601769052, 3787862.009279115591198 ], [ 759788.239957566955127, 3787861.584036542102695 ], [ 759788.495842640986666, 3787852.339751181192696 ], [ 759796.176921639591455, 3787852.552369073033333 ], [ 759797.712266023503616, 3787797.086657428182662 ], [ 759813.074515620595776, 3787797.511909169144928 ], [ 759813.58632300933823, 3787779.023338403552771 ], [ 759821.267463278025389, 3787779.235973234288394 ], [ 759822.29110178083647, 3787742.258831865154207 ], [ 759860.69695782859344, 3787743.322095619048923 ], [ 759860.44101111672353, 3787752.566382044926286 ], [ 759868.122175355441868, 3787752.779053941369057 ], [ 759867.866220510797575, 3787762.023340708110482 ], [ 759875.547377370996401, 3787762.236019149888307 ], [ 759875.291414393577725, 3787771.480306256562471 ], [ 759898.334863448515534, 3787772.118380121421069 ], [ 759898.078877173364162, 3787781.362668058369309 ], [ 759913.441162398317829, 3787781.788082627113909 ], [ 759913.697163838194683, 3787772.543794198893011 ], [ 759921.378314338158816, 3787772.756510687060654 ], [ 759921.634322810103185, 3787763.512222109362483 ], [ 759944.677798280725256, 3787764.150408642366529 ], [ 759945.18985906697344, 3787745.661830300465226 ], [ 759952.871033129980788, 3787745.874571254942566 ], [ 759953.383106878609397, 3787727.385992805007845 ], [ 759968.74548594490625, 3787727.811492633540183 ], [ 759969.001537157804705, 3787718.56720306025818 ], [ 759984.363932204199955, 3787718.992727599106729 ], [ 759984.876063307397999, 3787700.50414775731042 ], [ 759977.194850517902523, 3787700.291382827796042 ], [ 759977.963020295836031, 3787672.558514515869319 ], [ 759970.28178496286273, 3787672.345756623893976 ], [ 759970.793880230165087, 3787653.857178716454655 ], [ 759963.112629936775193, 3787653.644427614286542 ], [ 759963.368669162271544, 3787644.400139050092548 ], [ 759955.687411491060629, 3787644.187394494190812 ], [ 759955.943442583666183, 3787634.943106268532574 ], [ 759932.899648046004586, 3787634.304911137092859 ], [ 759933.411663086502813, 3787615.816336448304355 ], [ 759925.730383483693004, 3787615.603617828805 ], [ 759926.498379168799147, 3787587.870757243130356 ], [ 759903.454473344958387, 3787587.232641393318772 ], [ 759903.710448059253395, 3787577.988355457782745 ], [ 759896.029138943995349, 3787577.775663019623607 ], [ 759896.797037037904374, 3787550.042806522455066 ], [ 759758.53309837449342, 3787546.2154332078062 ], [ 759758.021439814707264, 3787564.703995282761753 ], [ 759750.340126988245174, 3787564.491422791499645 ], [ 759750.08430446498096, 3787573.73570372723043 ], [ 759742.402999425539747, 3787573.523137292359024 ], [ 759742.147183934110217, 3787582.767418078612536 ], [ 759734.465886679245159, 3787582.554857697803527 ], [ 759733.954269209760241, 3787601.043419064488262 ], [ 759718.591705639730208, 3787600.618316224310547 ], [ 759718.335911244037561, 3787609.862596561200917 ], [ 759710.654637346277013, 3787609.650054344907403 ], [ 759710.398849982535467, 3787618.894334531389177 ], [ 759702.717583871097304, 3787618.681798370089382 ], [ 759702.461803539423272, 3787627.926078406628221 ], [ 759687.099287090590224, 3787627.50102449581027 ], [ 759686.587755105225369, 3787645.989583875518292 ], [ 759663.544027453404851, 3787645.352048789151013 ], [ 759663.799770974670537, 3787636.107769788242877 ], [ 759640.756022409070283, 3787635.470292139332741 ], [ 759640.500301634077914, 3787644.714570405427366 ], [ 759609.775336724589579, 3787643.864687427412719 ], [ 759609.519645728170872, 3787653.108964810147882 ], [ 759601.838412592420354, 3787652.896509570069611 ], [ 759601.327044114237651, 3787671.385064132511616 ], [ 759585.964608780690469, 3787670.960171575192362 ], [ 759585.708938881172799, 3787680.204448508098722 ], [ 759578.027729102410376, 3787679.99201143393293 ], [ 759577.772066235309467, 3787689.236288218759 ], [ 759570.090864241705276, 3787689.023857200052589 ], [ 759569.835208406904712, 3787698.268133834935725 ], [ 759554.472820195602253, 3787697.84329020883888 ], [ 759554.217178975348361, 3787707.087566448375583 ], [ 759546.5359927569516, 3787706.875153840519488 ], [ 759546.280358569114469, 3787716.119429931044579 ], [ 759538.599180137505755, 3787715.907023378182203 ], [ 759538.087925277184695, 3787734.395575354341418 ], [ 759522.725599352037534, 3787733.970780170056969 ], [ 759522.214372621849179, 3787752.459331550169736 ], [ 759514.533225128659979, 3787752.246942919213325 ], [ 759514.277618521242402, 3787761.491218506358564 ], [ 759521.958758432185277, 3787761.703607384115458 ], [ 759521.447528403718024, 3787780.192159334663302 ], [ 759483.041906708385795, 3787779.130275504197925 ], [ 759482.786328781396151, 3787788.374550399836153 ], [ 759459.74298095353879, 3787787.737494970206171 ], [ 759459.48742522392422, 3787796.981769224628806 ], [ 759451.806317270151339, 3787796.769429770298302 ], [ 759451.550768573419191, 3787806.013703875709325 ], [ 759436.188568442128599, 3787805.589043377432972 ], [ 759435.933034360525198, 3787814.833317089825869 ], [ 759420.570850207121111, 3787814.408681303728372 ], [ 759420.31533074087929, 3787823.652954620774835 ], [ 759397.27207878313493, 3787823.016047457698733 ], [ 759397.016581514617428, 3787832.260320137254894 ], [ 759389.335505517665297, 3787832.048030105885118 ], [ 759389.080015282146633, 3787841.292302634101361 ], [ 759381.398947071633302, 3787841.080018657725304 ], [ 759381.143463869113475, 3787850.324291036464274 ], [ 759365.781343221897259, 3787849.899741495493799 ], [ 759365.270405498333275, 3787868.388285563327372 ], [ 759349.908315994893201, 3787867.963760244194418 ], [ 759350.163769966573454, 3787858.719488652423024 ], [ 759334.801666112150997, 3787858.29498902335763 ], [ 759334.546227305661887, 3787867.539260124322027 ], [ 759319.184139428893104, 3787867.11478520790115 ], [ 759319.439563070656732, 3787857.870514595415443 ], [ 759304.077460841857828, 3787857.446065367199481 ], [ 759303.822052365052514, 3787866.690335490275174 ], [ 759288.459966114955023, 3787866.26591097516939 ], [ 759288.204572253744118, 3787875.510180705692619 ], [ 759272.842501981765963, 3787875.085780902765691 ], [ 759272.331742941983975, 3787893.574319669511169 ], [ 759264.650723275495693, 3787893.362128728069365 ], [ 759264.395350514212623, 3787902.606398011092097 ], [ 759272.076362598221749, 3787902.818589197006077 ], [ 759271.565600263187662, 3787921.307128538377583 ], [ 759233.160617703339085, 3787920.246233166195452 ], [ 759232.905273624812253, 3787929.490501757711172 ], [ 759225.224285304895602, 3787929.27834133990109 ], [ 759224.968948259949684, 3787938.522609780542552 ], [ 759209.606987395440228, 3787938.098307355772704 ], [ 759209.351664966437966, 3787947.342575405258685 ], [ 759201.670692421263084, 3787947.130433398298919 ], [ 759201.160061081405729, 3787965.618969290517271 ], [ 759193.47910390526522, 3787965.406833095476031 ], [ 759193.223794994410127, 3787974.651100940536708 ], [ 759162.499998650630005, 3787973.802618184592575 ], [ 759162.244719521258958, 3787983.046885147690773 ], [ 759139.201897145365365, 3787982.410588499624282 ], [ 759138.946640215115622, 3787991.654854824300855 ], [ 759115.903842415544204, 3787991.018614146392792 ], [ 759115.64860768429935, 3788000.262879833113402 ], [ 759100.286758665461093, 3787999.838750394061208 ], [ 759100.031538550741971, 3788009.083015685901046 ], [ 759084.669705509091727, 3788008.658910959493369 ], [ 759084.159293963923119, 3788027.14744085399434 ], [ 759076.478392913704738, 3788026.935397451743484 ], [ 759076.22319390065968, 3788036.179662298411131 ], [ 759053.180514715844765, 3788035.543569162487984 ], [ 759052.925337902153842, 3788044.787833371199667 ], [ 759045.244452829123475, 3788044.57581468205899 ], [ 759044.989283049479127, 3788053.820078741293401 ], [ 759037.308405763003975, 3788053.608066107612103 ], [ 759037.053243017406203, 3788062.852330018300563 ], [ 759021.691504218615592, 3788062.428323164116591 ], [ 759021.436356089776382, 3788071.672586681321263 ], [ 759013.755494577810168, 3788071.460592460352927 ], [ 759013.50035348336678, 3788080.704855827614665 ], [ 759028.862061544554308, 3788081.128851058892906 ], [ 759028.606904735788703, 3788090.373115011956543 ], [ 759036.287751488620415, 3788090.585122322198004 ], [ 759036.032586548360996, 3788099.829386615660042 ], [ 758997.628392729908228, 3788098.769411844667047 ], [ 758997.883519756025635, 3788089.52514877403155 ], [ 758990.202674018335529, 3788089.313172964379191 ], [ 758989.947554574930109, 3788098.557435791473836 ], [ 758974.585878874873742, 3788098.133502586279064 ], [ 758973.310349257430062, 3788144.354815709870309 ], [ 758965.629549625795335, 3788144.14285733550787 ], [ 758965.374449639581144, 3788153.387120003346354 ], [ 758950.01286615175195, 3788152.963221669197083 ], [ 758949.757780782761984, 3788162.207483942620456 ], [ 758934.39621327270288, 3788161.783610320650041 ], [ 758934.651283475803211, 3788152.539348535239697 ], [ 758926.970492442022078, 3788152.327421419788152 ], [ 758927.22555451374501, 3788143.083159974310547 ], [ 758919.544756100745872, 3788142.871239404194057 ], [ 758919.79981004097499, 3788133.626978297717869 ], [ 758866.034173749387264, 3788132.143712421879172 ], [ 758865.779172888956964, 3788141.38797181751579 ], [ 758858.098376099369489, 3788141.176101649645716 ], [ 758857.84338227356784, 3788150.420360897202045 ], [ 758850.162593269255012, 3788150.208496785722673 ], [ 758848.632664297823794, 3788205.674052810296416 ], [ 758863.994151513557881, 3788206.097790263593197 ], [ 758864.249156212201342, 3788196.85353019926697 ], [ 758871.929907707846723, 3788197.065408132039011 ], [ 758871.674895426258445, 3788206.309668442234397 ], [ 758879.355639541288838, 3788206.52155291987583 ], [ 758879.610659405821934, 3788197.277292366605252 ], [ 758894.972163411555812, 3788197.701079735066742 ], [ 758894.717128380900249, 3788206.945340778212994 ], [ 758902.39787310466636, 3788207.157244158443063 ], [ 758902.142829942749813, 3788216.401505537796766 ], [ 758894.462092802044936, 3788216.189601914491504 ], [ 758894.207056674873456, 3788225.433863147627562 ], [ 758901.887786232400686, 3788225.645767016336322 ], [ 758900.867605907376856, 3788262.622813879977912 ], [ 758893.186906681978144, 3788262.410909036174417 ], [ 758892.931867812643759, 3788271.655170745681971 ], [ 758900.612559454981238, 3788271.867075835354626 ], [ 758899.847416807780974, 3788299.599862273782492 ], [ 758907.52808590431232, 3788299.811774396337569 ], [ 758906.507857697666623, 3788336.788825295399874 ], [ 758914.188496663700789, 3788337.00074469530955 ], [ 758913.933430657722056, 3788346.245007902383804 ], [ 758906.252799274981953, 3788346.033088259398937 ], [ 758905.742680784314871, 3788364.521614473778754 ], [ 758898.06206477037631, 3788364.30970064131543 ], [ 758897.29690567124635, 3788392.042489945888519 ], [ 758889.616312610683963, 3788391.83058168226853 ], [ 758889.361266064224765, 3788401.074844732880592 ], [ 758881.680680789169855, 3788400.862942525185645 ], [ 758881.170601217774674, 3788419.351468420121819 ], [ 758873.490031312452629, 3788419.139572025742382 ], [ 758873.234998287516646, 3788428.383834871929139 ], [ 758911.637811925495043, 3788429.443381076678634 ], [ 758911.382740435306914, 3788438.687645239755511 ], [ 758919.063296187785454, 3788438.899573626928031 ], [ 758918.808216565754265, 3788448.143838129471987 ], [ 758926.488764938432723, 3788448.355773061513901 ], [ 758926.233677184442058, 3788457.600037903990597 ], [ 758933.914218176039867, 3788457.811979381367564 ], [ 758933.659122290322557, 3788467.056244564242661 ], [ 758964.381257953471504, 3788467.904074454680085 ], [ 758964.126131185446866, 3788477.148340711370111 ], [ 758971.806658024666831, 3788477.360314180143178 ], [ 758972.061792376218364, 3788468.116047678980976 ], [ 758979.742327002459206, 3788468.328027204144746 ], [ 758979.997468388988636, 3788459.083760556299239 ], [ 759018.400182480341755, 3788460.143751469440758 ], [ 759018.655361235491, 3788450.89948369609192 ], [ 759049.377566496375948, 3788451.747588861268014 ], [ 759049.887983028078452, 3788433.2590516442433 ], [ 759065.249117210856639, 3788433.683141054119915 ], [ 759065.504339820472524, 3788424.438872100319713 ], [ 759057.823765044216998, 3788424.226824489887804 ], [ 759058.078979521640576, 3788414.982555875554681 ], [ 759042.717815411975607, 3788414.558480044361204 ], [ 759042.462616101140156, 3788423.802748170215636 ], [ 758996.379174144240096, 3788422.530670427717268 ], [ 758996.634327954729088, 3788413.286403767764568 ], [ 758988.953747422550805, 3788413.074413107242435 ], [ 758989.208893100963905, 3788403.830146787688136 ], [ 758950.805955566465855, 3788402.770289215724915 ], [ 758951.061062779626809, 3788393.526024212595075 ], [ 758966.422252351068892, 3788393.949947850313038 ], [ 758966.932495465036482, 3788375.461417154874653 ], [ 758974.613105721655302, 3788375.673387937247753 ], [ 758974.868234039167874, 3788366.429122487548739 ], [ 759005.590707430033945, 3788367.277067642193288 ], [ 759005.845865532173775, 3788358.032801311463118 ], [ 759036.568372502923012, 3788358.880846299696714 ], [ 759036.823560389457271, 3788349.636579087004066 ], [ 759059.865465499809943, 3788350.272678251843899 ], [ 759059.610254863277078, 3788359.516946195624769 ], [ 759090.332767520099878, 3788360.365167599637061 ], [ 759090.077526001725346, 3788369.609436619095504 ], [ 759097.758147089858539, 3788369.821507965680212 ], [ 759096.737145195249468, 3788406.798585974145681 ], [ 759081.375963888363913, 3788406.374447625130415 ], [ 759080.35501388006378, 3788443.351525203790516 ], [ 759095.716134519665502, 3788443.775665507651865 ], [ 759095.460880478727631, 3788453.019935629796237 ], [ 759103.141433520009741, 3788453.232015477027744 ], [ 759102.886171346763149, 3788462.476285938173532 ], [ 759110.566717006964609, 3788462.688372330274433 ], [ 759110.056175847072154, 3788481.176914032548666 ], [ 759087.014584975899197, 3788480.5406722901389 ], [ 759086.759336323244497, 3788489.784942550584674 ], [ 759071.398291923804209, 3788489.360812405589968 ], [ 759071.143057889537886, 3788498.605082273483276 ], [ 759048.101515564369038, 3788497.968933576252311 ], [ 759047.591091350535862, 3788516.457472130190581 ], [ 759055.271590089076199, 3788516.669515884015709 ], [ 759055.016369575634599, 3788525.913785548415035 ], [ 759047.335878420621157, 3788525.701741550583392 ], [ 759047.080664942041039, 3788534.94601106736809 ], [ 759008.678250132128596, 3788533.885884367395192 ], [ 759008.42307402275037, 3788543.130152758676559 ], [ 758993.062124686664902, 3788542.706145695410669 ], [ 758992.806963195907883, 3788551.950413691811264 ], [ 758985.126496416167356, 3788551.738419367000461 ], [ 758984.616186956060119, 3788570.226955159567297 ], [ 758976.935735546052456, 3788570.014966646209359 ], [ 758976.680587576702237, 3788579.259234441444278 ], [ 758961.31970053340774, 3788578.835275829769671 ], [ 758960.299163840245456, 3788615.812346013262868 ], [ 758944.938338278094307, 3788615.388410650193691 ], [ 758944.683217901038006, 3788624.632677945308387 ], [ 758929.322408317239024, 3788624.208767298609018 ], [ 758929.067302559036762, 3788633.453034202568233 ], [ 758898.345716162933968, 3788632.605287539772689 ], [ 758898.60079158609733, 3788623.361021612305194 ], [ 758913.961599545553327, 3788623.784881853498518 ], [ 758914.726868027006276, 3788596.052083182148635 ], [ 758907.046441194601357, 3788595.8401506440714 ], [ 758907.301522007794119, 3788586.595884856302291 ], [ 758899.621087794657797, 3788586.383958862628788 ], [ 758899.876160475891083, 3788577.139693414326757 ], [ 758892.19571888144128, 3788576.927773965056986 ], [ 758892.450783430598676, 3788567.683508856222034 ], [ 758884.77033445588313, 3788567.471595952752978 ], [ 758885.535502062295564, 3788539.738801932428032 ], [ 758877.855030539096333, 3788539.52689606230706 ], [ 758878.110077727586031, 3788530.28263182239607 ], [ 758847.388163330382667, 3788529.43507232517004 ], [ 758846.878129073651507, 3788547.923598944675177 ], [ 758839.197666148422286, 3788547.711724332999438 ], [ 758838.687644865713082, 3788566.200250845402479 ], [ 758846.3680926237721, 3788566.412125945556909 ], [ 758845.858053980744444, 3788584.900653329212219 ], [ 758853.538486773846671, 3788585.112535217776895 ], [ 758853.028430770384148, 3788603.601063470821828 ], [ 758868.389266631100327, 3788604.024847126565874 ], [ 758867.624133011442609, 3788631.757641688920557 ], [ 758852.263342652935535, 3788631.333856569137424 ], [ 758852.008312183897942, 3788640.578121126163751 ], [ 758836.647537804325111, 3788640.15436072088778 ], [ 758835.117434481391683, 3788695.619947141036391 ], [ 758842.797776067280211, 3788695.831825657747686 ], [ 758842.542749343905598, 3788705.076090640388429 ], [ 758850.22308354836423, 3788705.287975702434778 ], [ 758849.713013289147057, 3788723.776506442110986 ], [ 758857.393332528998144, 3788723.988398293498904 ], [ 758857.138288993155584, 3788733.232664050534368 ], [ 758864.818600851343945, 3788733.444562445394695 ], [ 758864.308496966841631, 3788751.933094735722989 ], [ 758856.628200276405551, 3788751.721195850521326 ], [ 758856.373155095614493, 3788760.965461893938482 ], [ 758833.332288992009126, 3788760.32980231475085 ], [ 758827.211586221121252, 3788982.192198470234871 ] ], [ [ 758912.96835822914727, 3788938.301941448356956 ], [ 758913.478590226033702, 3788919.813401919789612 ], [ 758921.158752025221474, 3788920.025355604942888 ], [ 758920.903628716710955, 3788929.269625565502793 ], [ 758928.583783135050908, 3788929.481585795991123 ], [ 758928.328651693882421, 3788938.725856098812073 ], [ 758912.96835822914727, 3788938.301941448356956 ] ], [ [ 759151.56370035756845, 3788926.386896168347448 ], [ 759151.819050645688549, 3788917.142618974205106 ], [ 759167.17940219771117, 3788917.566922823432833 ], [ 759166.924036741023883, 3788926.811200506053865 ], [ 759151.56370035756845, 3788926.386896168347448 ] ], [ [ 759159.75458364340011, 3788908.110490405466408 ], [ 759160.00994041794911, 3788898.866213158238679 ], [ 759144.649558934848756, 3788898.441922889091074 ], [ 759144.90489999204874, 3788889.197646226733923 ], [ 759121.864306536968797, 3788888.561258813366294 ], [ 759122.119624292594381, 3788879.316982978954911 ], [ 759106.759214503108524, 3788878.892756697256118 ], [ 759107.525118971476331, 3788851.159931234549731 ], [ 759099.844891628134064, 3788850.947828277945518 ], [ 759099.079009912326001, 3788878.680653009098023 ], [ 759083.718601340311579, 3788878.256464533042163 ], [ 759083.463321505812928, 3788887.500739145092666 ], [ 759068.102928914013319, 3788887.076575385406613 ], [ 759067.847663699416444, 3788896.32084960443899 ], [ 759021.766536299604923, 3788895.048508083447814 ], [ 759022.021756008965895, 3788885.804235329851508 ], [ 759006.661366664222442, 3788885.380172384902835 ], [ 759006.916570656583644, 3788876.135900214314461 ], [ 758945.474960720166564, 3788874.43990243319422 ], [ 758945.730103490524925, 3788865.195632312446833 ], [ 758938.049895577598363, 3788864.983661188278347 ], [ 758938.305030215298757, 3788855.739391406998038 ], [ 758907.584170253598131, 3788854.891570896841586 ], [ 758908.094377210480161, 3788836.403033575508744 ], [ 758931.135067382012494, 3788837.038888041861355 ], [ 758931.900441961246543, 3788809.306080579292029 ], [ 758939.580695176613517, 3788809.518043936695904 ], [ 758940.090957321808673, 3788791.029505617916584 ], [ 758947.771225907490589, 3788791.241474788635969 ], [ 758948.026363741490059, 3788781.997205528430641 ], [ 758963.38691669027321, 3788782.421162283979356 ], [ 758963.642069143475965, 3788773.17689263029024 ], [ 758971.322353506577201, 3788773.388880215585232 ], [ 758971.577512995456345, 3788764.144610412884504 ], [ 758979.257805145345628, 3788764.356604055035859 ], [ 758979.512971669668332, 3788755.112334104720503 ], [ 758987.193271605763584, 3788755.324333803728223 ], [ 758987.448445165529847, 3788746.080063703935593 ], [ 758995.128752889344469, 3788746.292069459799677 ], [ 758995.38393348432146, 3788737.047799210995436 ], [ 759003.064248994342051, 3788737.259811023250222 ], [ 759003.319436624646187, 3788728.015540626365691 ], [ 759026.36040712473914, 3788728.651613134425133 ], [ 759026.105196742457338, 3788737.895884262863547 ], [ 759033.785513064824045, 3788738.107921278569847 ], [ 759034.040731030981988, 3788728.863649905193597 ], [ 759041.721055139554664, 3788729.075692975893617 ], [ 759041.976280141039751, 3788719.831421453040093 ], [ 759049.656612037215382, 3788720.043470582459122 ], [ 759049.401379451737739, 3788729.287742350250483 ], [ 759057.081703966949135, 3788729.499798023141921 ], [ 759057.336944136302918, 3788720.255526010412723 ], [ 759065.017276437720284, 3788720.467587741091847 ], [ 759065.272523642284796, 3788711.223315582610667 ], [ 759072.9528637311887, 3788711.435383369214833 ], [ 759073.463371661724523, 3788692.946838847361505 ], [ 759081.143727121292613, 3788693.158912445418537 ], [ 759080.88846584665589, 3788702.403184903785586 ], [ 759119.290208269259892, 3788703.463648632634431 ], [ 759119.545507463510148, 3788694.219374954234809 ], [ 759142.586578104877844, 3788694.855728069785982 ], [ 759142.331256158999167, 3788704.100002481602132 ], [ 759150.011605862062424, 3788704.312133032828569 ], [ 759149.756275783409365, 3788713.556407784577459 ], [ 759157.436618105624802, 3788713.768544881604612 ], [ 759156.925941133406013, 3788732.257095161825418 ], [ 759164.606268490082584, 3788732.469239047728479 ], [ 759164.35092159663327, 3788741.713514575734735 ], [ 759202.752523508388549, 3788742.774329741485417 ], [ 759203.007908321684226, 3788733.530052993446589 ], [ 759226.048894657171331, 3788734.166616970673203 ], [ 759225.793487091897987, 3788743.410894453059882 ], [ 759233.473808693001047, 3788743.623095291666687 ], [ 759233.218392994604073, 3788752.867373115383089 ], [ 759256.259336263989098, 3788753.504014171659946 ], [ 759256.770212615723722, 3788735.015457153785974 ], [ 759295.171864633681253, 3788736.076649153139442 ], [ 759295.427339905756526, 3788726.832369565032423 ], [ 759318.468356305500492, 3788727.469159642700106 ], [ 759318.212858281331137, 3788736.713439964223653 ], [ 759325.893189904280007, 3788736.925716170109808 ], [ 759325.126669784658588, 3788764.658558442257345 ], [ 759332.806978858658113, 3788764.870841681957245 ], [ 759332.551463469513692, 3788774.115122873336077 ], [ 759340.23176516185049, 3788774.327412660233676 ], [ 759339.720717567251995, 3788792.815975822508335 ], [ 759316.679858602816239, 3788792.179123899899423 ], [ 759316.935359922470525, 3788782.934843005612493 ], [ 759232.452142604859546, 3788780.600207157898694 ], [ 759231.941306266235188, 3788799.088763664010912 ], [ 759247.30185906868428, 3788799.513187177479267 ], [ 759246.535554937669076, 3788827.246024119667709 ], [ 759238.855301186908036, 3788827.033808478154242 ], [ 759238.089014866389334, 3788854.766645544208586 ], [ 759230.408784071914852, 3788854.554435471538454 ], [ 759229.897938947658986, 3788873.042993505019695 ], [ 759206.857293287175708, 3788872.406399624887854 ], [ 759206.601892654201947, 3788881.650678051169962 ], [ 759198.921685424051248, 3788881.438492449466139 ], [ 759198.6662918261718, 3788890.682770727202296 ], [ 759183.30589314410463, 3788890.25841793557629 ], [ 759183.050514165777713, 3788899.502695820294321 ], [ 759175.370322713279165, 3788899.290528632700443 ], [ 759175.114950770162977, 3788908.534806368406862 ], [ 759159.75458364340011, 3788908.110490405466408 ] ], [ [ 759485.901868317974731, 3788787.606401956174523 ], [ 759486.413203009171411, 3788769.117829689756036 ], [ 759501.773829896003008, 3788769.542667112313211 ], [ 759502.029511585249566, 3788760.298380633350462 ], [ 759532.750798135180958, 3788761.148130109999329 ], [ 759532.23937353445217, 3788779.636705121491104 ], [ 759524.559066759771667, 3788779.424257811624557 ], [ 759524.303361218888313, 3788788.668545216321945 ], [ 759485.901868317974731, 3788787.606401956174523 ] ], [ [ 759571.15241089835763, 3788762.210458729881793 ], [ 759571.408160294522531, 3788752.966170141939074 ], [ 759563.72782975086011, 3788752.753692062105983 ], [ 759563.983571013202891, 3788743.509403815027326 ], [ 759525.58188342617359, 3788742.447109147906303 ], [ 759525.837586218491197, 3788733.202822221443057 ], [ 759487.435865795589052, 3788732.140686301980168 ], [ 759487.691530118114315, 3788722.896400694735348 ], [ 759472.330828203819692, 3788722.471590922214091 ], [ 759471.81952934525907, 3788740.960161255206913 ], [ 759464.139193860813975, 3788740.747765331994742 ], [ 759465.417398965451866, 3788694.52634143922478 ], [ 759480.778145976830274, 3788694.951137140393257 ], [ 759481.033800516743213, 3788685.706852159462869 ], [ 759496.394563509849831, 3788686.131672573741525 ], [ 759496.650232668034732, 3788676.887387198861688 ], [ 759519.691401432733983, 3788677.524664344731718 ], [ 759519.947092793066986, 3788668.280378329567611 ], [ 759558.349082722561434, 3788669.342631700914353 ], [ 759558.093353442614898, 3788678.586918940301985 ], [ 759581.134527088957839, 3788679.224347307346761 ], [ 759580.878774507436901, 3788688.468635376077145 ], [ 759588.559158545918763, 3788688.681124345399439 ], [ 759588.047636565286666, 3788707.169701256789267 ], [ 759580.367267694789916, 3788706.957211798522621 ], [ 759580.111513463663869, 3788716.201500153169036 ], [ 759587.791874750284478, 3788716.413989856373519 ], [ 759587.53611238533631, 3788725.658278551883996 ], [ 759572.175405184156261, 3788725.23330495506525 ], [ 759571.919657437480055, 3788734.477593255229294 ], [ 759579.600003351923078, 3788734.69007714651525 ], [ 759579.344247471308336, 3788743.93436578894034 ], [ 759587.024586005834863, 3788744.146856226958334 ], [ 759586.513057427015156, 3788762.635434284806252 ], [ 759571.15241089835763, 3788762.210458729881793 ] ], [ [ 758888.6247576137539, 3788706.347495524678379 ], [ 758889.389972647884861, 3788678.614696470554918 ], [ 758897.070330821210518, 3788678.826618605758995 ], [ 758896.815252107800916, 3788688.070885105058551 ], [ 758904.495602899696678, 3788688.282813784666359 ], [ 758903.985428659711033, 3788706.771347559522837 ], [ 758888.6247576137539, 3788706.347495524678379 ] ], [ [ 759372.48628558171913, 3788719.710941751953214 ], [ 759372.741835594875738, 3788710.466659908182919 ], [ 759380.422191391466185, 3788710.678979486227036 ], [ 759380.166633794317022, 3788719.923261574003845 ], [ 759372.48628558171913, 3788719.710941751953214 ] ], [ [ 759649.490594850271009, 3788708.86984376469627 ], [ 759649.746416787384078, 3788699.625553301069885 ], [ 759657.426795072155073, 3788699.838099224492908 ], [ 759657.170965550933033, 3788709.082389931194484 ], [ 759649.490594850271009, 3788708.86984376469627 ] ], [ [ 759174.584761643549427, 3788649.482911584898829 ], [ 759174.840110631193966, 3788640.23863676795736 ], [ 759167.159707231912762, 3788640.026489024981856 ], [ 759167.670388392638415, 3788621.537940166890621 ], [ 759183.031225728918798, 3788621.962240975350142 ], [ 759182.77587025531102, 3788631.206515845376998 ], [ 759190.456281644525006, 3788631.418675945606083 ], [ 759190.20091803825926, 3788640.66295115603134 ], [ 759197.881322046858259, 3788640.875117802061141 ], [ 759197.625950307701714, 3788650.119393352884799 ], [ 759174.584761643549427, 3788649.482911584898829 ] ], [ [ 759627.984270829474553, 3788652.766506130807102 ], [ 759628.495862050796859, 3788634.277927915100008 ], [ 759651.537154948106036, 3788634.91552273510024 ], [ 759651.281336860731244, 3788644.159812529105693 ], [ 759643.600913275266066, 3788643.947274376638234 ], [ 759643.34510222193785, 3788653.191564022563398 ], [ 759627.984270829474553, 3788652.766506130807102 ] ], [ [ 759597.518376036081463, 3788642.672177779953927 ], [ 759597.774141036206856, 3788633.427889700047672 ], [ 759605.454570984933525, 3788633.640389801934361 ], [ 759605.198798400931992, 3788642.884678127709776 ], [ 759597.518376036081463, 3788642.672177779953927 ] ], [ [ 759805.401790279895067, 3788629.923309484031051 ], [ 759805.657758944667876, 3788620.679014980792999 ], [ 759813.33820955560077, 3788620.891684717964381 ], [ 759813.082233307068236, 3788630.135979467071593 ], [ 759805.401790279895067, 3788629.923309484031051 ] ], [ [ 759245.496242281515151, 3788586.682589894160628 ], [ 759246.517892579198815, 3788549.705485073849559 ], [ 759277.239818868460134, 3788550.554356103762984 ], [ 759276.728934148442931, 3788569.042910278774798 ], [ 759284.40940106078051, 3788569.255144277121872 ], [ 759283.898498976486735, 3788587.743699324317276 ], [ 759268.537595689180307, 3788587.319236649665982 ], [ 759268.793031838489696, 3788578.07495956774801 ], [ 759261.1125729160849, 3788577.862737927120179 ], [ 759260.857144350535236, 3788587.107014763168991 ], [ 759245.496242281515151, 3788586.682589894160628 ] ], [ [ 759337.661666883272119, 3788589.229517159983516 ], [ 759337.917171286069788, 3788579.985237876884639 ], [ 759345.597632240387611, 3788580.197522526606917 ], [ 759345.342120253830217, 3788589.441802053246647 ], [ 759337.661666883272119, 3788589.229517159983516 ] ], [ [ 759453.635341616347432, 3788564.681603586766869 ], [ 759453.890958126634359, 3788555.437320920173079 ], [ 759469.251931839389727, 3788555.862084075808525 ], [ 759469.763193546328694, 3788537.373518049251288 ], [ 759477.443695875466801, 3788537.585908589418977 ], [ 759477.69933348800987, 3788528.34162547532469 ], [ 759493.060353922890499, 3788528.766424967907369 ], [ 759492.804701143177226, 3788538.010708570946008 ], [ 759500.48520408209879, 3788538.223118013702333 ], [ 759500.229543168796226, 3788547.467401958070695 ], [ 759492.549047813401558, 3788547.254992271307856 ], [ 759492.293393934261985, 3788556.499276067130268 ], [ 759499.973881705896929, 3788556.711685998830944 ], [ 759499.718219693284482, 3788565.955970133189112 ], [ 759453.635341616347432, 3788564.681603586766869 ] ], [ [ 759086.248837371589616, 3788508.273483358323574 ], [ 759086.759336323244497, 3788489.784942550584674 ], [ 759094.439858826808631, 3788489.997017074376345 ], [ 759094.18460204184521, 3788499.241287675686181 ], [ 759101.865117165609263, 3788499.453368745278567 ], [ 759101.60985224833712, 3788508.697639683727175 ], [ 759086.248837371589616, 3788508.273483358323574 ] ], [ [ 759155.628728715004399, 3788500.93811264866963 ], [ 759156.394679428078234, 3788473.205295267980546 ], [ 759164.075218926998787, 3788473.417426009196788 ], [ 759164.330542316893116, 3788464.173153495881706 ], [ 759179.691637090290897, 3788464.597433391492814 ], [ 759179.946975098224357, 3788455.353160485625267 ], [ 759202.988641532603651, 3788455.98962685232982 ], [ 759202.733280774089508, 3788465.233900491613895 ], [ 759225.774926285492256, 3788465.870424297172576 ], [ 759225.519542227499187, 3788475.114698767196387 ], [ 759233.200083553791046, 3788475.326886214781553 ], [ 759232.689298623474315, 3788493.815435927826911 ], [ 759209.647720754379407, 3788493.178891019895673 ], [ 759209.392350216163322, 3788502.423165286891162 ], [ 759155.628728715004399, 3788500.93811264866963 ] ], [ [ 759616.460093277855776, 3788513.677153472322971 ], [ 759616.715865747071803, 3788504.43286623666063 ], [ 759624.396402274025604, 3788504.645375512074679 ], [ 759624.140622221282683, 3788513.889662992674857 ], [ 759616.460093277855776, 3788513.677153472322971 ] ], [ [ 759925.986072330269963, 3788438.983779068104923 ], [ 759927.010352472192608, 3788402.006594929844141 ], [ 759957.732896391884424, 3788402.85766620375216 ], [ 759957.476796848233789, 3788412.101963074877858 ], [ 759965.157425753423013, 3788412.314746890217066 ], [ 759964.901318075601012, 3788421.55904410360381 ], [ 759957.220696753822267, 3788421.346260042395443 ], [ 759956.708494913182221, 3788439.834854263346642 ], [ 759925.986072330269963, 3788438.983779068104923 ] ], [ [ 759703.504456995171495, 3788423.572209751233459 ], [ 759704.016157221980393, 3788405.08363189548254 ], [ 759688.654913461417891, 3788404.658499017823488 ], [ 759688.910747582791373, 3788395.414210723247379 ], [ 759673.549489469267428, 3788394.989103537518531 ], [ 759673.805307873757556, 3788385.744815828278661 ], [ 759689.166581153986044, 3788386.169922524597496 ], [ 759689.6782466461882, 3788367.681346413679421 ], [ 759681.997594737680629, 3788367.468790404498577 ], [ 759682.253419075277634, 3788358.224502737633884 ], [ 759674.572759786620736, 3788358.011953275185078 ], [ 759675.084391644690186, 3788339.523378713987768 ], [ 759682.765066100400873, 3788339.73592768702656 ], [ 759683.532532512675971, 3788312.003065829630941 ], [ 759698.893927533878013, 3788312.428181207273155 ], [ 759699.149763737921603, 3788303.183893622364849 ], [ 759691.469058541813865, 3788302.97133302828297 ], [ 759691.980714132892899, 3788284.482758633326739 ], [ 759684.299993974389508, 3788284.270204829983413 ], [ 759684.555813361541368, 3788275.02591802040115 ], [ 759646.152177704148926, 3788273.963244736194611 ], [ 759646.407958625117317, 3788264.718959247227758 ], [ 759623.365756923565641, 3788264.081431619822979 ], [ 759623.621514544822276, 3788254.837146961595863 ], [ 759585.217811195296235, 3788253.774728151969612 ], [ 759584.962091490044259, 3788263.019011585973203 ], [ 759569.600626740488224, 3788262.594087676610798 ], [ 759569.089216013206169, 3788281.082653852645308 ], [ 759561.408499110722914, 3788280.87020085984841 ], [ 759561.152800505748019, 3788290.114483844023198 ], [ 759553.472091389237903, 3788289.90203690668568 ], [ 759553.216399817611091, 3788299.146319744177163 ], [ 759537.854997362010181, 3788298.721444281283766 ], [ 759537.599320407258347, 3788307.965726722963154 ], [ 759529.918627067585476, 3788307.753298196941614 ], [ 759529.66295714629814, 3788316.997580490075052 ], [ 759545.024328862433322, 3788317.422444331459701 ], [ 759544.768643224844709, 3788326.666727208532393 ], [ 759560.130000587552786, 3788327.091616741847247 ], [ 759559.874299233546481, 3788336.335900205653161 ], [ 759567.554970636381768, 3788336.54835466761142 ], [ 759566.532129388884641, 3788373.525490453001112 ], [ 759574.212770662270486, 3788373.737952196504921 ], [ 759573.701331572723575, 3788392.226521151605994 ], [ 759527.617577985860407, 3788390.951842267997563 ], [ 759529.15161565458402, 3788335.486145361326635 ], [ 759498.42893533129245, 3788334.636491328012198 ], [ 759498.68457601882983, 3788325.392209822777659 ], [ 759491.003898862865753, 3788325.179812311194837 ], [ 759490.748265758622438, 3788334.424093571491539 ], [ 759483.067596389795654, 3788334.211702114436775 ], [ 759482.811970319249667, 3788343.455983225721866 ], [ 759490.492632104782388, 3788343.668374927248806 ], [ 759490.236997901345603, 3788352.912656377069652 ], [ 759459.514382311841473, 3788352.063126398250461 ], [ 759459.25877789221704, 3788361.307406966108829 ], [ 759443.897486484376714, 3788360.882679291069508 ], [ 759443.130715428036638, 3788388.61552009684965 ], [ 759435.450092778890394, 3788388.403164975810796 ], [ 759435.194508911110461, 3788397.647445189766586 ], [ 759419.833279390819371, 3788397.222753361333162 ], [ 759420.344416243257001, 3788378.734194006305188 ], [ 759397.302527986234054, 3788378.097204986494035 ], [ 759397.813617140520364, 3788359.608647482004017 ], [ 759390.13297296105884, 3788359.396330899558961 ], [ 759390.388509130571038, 3788350.152052535209805 ], [ 759382.707857571891509, 3788349.939742497634143 ], [ 759382.963385608745739, 3788340.695464473683387 ], [ 759367.602067933767103, 3788340.270863790996373 ], [ 759367.857580254552886, 3788331.026586349587888 ], [ 759352.496248225565068, 3788330.6020113597624 ], [ 759352.751744830515236, 3788321.357734504621476 ], [ 759345.071071538259275, 3788321.145456705242395 ], [ 759345.32656001043506, 3788311.901180190965533 ], [ 759337.645879337564111, 3788311.688908935524523 ], [ 759338.156839467468672, 3788293.200356683228165 ], [ 759330.476143831387162, 3788292.988092218060046 ], [ 759330.731615489232354, 3788283.743816478643566 ], [ 759315.370209661545232, 3788283.319306939840317 ], [ 759315.625665603671223, 3788274.075031786225736 ], [ 759307.944955411599949, 3788273.862786711193621 ], [ 759308.200403221300803, 3788264.618511897046119 ], [ 759331.242557156947441, 3788265.255265286657959 ], [ 759331.498027166700922, 3788256.010989834554493 ], [ 759354.540205682395026, 3788256.647799194790423 ], [ 759354.2847129231086, 3788265.892075380776078 ], [ 759361.965431918622926, 3788266.10435801371932 ], [ 759361.198927594698034, 3788293.837187881115824 ], [ 759368.879624043940566, 3788294.049477547872812 ], [ 759369.390642642276362, 3788275.560923718381673 ], [ 759377.071354460553266, 3788275.773219197057188 ], [ 759376.815837852889672, 3788285.01749630831182 ], [ 759392.177246933453716, 3788285.442106655798852 ], [ 759392.688309932360426, 3788266.953551550395787 ], [ 759400.369029944296926, 3788267.165865685790777 ], [ 759400.113491136347875, 3788276.410143435467035 ], [ 759415.474916603416204, 3788276.834791099186987 ], [ 759415.219362079631537, 3788286.07906943326816 ], [ 759468.984304536366835, 3788287.565536433365196 ], [ 759469.239912142627873, 3788278.321256385650486 ], [ 759484.601341270375997, 3788278.74601745698601 ], [ 759484.856963493512012, 3788269.501737014856189 ], [ 759492.537685945164412, 3788269.714126757811755 ], [ 759493.048943908768706, 3788251.225565670523793 ], [ 759500.729681730736047, 3788251.437961224466562 ], [ 759500.985317471204326, 3788242.193680577911437 ], [ 759516.34680889104493, 3788242.618490097112954 ], [ 759516.858109055669047, 3788224.129928113427013 ], [ 759524.538870237302035, 3788224.342341834213585 ], [ 759525.305839110631496, 3788196.60949883935973 ], [ 759532.986623243894428, 3788196.821918125264347 ], [ 759533.242286018677987, 3788187.577637074515224 ], [ 759517.880702788359486, 3788187.152805290184915 ], [ 759518.903287725755945, 3788150.175683992914855 ], [ 759526.584109571878798, 3788150.388095755130053 ], [ 759527.095413908245973, 3788131.899535190314054 ], [ 759542.457088541821577, 3788132.324376636650413 ], [ 759542.712755051325075, 3788123.080096007324755 ], [ 759550.39360025676433, 3788123.292525936383754 ], [ 759550.649273799499497, 3788114.048245157115161 ], [ 759566.010979986167513, 3788114.473123426083475 ], [ 759566.26666814496275, 3788105.228842252865434 ], [ 759589.309251700062305, 3788105.866206178441644 ], [ 759589.820671865716577, 3788087.377642649225891 ], [ 759605.182425584760495, 3788087.802582454867661 ], [ 759605.949597206548788, 3788060.069736406207085 ], [ 759613.63049711973872, 3788060.282215024810284 ], [ 759614.141957283951342, 3788041.793650980107486 ], [ 759606.46104220522102, 3788041.581172850914299 ], [ 759606.97248500410933, 3788023.092609676998109 ], [ 759583.929695490980521, 3788022.455214563757181 ], [ 759584.185393317253329, 3788013.210933855269104 ], [ 759591.866330534336157, 3788013.423392347525805 ], [ 759592.122035393724218, 3788004.179111489560455 ], [ 759607.483925603562966, 3788004.604046885855496 ], [ 759607.228205578867346, 3788013.848328234627843 ], [ 759630.271019672043622, 3788014.485779317561537 ], [ 759630.526762445108034, 3788005.241497233044356 ], [ 759661.250547749223188, 3788006.091519236564636 ], [ 759661.506320303305984, 3787996.847236268222332 ], [ 759722.953961346880533, 3787998.547580734360963 ], [ 759723.209794013062492, 3787989.303295901510864 ], [ 759730.890757642686367, 3787989.515867067035288 ], [ 759731.402436490054242, 3787971.02729719877243 ], [ 759723.721457694889978, 3787970.814726524055004 ], [ 759723.977288710651919, 3787961.570441977586597 ], [ 759716.296302536502481, 3787961.357877848669887 ], [ 759716.552125419490039, 3787952.113593642134219 ], [ 759708.871131866704673, 3787951.901036057155579 ], [ 759709.126946616685018, 3787942.656752193812281 ], [ 759724.48894909163937, 3787943.081873171031475 ], [ 759725.256435537245125, 3787915.349020675756037 ], [ 759732.937459828332067, 3787915.56158988038078 ], [ 759732.425787582877092, 3787934.050158605910838 ], [ 759747.787806444219314, 3787934.475316894706339 ], [ 759747.276101667433977, 3787952.963886981830001 ], [ 759754.957096238387749, 3787953.176476067863405 ], [ 759754.445374095346779, 3787971.665047026704997 ], [ 759739.083415487548336, 3787971.239874174352735 ], [ 759738.315873643150553, 3787998.972729854751378 ], [ 759815.125447346246801, 3788001.098853484261781 ], [ 759814.869523136527278, 3788010.343141353223473 ], [ 759822.550474044401199, 3788010.555788612924516 ], [ 759822.294541701558046, 3788019.800076823215932 ], [ 759837.656428961781785, 3788020.225390735082328 ], [ 759837.912376470281743, 3788010.981102034915239 ], [ 759845.593327989336103, 3788011.193768196273595 ], [ 759845.849282530136406, 3788001.949479347560555 ], [ 759853.530241835163906, 3788002.162151564378291 ], [ 759853.274279711418785, 3788011.406440658960491 ], [ 759868.636183768045157, 3788011.831804484128952 ], [ 759868.892161057330668, 3788002.587514899671078 ], [ 759876.573120973538607, 3788002.800206017680466 ], [ 759876.829105295240879, 3787993.555916283745319 ], [ 759884.51007299835328, 3787993.768613455817103 ], [ 759884.254081093939021, 3788003.012903437484056 ], [ 759907.296962677151896, 3788003.65103349648416 ], [ 759907.552977330051363, 3787994.406742780469358 ], [ 759930.595883494243026, 3787995.044928807299584 ], [ 759930.851920344983228, 3787985.800637451000512 ], [ 759938.532897057360969, 3787986.013378482777625 ], [ 759939.044984272331931, 3787967.524795567151159 ], [ 759946.725976354209706, 3787967.737542407587171 ], [ 759946.469925439101644, 3787976.981834063772112 ], [ 759954.150910141179338, 3787977.194587451405823 ], [ 759954.406968638999388, 3787967.950295549351722 ], [ 759962.087961128214374, 3787968.163054991513491 ], [ 759961.831895047682337, 3787977.40734713897109 ], [ 759969.512880158144981, 3787977.620113126933575 ], [ 759969.256805944023654, 3787986.864405613392591 ], [ 759961.575828416622244, 3787986.651639379095286 ], [ 759961.063693502219394, 3788005.140224150381982 ], [ 759968.744655864313245, 3788005.352990874554962 ], [ 759968.488579998258501, 3788014.59728364739567 ], [ 759991.531445557251573, 3788015.235622357111424 ], [ 759991.787544171791524, 3788005.99132884806022 ], [ 759999.468507348909043, 3788006.20412077428773 ], [ 760000.749030074337497, 3787959.982653431594372 ], [ 760031.473036475596018, 3787960.833879231940955 ], [ 760033.009827557019889, 3787905.368115677963942 ], [ 760048.371922974241897, 3787905.793763435911387 ], [ 760048.628068058635108, 3787896.549469352699816 ], [ 760056.309123655082658, 3787896.762302437331527 ], [ 760056.565275771310553, 3787887.518008203711361 ], [ 760079.608466533245519, 3787888.156544523313642 ], [ 760079.864640846382827, 3787878.91224965127185 ], [ 760095.226784205646254, 3787879.337971542030573 ], [ 760095.482973133213818, 3787870.093676271848381 ], [ 760118.526212449651212, 3787870.732305623590946 ], [ 760118.782423574128188, 3787861.48800971545279 ], [ 760134.144599303021096, 3787861.91379362763837 ], [ 760134.400825041811913, 3787852.669497322291136 ], [ 760142.081920794444159, 3787852.882398483809084 ], [ 760141.825687473174185, 3787862.126695035491139 ], [ 760149.506775847868994, 3787862.339602742809802 ], [ 760149.76301675173454, 3787853.09530594618991 ], [ 760157.444112912518904, 3787853.308219708502293 ], [ 760157.700360847869888, 3787844.063922760076821 ], [ 760165.381464795675129, 3787844.276842577382922 ], [ 760165.637719762511551, 3787835.0325454804115 ], [ 760180.999943434726447, 3787835.458403524011374 ], [ 760181.256213015527464, 3787826.214106031227857 ], [ 760188.93733274040278, 3787826.427044258918613 ], [ 760189.193609352805652, 3787817.182746615726501 ], [ 760196.874736863654107, 3787817.395690897013992 ], [ 760197.131020507426001, 3787808.151393103878945 ], [ 760212.493291306775063, 3787808.577300077769905 ], [ 760212.236992497928441, 3787817.821598363108933 ], [ 760219.91812062158715, 3787818.034561546519399 ], [ 760219.661813679151237, 3787827.278860170859843 ], [ 760227.342934424057603, 3787827.491829900536686 ], [ 760227.599248949089088, 3787818.247531030792743 ], [ 760242.961506215156987, 3787818.673488898668438 ], [ 760243.217835354153067, 3787809.429189630784094 ], [ 760250.898971876362339, 3787809.642177770379931 ], [ 760251.411643665400334, 3787791.153579030651599 ], [ 760305.179711188655347, 3787792.644668975379318 ], [ 760304.923322492162697, 3787801.888970016501844 ], [ 760312.604468228993937, 3787802.102008312940598 ], [ 760312.091674016905017, 3787820.590611173771322 ], [ 760327.453935773926787, 3787821.016707650851458 ], [ 760328.223171760095283, 3787793.283802029211074 ], [ 760351.266634167637676, 3787793.922991785686463 ], [ 760351.010199976153672, 3787803.167294300626963 ], [ 760366.372494104551151, 3787803.593452797736973 ], [ 760366.116044196533039, 3787812.837755900807679 ], [ 760373.797183983959258, 3787813.050844845362008 ], [ 760373.027808202896267, 3787840.783755461219698 ], [ 760380.708925447193906, 3787840.996851442847401 ], [ 760380.452458168030716, 3787850.241155417636037 ], [ 760388.133568033808842, 3787850.454257945995778 ], [ 760387.877092620474286, 3787859.698562261648476 ], [ 760395.558195107267238, 3787859.911671337205917 ], [ 760395.814678103313781, 3787850.667366774287075 ], [ 760418.858009538147599, 3787851.306731064803898 ], [ 760418.088490651454777, 3787879.039647244848311 ], [ 760395.045227460446768, 3787878.400280742906034 ], [ 760394.78874280967284, 3787887.644585591740906 ], [ 760379.426583535503596, 3787887.218372267670929 ], [ 760379.170113498694263, 3787896.462676717434078 ], [ 760363.807970206486061, 3787896.036488104611635 ], [ 760363.551514783292077, 3787905.280792159959674 ], [ 760332.827260979334824, 3787904.428489556070417 ], [ 760332.570835335645825, 3787913.672792723868042 ], [ 760286.484506248962134, 3787912.394526358693838 ], [ 760286.228125550318509, 3787921.638828146737069 ], [ 760270.86603265220765, 3787921.212789270561188 ], [ 760270.353299931739457, 3787939.701392151415348 ], [ 760262.672268954804167, 3787939.488381673581898 ], [ 760262.159549194620922, 3787957.976984444074333 ], [ 760216.073458609753288, 3787956.69905093498528 ], [ 760216.329773268895224, 3787947.454750976525247 ], [ 760200.967729540541768, 3787947.028824034612626 ], [ 760200.711430046940222, 3787956.273123503196985 ], [ 760193.030416071182117, 3787956.060169237665832 ], [ 760192.51783059630543, 3787974.548767969477922 ], [ 760184.836831990629435, 3787974.335819513071328 ], [ 760184.324259476852603, 3787992.82441813359037 ], [ 760176.643276240443811, 3787992.611475487239659 ], [ 760176.899555190000683, 3787983.367176374886185 ], [ 760169.218564574606717, 3787983.154240275267512 ], [ 760168.962293207878247, 3787992.398539141286165 ], [ 760161.281310379854403, 3787992.185609096195549 ], [ 760161.025046044727787, 3788001.429907812736928 ], [ 760153.344071003026329, 3788001.216983823105693 ], [ 760153.600327755208127, 3787991.972685351036489 ], [ 760076.790512728504837, 3787989.843794427346438 ], [ 760076.534331804607064, 3787999.088090444449335 ], [ 760068.853359005996026, 3787998.875235759653151 ], [ 760068.597185113932937, 3788008.119531627278775 ], [ 760060.916220102692023, 3788007.90668299747631 ], [ 760060.660053242580034, 3788017.150978713762015 ], [ 760068.341010670992546, 3788017.36382758943364 ], [ 760067.316307391040027, 3788054.341012393124402 ], [ 760044.273526711389422, 3788053.702481723856181 ], [ 760044.01737226289697, 3788062.946777427569032 ], [ 760020.974616166669875, 3788062.308302727527916 ], [ 760021.230747866211459, 3788053.0640077595599 ], [ 760005.868896321975626, 3788052.638389952015132 ], [ 760005.356662703678012, 3788071.126979001332074 ], [ 759997.675752402865328, 3788070.914179058745503 ], [ 759997.419642350636423, 3788080.158473480027169 ], [ 760005.100545068504289, 3788080.371273667551577 ], [ 760004.844426882453263, 3788089.615568430162966 ], [ 760027.887113508419134, 3788090.25400753505528 ], [ 760028.143254443304613, 3788081.009712037630379 ], [ 760043.505061713629402, 3788081.435369119979441 ], [ 760042.992748961085454, 3788099.923961193766445 ], [ 760073.716305282898247, 3788100.775352926924825 ], [ 760073.460117748356424, 3788110.019650087226182 ], [ 760096.502764381584711, 3788110.658260778989643 ], [ 760096.758974665193819, 3788101.413962883874774 ], [ 760104.439864867250435, 3788101.626845470163971 ], [ 760104.696082182927057, 3788092.382547421846539 ], [ 760120.057878364343196, 3788092.808331006672233 ], [ 760119.801645882660523, 3788102.05262954486534 ], [ 760112.120755272684619, 3788101.839734356850386 ], [ 760111.35207727085799, 3788129.57262980658561 ], [ 760088.309474912588485, 3788128.93397983815521 ], [ 760088.56567871500738, 3788119.689681996125728 ], [ 760057.842181426356547, 3788118.838237894233316 ], [ 760057.586007956182584, 3788128.082534754648805 ], [ 760049.905141726485454, 3788127.869689235463738 ], [ 760049.648975288495421, 3788137.113985946867615 ], [ 760041.968116846401244, 3788136.901146482676268 ], [ 760041.711957440478727, 3788146.145443045068532 ], [ 760010.988556041149423, 3788145.294147212989628 ], [ 760011.500813637278043, 3788126.805556148756295 ], [ 760003.81994863122236, 3788126.592748432420194 ], [ 760004.076069020084105, 3788117.348453288897872 ], [ 759965.671709129819646, 3788116.28451044484973 ], [ 759965.415626655914821, 3788125.528804361820221 ], [ 759942.373035916127264, 3788124.890513526275754 ], [ 759942.116975640761666, 3788134.134806803893298 ], [ 759934.43612005119212, 3788133.922055547591299 ], [ 759934.180066808359697, 3788143.166348674800247 ], [ 759911.137524012476206, 3788142.528131975326687 ], [ 759911.393554506241344, 3788133.283839583862573 ], [ 759903.712699732277542, 3788133.071113529149443 ], [ 759903.456676821690053, 3788142.315405676141381 ], [ 759880.414136470062658, 3788141.67726458190009 ], [ 759880.158135758014396, 3788150.921556087676436 ], [ 759857.11561998911202, 3788150.283470964059234 ], [ 759856.8596414757194, 3788159.527761829551309 ], [ 759818.455490517662838, 3788158.464411407709122 ], [ 759818.199549369164743, 3788167.708701143041253 ], [ 759810.518727371236309, 3788167.496049715671688 ], [ 759810.262793255620636, 3788176.740339301992208 ], [ 759794.901165037532337, 3788176.315054857172072 ], [ 759794.645245537860319, 3788185.559344048146158 ], [ 759786.964439317584038, 3788185.34671103162691 ], [ 759787.220351234194823, 3788176.102422086521983 ], [ 759771.858724237419665, 3788175.677175445947796 ], [ 759771.602827486931346, 3788184.921463901177049 ], [ 759763.922021877486259, 3788184.708849786780775 ], [ 759763.666132159996778, 3788193.953138092532754 ], [ 759771.346930186264217, 3788194.165752452332526 ], [ 759771.091032335418276, 3788203.410041098482907 ], [ 759786.452613833593205, 3788203.835289209615439 ], [ 759786.708526850794442, 3788194.591000073123723 ], [ 759802.070124329184182, 3788195.016272896435112 ], [ 759801.814196145744063, 3788204.260562521871179 ], [ 759809.494987606885843, 3788204.473208629526198 ], [ 759809.75092337350361, 3788195.228918758686632 ], [ 759825.11252207425423, 3788195.654229385312647 ], [ 759825.368472456815653, 3788186.409939118195325 ], [ 759840.730087137548253, 3788186.835274457000196 ], [ 759840.986052135820501, 3788177.590983795467764 ], [ 759864.028498434810899, 3788178.229033322073519 ], [ 759863.772510687122121, 3788187.473324718419462 ], [ 759848.410894783213735, 3788187.047951576299965 ], [ 759847.642973736510612, 3788214.780824867542833 ], [ 759839.962188840145245, 3788214.56814701249823 ], [ 759839.706221640226431, 3788223.812438054941595 ], [ 759808.983114422764629, 3788222.961788658518344 ], [ 759808.727177005377598, 3788232.206078816670924 ], [ 759778.004103379091248, 3788231.355529248714447 ], [ 759777.748195744119585, 3788240.599818520713598 ], [ 759754.705915411585011, 3788239.961971766315401 ], [ 759754.450029975967482, 3788249.206260399892926 ], [ 759746.769277855288237, 3788248.993657170794904 ], [ 759746.513399452669546, 3788258.237945654429495 ], [ 759731.151910989312455, 3788257.812757608946413 ], [ 759730.896047202986665, 3788267.05704569676891 ], [ 759723.21531086077448, 3788266.844460880383849 ], [ 759722.959454107563943, 3788276.088748820126057 ], [ 759730.640182866482064, 3788276.30133388005197 ], [ 759730.128452542703599, 3788294.789910534862429 ], [ 759745.489880340173841, 3788295.215100539848208 ], [ 759745.233999186544679, 3788304.459389500785619 ], [ 759752.914705807575956, 3788304.671994199510664 ], [ 759752.658816520590335, 3788313.916283500380814 ], [ 759760.339515761705115, 3788314.128894744906574 ], [ 759760.083618341130204, 3788323.373184384312481 ], [ 759767.764310202095658, 3788323.585802175570279 ], [ 759767.252498543355614, 3788342.07438223157078 ], [ 759759.571821849211119, 3788341.861763951834291 ], [ 759758.036419168231077, 3788397.327504944521934 ], [ 759750.355788177577779, 3788397.114891495089978 ], [ 759750.611682416405529, 3788387.870601335540414 ], [ 759727.569767916109413, 3788387.232799525838345 ], [ 759726.546278661116958, 3788424.209957794751972 ], [ 759703.504456995171495, 3788423.572209751233459 ] ], [ [ 759604.423838032293133, 3788393.076433088630438 ], [ 759604.679588185739703, 3788383.832147583831102 ], [ 759596.998953682603315, 3788383.619660393800586 ], [ 759597.254695702460594, 3788374.375375229399651 ], [ 759604.935337789123878, 3788374.587862173561007 ], [ 759605.191086842678487, 3788365.34357686014846 ], [ 759612.871736716711894, 3788365.556069862097502 ], [ 759612.615980079746805, 3788374.800355419516563 ], [ 759627.977265270310454, 3788375.225360814481974 ], [ 759627.721492916578427, 3788384.469646959099919 ], [ 759635.402128234272823, 3788384.682159351650625 ], [ 759635.146347747184336, 3788393.926445837132633 ], [ 759604.423838032293133, 3788393.076433088630438 ] ], [ [ 760003.816718382644467, 3788404.134462135843933 ], [ 760004.072862876928411, 3788394.890163887292147 ], [ 760011.753508172230795, 3788395.10298501746729 ], [ 760011.497356094652787, 3788404.347283510491252 ], [ 760003.816718382644467, 3788404.134462135843933 ] ], [ [ 759636.425244683050551, 3788347.705014369916171 ], [ 759637.192576245288365, 3788319.972156633622944 ], [ 759652.553953657625243, 3788320.397196893114597 ], [ 759651.786576595506631, 3788348.130056098103523 ], [ 759636.425244683050551, 3788347.705014369916171 ] ], [ [ 759252.64760985749308, 3788327.842888227198273 ], [ 759252.903007879620418, 3788318.598614552523941 ], [ 759260.583678733906709, 3788318.810816744808108 ], [ 759260.328273128252476, 3788328.055090663488954 ], [ 759252.64760985749308, 3788327.842888227198273 ] ], [ [ 760029.164117503212765, 3788321.574257738422602 ], [ 760029.420279790880159, 3788312.329959612339735 ], [ 760037.100993948755786, 3788312.54279743693769 ], [ 760037.357163268956356, 3788303.298499158583581 ], [ 760029.676441527786665, 3788303.085661579854786 ], [ 760031.213400382897817, 3788247.619875395670533 ], [ 760038.894167623831891, 3788247.832711502443999 ], [ 760039.150333088473417, 3788238.588413895107806 ], [ 760062.192658783169463, 3788239.226959284860641 ], [ 760062.448846446815878, 3788229.982661033514887 ], [ 760070.129629669710994, 3788230.195521852001548 ], [ 760069.617238625069149, 3788248.684118938166648 ], [ 760077.298006885335781, 3788248.896986549254507 ], [ 760076.529393437085673, 3788276.629883627872914 ], [ 760084.210139150731266, 3788276.842758276034147 ], [ 760083.953925983048975, 3788286.087057737633586 ], [ 760076.273187852697447, 3788285.874182845465839 ], [ 760076.016981717199087, 3788295.118482158519328 ], [ 760068.336251373635605, 3788294.905613320413977 ], [ 760068.080052270670421, 3788304.149912482127547 ], [ 760060.399329714244232, 3788303.937049700878561 ], [ 760059.886945022735745, 3788322.42564782127738 ], [ 760029.164117503212765, 3788321.574257738422602 ] ], [ [ 760098.290484009077772, 3788323.490027191117406 ], [ 760098.546714547206648, 3788314.245726857800037 ], [ 760113.908146735164337, 3788314.671522220596671 ], [ 760113.651901030214503, 3788323.915823045186698 ], [ 760098.290484009077772, 3788323.490027191117406 ] ], [ [ 760205.820420283824205, 3788326.471127427183092 ], [ 760206.076756989699788, 3788317.226823658216745 ], [ 760183.034601673018187, 3788316.587913237977773 ], [ 760183.290915077552199, 3788307.343610300216824 ], [ 760144.887289044447243, 3788306.278886842541397 ], [ 760145.143563981167972, 3788297.034585226792842 ], [ 760129.782099828589708, 3788296.608740440104157 ], [ 760130.038359047379345, 3788287.364439409226179 ], [ 760122.357619693968445, 3788287.151526712812483 ], [ 760123.126371294492856, 3788259.418624930549413 ], [ 760115.445609394810162, 3788259.20571927074343 ], [ 760114.933124045608565, 3788277.694319872651249 ], [ 760099.571631190599874, 3788277.268526472616941 ], [ 760099.827858974225819, 3788268.024226615205407 ], [ 760084.466351767769083, 3788267.598458909895271 ], [ 760085.491196726448834, 3788230.62126239342615 ], [ 760077.810413096332923, 3788230.408388972748071 ], [ 760078.066615375457332, 3788221.164090326987207 ], [ 760070.385824365541339, 3788220.951223452575505 ], [ 760070.898212104686536, 3788202.46262694010511 ], [ 760078.579018281074241, 3788202.675493323244154 ], [ 760078.835218907566741, 3788193.431194964330643 ], [ 760094.196847037528642, 3788193.856946143321693 ], [ 760093.94063124479726, 3788203.101244993042201 ], [ 760101.62143803271465, 3788203.314130279235542 ], [ 760101.365214105695486, 3788212.558429469820112 ], [ 760109.046013513812795, 3788212.77132130227983 ], [ 760108.789781452622265, 3788222.015620832331479 ], [ 760101.108989627799019, 3788221.802728754933923 ], [ 760100.852764598908834, 3788231.047028136905283 ], [ 760093.17198056075722, 3788230.834142114501446 ], [ 760092.659544016700238, 3788249.322740672621876 ], [ 760108.021081963554025, 3788249.748519998509437 ], [ 760108.533548840670846, 3788231.259920458775014 ], [ 760116.214333286741748, 3788231.472819082438946 ], [ 760116.47057348198723, 3788222.228519210126251 ], [ 760124.151365714613348, 3788222.441423888318241 ], [ 760124.407612942159176, 3788213.197123867925256 ], [ 760162.811615080805495, 3788214.261740542482585 ], [ 760162.55532993725501, 3788223.506041790824383 ], [ 760170.236123393871821, 3788223.718984273727983 ], [ 760169.979830115800723, 3788232.963285864330828 ], [ 760177.66061619319953, 3788233.176234893035144 ], [ 760177.404314780724235, 3788242.420536823570728 ], [ 760192.76587238011416, 3788242.846454274840653 ], [ 760192.509555250057019, 3788252.090756790246814 ], [ 760207.871098498697393, 3788252.516699934843928 ], [ 760207.614765650825575, 3788261.761003037448972 ], [ 760215.295529998023994, 3788261.973984305746853 ], [ 760214.526505397632718, 3788289.706894923467189 ], [ 760222.207247198210098, 3788289.919883229304105 ], [ 760221.950896979076788, 3788299.164187205489725 ], [ 760229.631631400203332, 3788299.377182057127357 ], [ 760228.862554685212672, 3788327.110095290467143 ], [ 760205.820420283824205, 3788326.471127427183092 ] ], [ [ 759138.458818980492651, 3788287.683528284542263 ], [ 759139.224663567962125, 3788259.950719694141299 ], [ 759154.586090382304974, 3788260.374938430264592 ], [ 759155.096681028604507, 3788241.886398870497942 ], [ 759162.777409906848334, 3788242.09851719904691 ], [ 759162.522107275086455, 3788251.342787175439298 ], [ 759170.202828773413785, 3788251.554912050254643 ], [ 759169.947518009576015, 3788260.799182366579771 ], [ 759162.266804094426334, 3788260.587057247757912 ], [ 759162.01150036463514, 3788269.83132741600275 ], [ 759154.330794235691428, 3788269.619208352640271 ], [ 759153.82020029576961, 3788288.10774848703295 ], [ 759138.458818980492651, 3788287.683528284542263 ] ], [ [ 759284.902826053556055, 3788273.226089294068515 ], [ 759285.158251113607548, 3788263.981815212871879 ], [ 759292.838968279305845, 3788264.19404113991186 ], [ 759293.094400373287499, 3788254.949766911100596 ], [ 759308.455850481637754, 3788255.374237178824842 ], [ 759308.200403221300803, 3788264.618511897046119 ], [ 759300.519685648730956, 3788264.406273368280381 ], [ 759300.26424542220775, 3788273.65054793888703 ], [ 759284.902826053556055, 3788273.226089294068515 ] ], [ [ 759162.777409906848334, 3788242.09851719904691 ], [ 759164.564512958633713, 3788177.388630037661642 ], [ 759179.926077486597933, 3788177.812882174737751 ], [ 759180.692016057902947, 3788150.080073354765773 ], [ 759173.011210943805054, 3788149.86794487060979 ], [ 759173.266515119932592, 3788140.623675699345767 ], [ 759150.224078246275894, 3788139.987328779418021 ], [ 759150.479359124903567, 3788130.743060438893735 ], [ 759142.798539656680077, 3788130.530957644339651 ], [ 759143.309084601234645, 3788112.042421737220138 ], [ 759081.862414845731109, 3788110.345830108504742 ], [ 759082.117625831859186, 3788101.101564253680408 ], [ 759051.394265497219749, 3788100.253420626278967 ], [ 759051.649445603135973, 3788091.0091558448039 ], [ 759105.415381401311606, 3788092.493471634574234 ], [ 759105.160148215596564, 3788101.737738126888871 ], [ 759120.521830820012838, 3788102.161885546054691 ], [ 759120.7770791715011, 3788092.917618564330041 ], [ 759166.862177357310429, 3788094.190210561268032 ], [ 759166.606883508968167, 3788103.434479009825736 ], [ 759174.287726334994659, 3788103.646599971689284 ], [ 759174.543027766398154, 3788094.402331279125065 ], [ 759189.904729193309322, 3788094.826591616030782 ], [ 759190.160045241238549, 3788085.582322529051453 ], [ 759213.20262165425811, 3788086.21875955350697 ], [ 759213.457959901657887, 3788076.974489829968661 ], [ 759221.138826694805175, 3788077.186647861730307 ], [ 759221.394171976018697, 3788067.942377987317741 ], [ 759244.436796323861927, 3788068.578889148309827 ], [ 759244.692163804429583, 3788059.334618636872619 ], [ 759252.373046576743945, 3788059.546801380347461 ], [ 759252.628421090892516, 3788050.30253071943298 ], [ 759275.671093374723569, 3788050.939116018358618 ], [ 759275.926490088109858, 3788041.69484471809119 ], [ 759298.969186949077994, 3788042.331485986709595 ], [ 759298.458347476436757, 3788060.820030149072409 ], [ 759267.734812730224803, 3788059.971185768488795 ], [ 759267.479422501288354, 3788069.215457013808191 ], [ 759252.117671513231471, 3788068.791072136256844 ], [ 759251.606919739162549, 3788087.279613935388625 ], [ 759243.92605971544981, 3788087.067430458497256 ], [ 759244.181428294163197, 3788077.823159757070243 ], [ 759236.500560891348869, 3788077.610982824116945 ], [ 759235.989838350331411, 3788096.099523835815489 ], [ 759220.628134485101327, 3788095.675187894143164 ], [ 759220.372787556843832, 3788104.919458055403084 ], [ 759212.691943512065336, 3788104.707299289293587 ], [ 759212.43660361750517, 3788113.951569301541895 ], [ 759204.755767358350568, 3788113.739416593220085 ], [ 759203.989767128718086, 3788141.472226465586573 ], [ 759211.670580639271066, 3788141.684379908721894 ], [ 759211.415238548303023, 3788150.928650300484151 ], [ 759196.053626896464266, 3788150.504349227063358 ], [ 759195.798299422487617, 3788159.748619226738811 ], [ 759188.117501484812237, 3788159.536477895919234 ], [ 759186.840893794433214, 3788205.757828103844076 ], [ 759179.16013397439383, 3788205.545691850595176 ], [ 759178.904818372335285, 3788214.789961935486645 ], [ 759171.224066339200363, 3788214.577831739094108 ], [ 759170.968757771188393, 3788223.822101673576981 ], [ 759178.649502221262082, 3788224.034232113976032 ], [ 759178.394185521290638, 3788233.278502388391644 ], [ 759170.713448654278181, 3788233.066371702589095 ], [ 759170.458138988353312, 3788242.31064182985574 ], [ 759162.777409906848334, 3788242.09851719904691 ] ], [ [ 759095.692712630960159, 3788166.235540280584246 ], [ 759095.947942075668834, 3788156.991273364517838 ], [ 759111.309533279389143, 3788157.415411115624011 ], [ 759111.054288668907247, 3788166.65967852063477 ], [ 759095.692712630960159, 3788166.235540280584246 ] ], [ [ 759126.671125295339152, 3788157.83957406738773 ], [ 759126.926384522928856, 3788148.595306268893182 ], [ 759134.607188418274745, 3788148.807396951131523 ], [ 759134.351921607740223, 3788158.051664994563907 ], [ 759126.671125295339152, 3788157.83957406738773 ] ], [ [ 760110.070936248754151, 3788175.794124128296971 ], [ 760110.327165555092506, 3788166.549825072754174 ], [ 760118.008003083523363, 3788166.762721979059279 ], [ 760118.5204752094578, 3788148.274123664479703 ], [ 760133.882181209162809, 3788148.699935395736247 ], [ 760133.62593025539536, 3788157.94423499610275 ], [ 760141.306775978649966, 3788158.157150558661669 ], [ 760140.794257251895033, 3788176.645750535652041 ], [ 760110.070936248754151, 3788175.794124128296971 ] ], [ [ 759088.777588855242357, 3788138.290680881589651 ], [ 759089.032809070544317, 3788129.046414495445788 ], [ 759096.713627116754651, 3788129.25847318675369 ], [ 759096.458399318507873, 3788138.502739816904068 ], [ 759088.777588855242357, 3788138.290680881589651 ] ], [ [ 760449.823575969552621, 3788120.457392162643373 ], [ 760450.336693626595661, 3788101.968773872591555 ], [ 760458.017600797233172, 3788102.181946040131152 ], [ 760458.274166381219402, 3788092.93763679265976 ], [ 760473.635996500728652, 3788093.363999539986253 ], [ 760474.149156345752999, 3788074.875380345154554 ], [ 760497.191948555293493, 3788075.514970246236771 ], [ 760497.705151691567153, 3788057.026349958498031 ], [ 760505.3860980020836, 3788057.2395587018691 ], [ 760505.642706325626932, 3788047.995248453691602 ], [ 760521.004614726407453, 3788048.421684350818396 ], [ 760520.74799123685807, 3788057.66599508933723 ], [ 760513.067044517374597, 3788057.452773744706064 ], [ 760512.553811048856005, 3788075.941395015455782 ], [ 760504.872879699687473, 3788075.728179480414838 ], [ 760504.359659190056846, 3788094.216800641734153 ], [ 760512.040575373219326, 3788094.430016667116433 ], [ 760511.783956707688048, 3788103.674327635671943 ], [ 760496.422139712260105, 3788103.247901391703635 ], [ 760496.165535661159083, 3788112.492211963515729 ], [ 760473.122834448702633, 3788111.85261911386624 ], [ 760472.866252594976686, 3788121.096929043531418 ], [ 760449.823575969552621, 3788120.457392162643373 ] ], [ [ 760219.909573426353745, 3788095.576538606546819 ], [ 760220.165903936140239, 3788086.332236974034458 ], [ 760212.48499550903216, 3788086.11926036933437 ], [ 760212.741317884530872, 3788076.874959076754749 ], [ 760235.784066525986418, 3788077.513907054904848 ], [ 760235.271375725627877, 3788096.002511208411306 ], [ 760219.909573426353745, 3788095.576538606546819 ] ], [ [ 759306.650086309760809, 3788042.543712344020605 ], [ 759306.905512804863974, 3788033.299440159462392 ], [ 759314.586419951519929, 3788033.511672572698444 ], [ 759314.841853480204009, 3788024.267400241922587 ], [ 759330.203683548257686, 3788024.691883479245007 ], [ 759330.459131693234667, 3788015.447610752657056 ], [ 759338.140054614050314, 3788015.659861576743424 ], [ 759338.650964421336539, 3787997.171315923333168 ], [ 759346.331902712117881, 3787997.383572557009757 ], [ 759346.587364374427125, 3787988.139299629721791 ], [ 759369.630203214124776, 3787988.776106604374945 ], [ 759369.374718803795986, 3787998.020380266942084 ], [ 759377.05565790773835, 3787998.232662103604525 ], [ 759377.311149901011959, 3787988.988388196565211 ], [ 759392.673043883871287, 3787989.412970282137394 ], [ 759392.41753672529012, 3787998.657244678586721 ], [ 759384.736597214592621, 3787998.444950240198523 ], [ 759384.481097089359537, 3788007.689224488567561 ], [ 759369.119233843870461, 3788007.264654025901109 ], [ 759368.863748334813863, 3788016.508927879389375 ], [ 759361.18282459944021, 3788016.296651852782816 ], [ 759360.92734612361528, 3788025.54092555725947 ], [ 759337.884598886361346, 3788024.904134548269212 ], [ 759337.629142609424889, 3788034.148407612927258 ], [ 759329.948234854149632, 3788033.936156299430877 ], [ 759329.692785610561259, 3788043.180429216474295 ], [ 759306.650086309760809, 3788042.543712344020605 ] ], [ [ 760543.534185828757472, 3788067.550008496735245 ], [ 760543.790832619182765, 3788058.305696926545352 ], [ 760551.471780155668966, 3788058.518943473231047 ], [ 760551.21512578218244, 3788067.7632552892901 ], [ 760543.534185828757472, 3788067.550008496735245 ] ], [ [ 760160.512515721376985, 3788019.918505533598363 ], [ 760161.025046044727787, 3788001.429907812736928 ], [ 760168.706021289923228, 3788001.642838104162365 ], [ 760168.193475800915621, 3788020.131436314899474 ], [ 760160.512515721376985, 3788019.918505533598363 ] ], [ [ 760659.775345407542773, 3788033.772111483383924 ], [ 760660.032103735022247, 3788024.527796605136245 ], [ 760667.713084667455405, 3788024.741136677097529 ], [ 760667.456318757031113, 3788033.985451801680028 ], [ 760659.775345407542773, 3788033.772111483383924 ] ], [ [ 760675.137292311526835, 3788034.198798420839012 ], [ 760675.394065804895945, 3788024.954483049921691 ], [ 760683.075047146063298, 3788025.167835723608732 ], [ 760682.818266069632955, 3788034.412151338998228 ], [ 760675.137292311526835, 3788034.198798420839012 ] ], [ [ 759400.353991180192679, 3787989.625270774587989 ], [ 759400.609505372005515, 3787980.380996228195727 ], [ 759408.290460454882123, 3787980.593302777502686 ], [ 759408.545981679810211, 3787971.349028081633151 ], [ 759423.907907620538026, 3787971.773659590631723 ], [ 759423.652371230185963, 3787981.017934775911272 ], [ 759415.971415741136298, 3787980.805615626741201 ], [ 759415.715886383899488, 3787990.049890662077814 ], [ 759400.353991180192679, 3787989.625270774587989 ] ], [ [ 759293.076155566610396, 3787977.409366081468761 ], [ 759294.353187499567866, 3787931.188011912163347 ], [ 759317.396158557152376, 3787931.824682175181806 ], [ 759317.14073052117601, 3787941.068953551817685 ], [ 759324.821713697398081, 3787941.28118981840089 ], [ 759324.566277529462241, 3787950.525461535900831 ], [ 759332.247253326815553, 3787950.737704346887767 ], [ 759331.736364178126678, 3787969.226248556748033 ], [ 759316.374443117761984, 3787968.801768256351352 ], [ 759316.11901288467925, 3787978.046040014829487 ], [ 759293.076155566610396, 3787977.409366081468761 ] ], [ [ 759423.907907620538026, 3787971.773659590631723 ], [ 759424.163443461293355, 3787962.529384501744062 ], [ 759416.48247280693613, 3787962.317065841052681 ], [ 759416.738000515615568, 3787953.072791093029082 ], [ 759409.057022481458262, 3787952.860478977207094 ], [ 759409.312542058061808, 3787943.61620456725359 ], [ 759432.355499518103898, 3787944.253159078769386 ], [ 759432.099957193713635, 3787953.497434223070741 ], [ 759462.823872989742085, 3787954.346796088386327 ], [ 759462.568299785256386, 3787963.591072306968272 ], [ 759447.206356645328924, 3787963.166378282941878 ], [ 759446.950798056554049, 3787972.410654107108712 ], [ 759423.907907620538026, 3787971.773659590631723 ] ], [ [ 759470.76043268549256, 3787945.314875937998295 ], [ 759471.016012373496778, 3787936.070599666330963 ], [ 759486.378002229845151, 3787936.495330022647977 ], [ 759487.144783491734415, 3787908.762500307988375 ], [ 759494.825801473110914, 3787908.974874202162027 ], [ 759494.570200686110184, 3787918.219150923192501 ], [ 759517.613233102718368, 3787918.856311141513288 ], [ 759517.357609018217772, 3787928.100588691886514 ], [ 759509.6766055917833, 3787927.888195407576859 ], [ 759509.420988540281542, 3787937.132472809404135 ], [ 759494.058997463318519, 3787936.707704650238156 ], [ 759493.803395027527586, 3787945.951981656718999 ], [ 759470.76043268549256, 3787945.314875937998295 ] ], [ [ 759340.950031362706795, 3787913.972865204326808 ], [ 759341.205480498378165, 3787904.728593379259109 ], [ 759348.886494615348056, 3787904.940847567282617 ], [ 759348.631037896964699, 3787914.185119637288153 ], [ 759340.950031362706795, 3787913.972865204326808 ] ], [ [ 760416.292927275877446, 3787943.749788333196193 ], [ 760416.805948141263798, 3787925.261176117230207 ], [ 760424.486998366424814, 3787925.47431211406365 ], [ 760425.00003219069913, 3787906.985699788667262 ], [ 760432.681097785127349, 3787907.198841593693942 ], [ 760432.937621452612802, 3787897.954535326454788 ], [ 760448.299768419237807, 3787898.380837348755449 ], [ 760448.556306700455025, 3787889.136530687101185 ], [ 760456.237388073466718, 3787889.349690902046859 ], [ 760456.493933385587297, 3787880.105384088121355 ], [ 760479.537201477214694, 3787880.744901800528169 ], [ 760479.793768985662609, 3787871.500594346318394 ], [ 760502.837061663391069, 3787872.140168026089668 ], [ 760502.580471406807192, 3787881.384476215578616 ], [ 760510.261561791412532, 3787881.597680289763957 ], [ 760509.491764962556772, 3787909.33060617512092 ], [ 760494.129629893228412, 3787908.904202856589109 ], [ 760493.873045012354851, 3787918.148511183448136 ], [ 760486.191985366400331, 3787917.935318728443235 ], [ 760485.935407516313717, 3787927.179626904428005 ], [ 760455.211201307480223, 3787926.326919104903936 ], [ 760454.954653236782178, 3787935.571226393338293 ], [ 760447.273609777563252, 3787935.358064949978143 ], [ 760447.017068738001399, 3787944.602372088469565 ], [ 760416.292927275877446, 3787943.749788333196193 ] ], [ [ 759732.937459828332067, 3787915.56158988038078 ], [ 759733.193295125849545, 3787906.317305661272258 ], [ 759740.874327201978303, 3787906.529880920425057 ], [ 759740.618484321865253, 3787915.7741653858684 ], [ 759732.937459828332067, 3787915.56158988038078 ] ], [ [ 759702.724973270203918, 3787896.222784482873976 ], [ 759702.980777136981487, 3787886.978501434903592 ], [ 759710.661823565023951, 3787887.19105100305751 ], [ 759710.40601211565081, 3787896.435334296431392 ], [ 759702.724973270203918, 3787896.222784482873976 ] ], [ [ 760617.540144081111066, 3787893.827510835137218 ], [ 760618.053552627330646, 3787875.338886980433017 ], [ 760610.37245179945603, 3787875.125594946090132 ], [ 760610.885842972202227, 3787856.636971962638199 ], [ 760633.929191564791836, 3787857.276865488383919 ], [ 760633.672473506303504, 3787866.521177670918405 ], [ 760641.353582530049607, 3787866.734488360583782 ], [ 760640.840129591757432, 3787885.223113500047475 ], [ 760648.521223653224297, 3787885.436430980917066 ], [ 760648.264488773071207, 3787894.680743941571563 ], [ 760632.902316018706188, 3787894.254114788025618 ], [ 760633.159035733435303, 3787885.00980231910944 ], [ 760625.477942079422064, 3787884.796497439034283 ], [ 760625.221229947404936, 3787894.040809660684317 ], [ 760617.540144081111066, 3787893.827510835137218 ] ], [ [ 759559.3418471342884, 3787799.742755454499274 ], [ 759560.108808386139572, 3787772.009923424106091 ], [ 759567.789941935101524, 3787772.222350346390158 ], [ 759568.045602168422192, 3787762.978072948753834 ], [ 759560.364461036981083, 3787762.76564627001062 ], [ 759560.875764689757489, 3787744.277092250529677 ], [ 759583.91923418873921, 3787744.914389715064317 ], [ 759584.174907937180251, 3787735.670112113002688 ], [ 759607.218402015394531, 3787736.307465544901788 ], [ 759607.4740979608614, 3787727.063187304884195 ], [ 759615.15527064318303, 3787727.27565080486238 ], [ 759614.899567115469836, 3787736.519929288886487 ], [ 759622.580732418573461, 3787736.732399333268404 ], [ 759622.836443528532982, 3787727.488120603375137 ], [ 759638.198789911111817, 3787727.913079103454947 ], [ 759638.454515635850839, 3787718.668799976818264 ], [ 759661.498059482430108, 3787719.306284243706614 ], [ 759661.242311011068523, 3787728.550564103759825 ], [ 759645.879963406827301, 3787728.125567803159356 ], [ 759645.624229549895972, 3787737.369847268331796 ], [ 759653.305395667906851, 3787737.58234251383692 ], [ 759653.049653678899631, 3787746.826622319873422 ], [ 759630.00617868360132, 3787746.189154750201851 ], [ 759629.49473854934331, 3787764.677713179495186 ], [ 759621.813595789019018, 3787764.465236100368202 ], [ 759621.046454210183583, 3787792.198073724284768 ], [ 759613.365334401139989, 3787791.985602209810168 ], [ 759613.109627024037763, 3787801.22988136485219 ], [ 759559.3418471342884, 3787799.742755454499274 ] ], [ [ 760888.947945625404827, 3787808.853516945615411 ], [ 760889.204910045024008, 3787799.609197308775038 ], [ 760896.886086477199569, 3787799.822713945060968 ], [ 760896.629114474984817, 3787809.067033827770501 ], [ 760888.947945625404827, 3787808.853516945615411 ] ], [ [ 760343.841905885841697, 3787784.465620058588684 ], [ 760344.098331391927786, 3787775.221317978110164 ], [ 760351.779500896460377, 3787775.43438704079017 ], [ 760351.523067807778716, 3787784.678689364809543 ], [ 760343.841905885841697, 3787784.465620058588684 ] ], [ [ 760698.459431704133749, 3787748.05176307214424 ], [ 760698.716203245450743, 3787738.807450159452856 ], [ 760683.353770229266956, 3787738.3807537634857 ], [ 760683.867281325510703, 3787719.892129207029939 ], [ 760706.910976651706733, 3787720.532181775663048 ], [ 760706.654198632226326, 3787729.776494744699448 ], [ 760714.335423233686015, 3787729.989858447574079 ], [ 760713.821850373176858, 3787748.478485161904246 ], [ 760698.459431704133749, 3787748.05176307214424 ] ], [ [ 760064.24958311393857, 3787610.189225526992232 ], [ 760065.017986580962315, 3787582.456351976376027 ], [ 760088.061927996575832, 3787583.094863998237997 ], [ 760088.318084130180068, 3787573.850572268478572 ], [ 760103.680727924453095, 3787574.276277959812433 ], [ 760103.424556626821868, 3787583.520570179913193 ], [ 760118.787186073372141, 3787583.946301563177258 ], [ 760118.530999060487375, 3787593.19059437001124 ], [ 760110.849691817304119, 3787592.977725283242762 ], [ 760110.593511835671961, 3787602.222017939668149 ], [ 760079.868315231637098, 3787601.370603611227125 ], [ 760079.612165027647279, 3787610.614895380567759 ], [ 760064.24958311393857, 3787610.189225526992232 ] ] ] } },
{ "type": "Feature", "properties": { "Code": 20, "type": "foret_claire" }, "geometry": { "type": "Polygon", "coordinates": [ [ [ 760464.95961918856483, 3787575.043312679044902 ], [ 760465.216145743150264, 3787565.799009102862328 ], [ 760472.897492704796605, 3787566.012167015578598 ], [ 760472.64095856808126, 3787575.256470837630332 ], [ 760464.95961918856483, 3787575.043312679044902 ] ] ] } },
{ "type": "Feature", "properties": { "Code": 50, "type": "urbain" }, "geometry": { "type": "Polygon", "coordinates": [ [ [ 760472.64095856808126, 3787575.256470837630332 ], [ 760472.897492704796605, 3787566.012167015578598 ], [ 760480.578839870286174, 3787566.225331228226423 ], [ 760480.322298151440918, 3787575.469635296147317 ], [ 760472.64095856808126, 3787575.256470837630332 ] ] ] } },
{ "type": "Feature", "properties": { "Code": 20, "type": "foret_claire" }, "geometry": { "type": "Polygon", "coordinates": [ [ [ 760480.322298151440918, 3787575.469635296147317 ], [ 760480.578839870286174, 3787566.225331228226423 ], [ 760488.260187240433879, 3787566.438501741271466 ], [ 760488.003637939575128, 3787575.682806054595858 ], [ 760480.322298151440918, 3787575.469635296147317 ] ] ] } },
{ "type": "Feature", "properties": { "Code": 30, "type": "prairie" }, "geometry": { "type": "Polygon", "coordinates": [ [ [ 760488.003637939575128, 3787575.682806054595858 ], [ 760488.260187240433879, 3787566.438501741271466 ], [ 760542.029624550952576, 3787567.930871739983559 ], [ 760541.77302217495162, 3787577.17517777485773 ], [ 760488.003637939575128, 3787575.682806054595858 ] ] ] } }
]
}
